Model,Pathway_KEGG_ID,entry_id,Gene,graphics_name,x,y,width,height,x1,y1,x2,y2
Mus musculus,hsa00010,117,PCK1,"PCK1, PCKDC, PEPCK-C, PEPCK1, PEPCKC...",239,726,46,17,216,718,262,734
Mus musculus,hsa00010,117,PCK2,"PCK1, PCKDC, PEPCK-C, PEPCK1, PEPCKC...",239,726,46,17,216,718,262,734
Mus musculus,hsa00010,18,ALDOA,"ALDOA, ALDA, GSD12, HEL-S-87p...",483,407,46,17,460,398,506,416
Mus musculus,hsa00010,18,ALDOB,"ALDOA, ALDA, GSD12, HEL-S-87p...",483,407,46,17,460,398,506,416
Mus musculus,hsa00010,42,ALDH1B1,"ALDH2, ALDH-E2, ALDHI, ALDM...",284,948,46,17,261,940,307,956
Mus musculus,hsa00010,42,ALDH3A2,"ALDH2, ALDH-E2, ALDHI, ALDM...",284,948,46,17,261,940,307,956
Mus musculus,hsa00010,42,ALDH7A1,"ALDH2, ALDH-E2, ALDHI, ALDM...",284,948,46,17,261,940,307,956
Mus musculus,hsa00010,52,PDHA1,"PDHA1, E1alpha, PDHA, PDHAD, PDHCE1A, PHE1A...",431,858,46,17,408,850,454,866
Mus musculus,hsa00010,52,PDHA2,"PDHA1, E1alpha, PDHA, PDHAD, PDHCE1A, PHE1A...",431,858,46,17,408,850,454,866
Mus musculus,hsa00010,52,PDHB,"PDHA1, E1alpha, PDHA, PDHAD, PDHCE1A, PHE1A...",431,858,46,17,408,850,454,866
Mus musculus,hsa00010,53,PDHA1,"PDHA1, E1alpha, PDHA, PDHAD, PDHCE1A, PHE1A...",319,870,46,17,296,862,342,878
Mus musculus,hsa00010,53,PDHA2,"PDHA1, E1alpha, PDHA, PDHAD, PDHCE1A, PHE1A...",319,870,46,17,296,862,342,878
Mus musculus,hsa00010,53,PDHB,"PDHA1, E1alpha, PDHA, PDHAD, PDHCE1A, PHE1A...",319,870,46,17,296,862,342,878
Mus musculus,hsa00010,54,DLAT,"DLAT, DLTA, E2, PBC, PDC-E2, PDCE2",210,870,46,17,187,862,233,878
Mus musculus,hsa00010,55,LDHA,"LDHAL6A, LDH6A...",579,869,46,17,556,860,602,878
Mus musculus,hsa00010,55,LDHB,"LDHAL6A, LDH6A...",579,869,46,17,556,860,602,878
Mus musculus,hsa00010,57,PKLR,"PKLR, CNSHA2, PK1, PKL, PKRL, RPK...",483,771,46,17,460,762,506,780
Mus musculus,hsa00010,59,ENO3,"ENO1, ENO1-IT1, ENO1L1, HEL-S-17, MPB1, NNE, PPH...",483,701,46,17,460,692,506,710
Mus musculus,hsa00010,60,PGAM2,"PGAM4, PGAM-B, PGAM1, PGAM3, dJ1000K24.1...",458,632,46,17,435,624,481,640
Mus musculus,hsa00010,62,TPI1,"TPI1, HEL-S-49, TIM, TPI, TPID",386,449,46,17,363,440,409,458
Mus musculus,hsa00010,63,PFKM,"PFKL, ATP-PFK, PFK-B, PFK-L...",458,339,46,17,435,330,481,348
Mus musculus,hsa00010,64,FBP1,"FBP1, FBP...",408,339,46,17,385,330,431,348
Mus musculus,hsa00010,64,FBP2,"FBP1, FBP...",408,339,46,17,385,330,431,348
Mus musculus,hsa00010,66,GPI,"GPI, AMF, CNSHA4, GNPI, NLK, PGI, PHI, SA-36, SA36",483,268,46,17,460,260,506,276
Mus musculus,hsa00010,67,PGM1,"PGM1, CDG1T, GSD14...",483,178,46,17,460,170,506,186
Mus musculus,hsa00010,69,HK1,"HK1, CNSHA5, HK, HK1-ta, HK1-tb, HK1-tc, HKD, HKI, HMSNR, HXK1, NEDVIBA, NMSR, RP79, hexokinase...",219,293,46,17,196,284,242,302
Mus musculus,hsa00010,70,GCK,"GCK, FGQTL3, GK, GLK, HHF3, HK4, HKIV, HXKP, LGLK, MODY2, PNDM1",219,314,46,17,196,306,242,322
Mus musculus,hsa00010,71,GPI,"GPI, AMF, CNSHA4, GNPI, NLK, PGI, PHI, SA-36, SA36",349,268,46,17,326,260,372,276
Mus musculus,hsa00010,73,GALM,"GALM, BLOCK25, GALAC4, GLAT, HEL-S-63p, IBD1",173,268,46,17,150,260,196,276
Mus musculus,hsa00010,74,GCK,"GCK, FGQTL3, GK, GLK, HHF3, HK4, HKIV, HXKP, LGLK, MODY2, PNDM1",219,239,46,17,196,230,242,248
Mus musculus,hsa00010,75,HK1,"HK1, CNSHA5, HK, HK1-ta, HK1-tb, HK1-tc, HKD, HKI, HMSNR, HXK1, NEDVIBA, NMSR, RP79, hexokinase...",219,218,46,17,196,210,242,226
Mus musculus,hsa00010,76,G6PC3,"G6PC1, G6PC, G6PT, G6Pase, GSD1, GSD1a...",322,193,46,17,299,184,345,202
Mus musculus,hsa00010,79,DLD,"DLD, DLDD, DLDH, E3, GCSL, LAD, OGDC-E3, PHE3",262,913,46,17,239,904,285,922
Mus musculus,hsa00010,80,PGK1,"PGK1, HEL-S-68p, MIG10, PGKA...",483,557,46,17,460,548,506,566
Mus musculus,hsa00020,107,SDHA,"SDHA, CMD1GG, FP, MC2DN1, NDAXOA, PGL5, PPGL5, SDH1, SDH2, SDHF...",165,535,46,17,142,526,188,544
Mus musculus,hsa00020,107,SDHB,"SDHA, CMD1GG, FP, MC2DN1, NDAXOA, PGL5, PPGL5, SDH1, SDH2, SDHF...",165,535,46,17,142,526,188,544
Mus musculus,hsa00020,107,SDHC,"SDHA, CMD1GG, FP, MC2DN1, NDAXOA, PGL5, PPGL5, SDH1, SDH2, SDHF...",165,535,46,17,142,526,188,544
Mus musculus,hsa00020,107,SDHD,"SDHA, CMD1GG, FP, MC2DN1, NDAXOA, PGL5, PPGL5, SDH1, SDH2, SDHF...",165,535,46,17,142,526,188,544
Mus musculus,hsa00020,33,DLD,"DLD, DLDD, DLDH, E3, GCSL, LAD, OGDC-E3, PHE3",467,623,46,17,444,614,490,632
Mus musculus,hsa00020,34,OGDH,"OGDH, AKGDH, E1k, E1o, KGD1, OGDC, OGDH-E1, OGDH2, OGDHD...",661,579,46,17,638,570,684,588
Mus musculus,hsa00020,34,OGDHL,"OGDH, AKGDH, E1k, E1o, KGD1, OGDC, OGDH-E1, OGDH2, OGDHD...",661,579,46,17,638,570,684,588
Mus musculus,hsa00020,35,OGDH,"OGDH, AKGDH, E1k, E1o, KGD1, OGDC, OGDH-E1, OGDH2, OGDHD...",530,580,46,17,507,572,553,588
Mus musculus,hsa00020,35,OGDHL,"OGDH, AKGDH, E1k, E1o, KGD1, OGDC, OGDH-E1, OGDH2, OGDHD...",530,580,46,17,507,572,553,588
Mus musculus,hsa00020,36,DLST,"DLST, DLTS, KGD2, PGL7, PPGL7",403,579,46,17,380,570,426,588
Mus musculus,hsa00020,37,SUCLA2,"SUCLG2, G-SCS, GBETA, GTPSCS...",260,579,46,17,237,570,283,588
Mus musculus,hsa00020,37,SUCLG1,"SUCLG2, G-SCS, GBETA, GTPSCS...",260,579,46,17,237,570,283,588
Mus musculus,hsa00020,38,SUCLA2,"SUCLG2, G-SCS, GBETA, GTPSCS...",260,560,46,17,237,552,283,568
Mus musculus,hsa00020,38,SUCLG1,"SUCLG2, G-SCS, GBETA, GTPSCS...",260,560,46,17,237,552,283,568
Mus musculus,hsa00020,39,IDH1,"IDH1, HEL-216, HEL-S-26, IDCD, IDH, IDP, IDPC, PICD...",718,510,46,17,695,502,741,518
Mus musculus,hsa00020,39,IDH2,"IDH1, HEL-216, HEL-S-26, IDCD, IDH, IDP, IDPC, PICD...",718,510,46,17,695,502,741,518
Mus musculus,hsa00020,40,IDH3A,"IDH3A, RP90...",766,463,46,17,743,454,789,472
Mus musculus,hsa00020,40,IDH3B,"IDH3A, RP90...",766,463,46,17,743,454,789,472
Mus musculus,hsa00020,40,IDH3G,"IDH3A, RP90...",766,463,46,17,743,454,789,472
Mus musculus,hsa00020,41,IDH1,"IDH1, HEL-216, HEL-S-26, IDCD, IDH, IDP, IDPC, PICD...",718,405,46,17,695,396,741,414
Mus musculus,hsa00020,41,IDH2,"IDH1, HEL-216, HEL-S-26, IDCD, IDH, IDP, IDPC, PICD...",718,405,46,17,695,396,741,414
Mus musculus,hsa00020,43,FH,"FH, FMRD, HLRCC, HsFH, LRCC, MCL, MCUL1",191,441,46,17,168,432,214,450
Mus musculus,hsa00020,44,ACO2,"ACO1, ACONS, HEL60, IREB1, IREBP, IREBP1, IRP1...",670,350,46,17,647,342,693,358
Mus musculus,hsa00020,45,ACO2,"ACO1, ACONS, HEL60, IREB1, IREBP, IREBP1, IRP1...",571,350,46,17,548,342,594,358
Mus musculus,hsa00020,47,MDH1,"MDH1, DEE88, EIEE88, HEL-S-32, KAR, MDH-s, MDHA, MGC:1375, MOR2...",253,349,46,17,230,340,276,358
Mus musculus,hsa00020,47,MDH2,"MDH1, DEE88, EIEE88, HEL-S-32, KAR, MDH-s, MDHA, MGC:1375, MOR2...",253,349,46,17,230,340,276,358
Mus musculus,hsa00020,48,PC,"PC, PCB",736,278,46,17,713,270,759,286
Mus musculus,hsa00020,84,PDHA1,"PDHA1, E1alpha, PDHA, PDHAD, PDHCE1A, PHE1A...",681,241,46,17,658,232,704,250
Mus musculus,hsa00020,84,PDHA2,"PDHA1, E1alpha, PDHA, PDHAD, PDHCE1A, PHE1A...",681,241,46,17,658,232,704,250
Mus musculus,hsa00020,84,PDHB,"PDHA1, E1alpha, PDHA, PDHAD, PDHCE1A, PHE1A...",681,241,46,17,658,232,704,250
Mus musculus,hsa00020,86,PDHA1,"PDHA1, E1alpha, PDHA, PDHAD, PDHCE1A, PHE1A...",577,241,46,17,554,232,600,250
Mus musculus,hsa00020,86,PDHA2,"PDHA1, E1alpha, PDHA, PDHAD, PDHCE1A, PHE1A...",577,241,46,17,554,232,600,250
Mus musculus,hsa00020,86,PDHB,"PDHA1, E1alpha, PDHA, PDHAD, PDHCE1A, PHE1A...",577,241,46,17,554,232,600,250
Mus musculus,hsa00020,89,DLD,"DLD, DLDD, DLDH, E3, GCSL, LAD, OGDC-E3, PHE3",524,285,46,17,501,276,547,294
Mus musculus,hsa00020,91,DLAT,"DLAT, DLTA, E2, PBC, PDC-E2, PDCE2",459,242,46,17,436,234,482,250
Mus musculus,hsa00020,97,PCK1,"PCK1, PCKDC, PEPCK-C, PEPCK1, PEPCKC...",371,105,46,17,348,96,394,114
Mus musculus,hsa00020,97,PCK2,"PCK1, PCKDC, PEPCK-C, PEPCK1, PEPCKC...",371,105,46,17,348,96,394,114
Mus musculus,hsa00030,110,H6PD,"H6PD, CORTRD1, G6PDH, GDH, H6PDH",372,297,46,17,349,288,395,306
Mus musculus,hsa00030,176,G6PD,"G6PD, CNSHA1, G6PD1",261,340,46,17,238,332,284,348
Mus musculus,hsa00030,193,SHPK,"SHPK, CARKL, SHK",356,671,46,17,333,662,379,680
Mus musculus,hsa00030,42,GPI,"GPI, AMF, CNSHA4, GNPI, NLK, PGI, PHI, SA-36, SA36",207,365,46,17,184,356,230,374
Mus musculus,hsa00030,48,PRPS1,"PRPS1L1, PRPS1, PRPS3, PRPSL, PRS-III...",536,613,46,17,513,604,559,622
Mus musculus,hsa00030,51,TKT,"TKT, HEL-S-48, HEL107, SDDHD, TK, TKT1...",416,588,46,17,393,580,439,596
Mus musculus,hsa00030,52,RPIA,"RPIA, RPI, RPIAD",535,513,46,17,512,504,558,522
Mus musculus,hsa00030,54,TKT,"TKT, HEL-S-48, HEL107, SDDHD, TK, TKT1...",311,474,46,17,288,466,334,482
Mus musculus,hsa00030,55,ALDOA,"ALDOA, ALDA, GSD12, HEL-S-87p...",207,607,46,17,184,598,230,616
Mus musculus,hsa00030,55,ALDOB,"ALDOA, ALDA, GSD12, HEL-S-87p...",207,607,46,17,184,598,230,616
Mus musculus,hsa00030,56,PFKM,"PFKL, ATP-PFK, PFK-B, PFK-L...",182,525,46,17,159,516,205,534
Mus musculus,hsa00030,57,FBP1,"FBP1, FBP...",146,504,46,17,123,496,169,512
Mus musculus,hsa00030,57,FBP2,"FBP1, FBP...",146,504,46,17,123,496,169,512
Mus musculus,hsa00030,58,GPI,"GPI, AMF, CNSHA4, GNPI, NLK, PGI, PHI, SA-36, SA36",207,439,46,17,184,430,230,448
Mus musculus,hsa00030,63,G6PD,"G6PD, CNSHA1, G6PD1",286,319,46,17,263,310,309,328
Mus musculus,hsa00030,82,TALDO1,"TALDO1, TAL, TAL-H, TALDOR, TALH",357,565,46,17,334,556,380,574
Mus musculus,hsa00030,83,PGM1,"PGM1, CDG1T, GSD14...",615,590,46,17,592,582,638,598
Mus musculus,hsa00030,98,GLYCTK,"GLYCTK, HBEBP2, HBEBP4, HBeAgBP4A",975,156,46,17,952,148,998,164
Mus musculus,hsa00040,100,UGP2,"UGP2, DEE83, EIEE83, SVUGP2, UDPG, UDPGP, UDPGP2, UGP1, UGPP1, UGPP2, pHC379",117,576,46,17,94,568,140,584
Mus musculus,hsa00040,101,UGT1A1,UGT2B11...,361,621,46,17,338,612,384,630
Mus musculus,hsa00040,102,UGDH,"UGDH, DEE84, EIEE84, GDH, UDP-GlcDH, UDPGDH, UGD",241,576,46,17,218,568,264,584
Mus musculus,hsa00040,215,SORD,"SORD, HEL-S-95n, HMNR8, RDH, SDH, SORD1, SORDD, XDH",455,885,46,17,432,876,478,894
Mus musculus,hsa00040,71,GUSB,"GUSB, BG, MPS7...",486,621,46,17,463,612,509,630
Mus musculus,hsa00040,81,CRPPA,"CRPPA, ISPD, LGMDR20, MDDGA7, MDDGC7, Nip, hISPD",703,1070,46,17,680,1062,726,1078
Mus musculus,hsa00040,95,DCXR,"DCXR, DCR, HCR2, HCRII, KIDCR, P34H, PNTSU, SDR20C1, XR",513,836,46,17,490,828,536,844
Mus musculus,hsa00051,100,ALDOA,"ALDOA, ALDA, GSD12, HEL-S-87p...",638,1007,46,17,615,998,661,1016
Mus musculus,hsa00051,100,ALDOB,"ALDOA, ALDA, GSD12, HEL-S-87p...",638,1007,46,17,615,998,661,1016
Mus musculus,hsa00051,101,TKFC,"TKFC, DAK, NET45, TKFCD",999,756,46,17,976,748,1022,764
Mus musculus,hsa00051,102,ALDOA,"ALDOA, ALDA, GSD12, HEL-S-87p...",945,611,46,17,922,602,968,620
Mus musculus,hsa00051,102,ALDOB,"ALDOA, ALDA, GSD12, HEL-S-87p...",945,611,46,17,922,602,968,620
Mus musculus,hsa00051,111,FBP1,"FBP1, FBP...",901,436,46,17,878,428,924,444
Mus musculus,hsa00051,111,FBP2,"FBP1, FBP...",901,436,46,17,878,428,924,444
Mus musculus,hsa00051,123,FCSK,"FCSK, 1110046B12Rik, CDGF2, FUK",333,701,46,17,310,692,356,710
Mus musculus,hsa00051,64,SORD,"SORD, HEL-S-95n, HMNR8, RDH, SDH, SORD1, SORDD, XDH",221,206,46,17,198,198,244,214
Mus musculus,hsa00051,66,KHK,"KHK, FRUCTU",333,1003,46,17,310,994,356,1012
Mus musculus,hsa00051,76,HK1,"HK1, CNSHA5, HK, HK1-ta, HK1-tb, HK1-tc, HKD, HKI, HMSNR, HXK1, NEDVIBA, NMSR, RP79, hexokinase...",333,341,46,17,310,332,356,350
Mus musculus,hsa00051,79,HK1,"HK1, CNSHA5, HK, HK1-ta, HK1-tb, HK1-tc, HKD, HKI, HMSNR, HXK1, NEDVIBA, NMSR, RP79, hexokinase...",496,300,46,17,473,292,519,308
Mus musculus,hsa00051,84,MPI,"MPI, CDG1B, PMI, PMI1",705,342,46,17,682,334,728,350
Mus musculus,hsa00051,85,PMM2,"PMM1, PMM 1, PMMH-22, Sec53...",420,373,46,17,397,364,443,382
Mus musculus,hsa00051,88,GFUS,"GFUS, FX, P35B, SDR4E1, TSTA3",420,601,46,17,397,592,443,610
Mus musculus,hsa00051,90,GMPPA,"GMPPB, LGMDR19, MDDGA14, MDDGB14, MDDGC14...",395,444,46,17,372,436,418,452
Mus musculus,hsa00051,90,GMPPB,"GMPPB, LGMDR19, MDDGA14, MDDGB14, MDDGC14...",395,444,46,17,372,436,418,452
Mus musculus,hsa00051,94,PFKM,"PFKL, ATP-PFK, PFK-B, PFK-L...",986,436,46,17,963,428,1009,444
Mus musculus,hsa00051,99,TPI1,"TPI1, HEL-S-49, TIM, TPI, TPID",945,705,46,17,922,696,968,714
Mus musculus,hsa00052,101,G6PC3,"G6PC1, G6PC, G6PT, G6Pase, GSD1, GSD1a...",407,457,46,17,384,448,430,466
Mus musculus,hsa00052,117,GLA,"GLA, GALA",686,657,46,17,663,648,709,666
Mus musculus,hsa00052,163,SI,SI,790,503,46,17,767,494,813,512
Mus musculus,hsa00052,179,GALK1,"GALK1, GALK, GK1, HEL-S-19",223,306,46,17,200,298,246,314
Mus musculus,hsa00052,180,GALM,"GALM, BLOCK25, GALAC4, GLAT, HEL-S-63p, IBD1",141,306,46,17,118,298,164,314
Mus musculus,hsa00052,57,GLA,"GLA, GALA",570,520,46,17,547,512,593,528
Mus musculus,hsa00052,59,PFKM,"PFKL, ATP-PFK, PFK-B, PFK-L...",957,563,46,17,934,554,980,572
Mus musculus,hsa00052,63,GLA,"GLA, GALA",606,612,46,17,583,604,629,620
Mus musculus,hsa00052,66,GAA,"GAA, LYAG...",740,503,46,17,717,494,763,512
Mus musculus,hsa00052,67,GLA,"GLA, GALA",718,449,46,17,695,440,741,458
Mus musculus,hsa00052,71,GLA,"GLA, GALA",159,764,46,17,136,756,182,772
Mus musculus,hsa00052,72,GLA,"GLA, GALA",158,686,46,17,135,678,181,694
Mus musculus,hsa00052,73,GLA,"GLA, GALA",157,610,46,17,134,602,180,618
Mus musculus,hsa00052,74,GLA,"GLA, GALA",156,534,46,17,133,526,179,542
Mus musculus,hsa00052,75,GCK,"GCK, FGQTL3, GK, GLK, HHF3, HK4, HKIV, HXKP, LGLK, MODY2, PNDM1",407,500,46,17,384,492,430,508
Mus musculus,hsa00052,76,HK1,"HK1, CNSHA5, HK, HK1-ta, HK1-tb, HK1-tc, HKD, HKI, HMSNR, HXK1, NEDVIBA, NMSR, RP79, hexokinase...",407,479,46,17,384,470,430,488
Mus musculus,hsa00052,77,LCT,"LCT, LAC, LPH, LPH1",186,439,46,17,163,430,209,448
Mus musculus,hsa00052,78,GLB1,"GLB1, EBP, ELNR1, MPS4B",186,418,46,17,163,410,209,426
Mus musculus,hsa00052,79,PGM1,"PGM1, CDG1T, GSD14...",484,415,46,17,461,406,507,424
Mus musculus,hsa00052,80,B4GALT1,"B4GALT1, B4GAL-T1, CDG2D, CLDLFIB, GGTB2, GT1, GTB, beta4Gal-T1...",317,429,46,17,294,420,340,438
Mus musculus,hsa00052,81,GALE,"GALE, SDR1E1, THC13",524,306,46,17,501,298,547,314
Mus musculus,hsa00052,82,UGP2,"UGP2, DEE83, EIEE83, SVUGP2, UDPG, UDPGP, UDPGP2, UGP1, UGPP1, UGPP2, pHC379",483,269,46,17,460,260,506,278
Mus musculus,hsa00052,84,GALT,GALT,332,306,46,17,309,298,355,314
Mus musculus,hsa00053,196,UGT1A1,UGT2B11...,267,134,46,17,244,126,290,142
Mus musculus,hsa00053,197,GUSB,"GUSB, BG, MPS7...",394,135,46,17,371,126,417,144
Mus musculus,hsa00053,39,UGDH,"UGDH, DEE84, EIEE84, GDH, UDP-GlcDH, UDPGDH, UGD",191,229,46,17,168,220,214,238
Mus musculus,hsa00053,70,UGT1A1,UGT2B11...,325,164,46,17,302,156,348,172
Mus musculus,hsa00053,77,ALDH1B1,"ALDH2, ALDH-E2, ALDHI, ALDM...",721,194,46,17,698,186,744,202
Mus musculus,hsa00053,77,ALDH3A2,"ALDH2, ALDH-E2, ALDHI, ALDM...",721,194,46,17,698,186,744,202
Mus musculus,hsa00053,77,ALDH7A1,"ALDH2, ALDH-E2, ALDHI, ALDM...",721,194,46,17,698,186,744,202
Mus musculus,hsa00061,155,MCAT,"MCAT, FASN2C, MCT, MCT1, MT, NET62, OPA15, fabD",300,227,46,17,277,218,323,236
Mus musculus,hsa00061,161,ACACA,"ACACA, ACAC, ACACAD, ACACalpha, ACC, ACC1, ACCA, ACCalpha, Acac1, hACC1...",275,147,46,17,252,138,298,156
Mus musculus,hsa00061,161,ACACB,"ACACA, ACAC, ACACAD, ACACalpha, ACC, ACC1, ACCA, ACCalpha, Acac1, hACC1...",275,147,46,17,252,138,298,156
Mus musculus,hsa00061,309,ACSL4,"ACSL1, ACS1, FACL1, FACL2, LACS, LACS1, LACS2...",1012,829,46,17,989,820,1035,838
Mus musculus,hsa00061,317,ACSF3,ACSF3,342,147,46,17,319,138,365,156
Mus musculus,hsa00061,318,MECR,"MECR, CGI-63, DYTOABG, ETR1, FASN2B, NRBF1, OPA16",187,666,46,17,164,658,210,674
Mus musculus,hsa00061,324,MECR,"MECR, CGI-63, DYTOABG, ETR1, FASN2B, NRBF1, OPA16",328,666,46,17,305,658,351,674
Mus musculus,hsa00061,325,MECR,"MECR, CGI-63, DYTOABG, ETR1, FASN2B, NRBF1, OPA16",470,666,46,17,447,658,493,674
Mus musculus,hsa00061,326,MECR,"MECR, CGI-63, DYTOABG, ETR1, FASN2B, NRBF1, OPA16",612,666,46,17,589,658,635,674
Mus musculus,hsa00061,327,MECR,"MECR, CGI-63, DYTOABG, ETR1, FASN2B, NRBF1, OPA16",754,666,46,17,731,658,777,674
Mus musculus,hsa00061,328,MECR,"MECR, CGI-63, DYTOABG, ETR1, FASN2B, NRBF1, OPA16",895,666,46,17,872,658,918,674
Mus musculus,hsa00061,329,MECR,"MECR, CGI-63, DYTOABG, ETR1, FASN2B, NRBF1, OPA16",1037,666,46,17,1014,658,1060,674
Mus musculus,hsa00061,377,MECR,"MECR, CGI-63, DYTOABG, ETR1, FASN2B, NRBF1, OPA16",957,1415,46,17,934,1406,980,1424
Mus musculus,hsa00061,380,ACSF3,ACSF3,1018,1086,46,17,995,1078,1041,1094
Mus musculus,hsa00061,403,ACSL4,"ACSL1, ACS1, FACL1, FACL2, LACS, LACS1, LACS2...",308,1540,46,17,285,1532,331,1548
Mus musculus,hsa00061,411,ACSL4,"ACSL1, ACS1, FACL1, FACL2, LACS, LACS1, LACS2...",677,1540,46,17,654,1532,700,1548
Mus musculus,hsa00061,418,MCAT,"MCAT, FASN2C, MCT, MCT1, MT, NET62, OPA15, fabD",677,1124,46,17,654,1116,700,1132
Mus musculus,hsa00061,421,MCAT,"MCAT, FASN2C, MCT, MCT1, MT, NET62, OPA15, fabD",957,1124,46,17,934,1116,980,1132
Mus musculus,hsa00061,428,ACACA,"ACACA, ACAC, ACACAD, ACACalpha, ACC, ACC1, ACCA, ACCalpha, Acac1, hACC1",370,1054,46,17,347,1046,393,1062
Mus musculus,hsa00061,429,ACACA,"ACACA, ACAC, ACACAD, ACACalpha, ACC, ACC1, ACCA, ACCalpha, Acac1, hACC1",677,1054,46,17,654,1046,700,1062
Mus musculus,hsa00061,430,ACACA,"ACACA, ACAC, ACACAD, ACACalpha, ACC, ACC1, ACCA, ACCalpha, Acac1, hACC1",957,1054,46,17,934,1046,980,1062
Mus musculus,hsa00062,116,TECR,"TECR, GPSN2, MRT14, SC2, TER",551,1001,46,17,528,992,574,1010
Mus musculus,hsa00062,117,HACD1,"HACD2, PTPLB...",551,923,46,17,528,914,574,932
Mus musculus,hsa00062,123,ECHS1,"ECHS1, ECHS1D, SCEH, mECH, mECH1...",189,923,46,17,166,914,212,932
Mus musculus,hsa00062,123,HADHA,"ECHS1, ECHS1D, SCEH, mECH, mECH1...",189,923,46,17,166,914,212,932
Mus musculus,hsa00062,124,HADH,"HADH, HAD, HADH1, HADHSC, HCDH, HHF4, MSCHAD, SCHAD",189,843,46,17,166,834,212,852
Mus musculus,hsa00062,125,HADHB,"ACAA2, DSAEC, T1...",214,768,46,17,191,760,237,776
Mus musculus,hsa00062,135,MECR,"MECR, CGI-63, DYTOABG, ETR1, FASN2B, NRBF1, OPA16",189,1001,46,17,166,992,212,1010
Mus musculus,hsa00062,136,HADHA,"HADHA, ECHA, GBP, HADH, LCEH, LCHAD, MTPA, TP-ALPHA",239,843,46,17,216,834,262,852
Mus musculus,hsa00062,142,PPT1,"PPT1, CLN1, INCL, PPT...",215,1081,46,17,192,1072,238,1090
Mus musculus,hsa00062,149,ELOVL1,"ELOVL2, SSC2...",552,768,46,17,529,760,575,776
Mus musculus,hsa00062,149,ELOVL4,"ELOVL2, SSC2...",552,768,46,17,529,760,575,776
Mus musculus,hsa00062,149,ELOVL5,"ELOVL2, SSC2...",552,768,46,17,529,760,575,776
Mus musculus,hsa00062,31,PPT1,"PPT1, CLN1, INCL, PPT...",836,539,46,17,813,530,859,548
Mus musculus,hsa00062,32,MECR,"MECR, CGI-63, DYTOABG, ETR1, FASN2B, NRBF1, OPA16",810,451,46,17,787,442,833,460
Mus musculus,hsa00062,33,ECHS1,"ECHS1, ECHS1D, SCEH, mECH, mECH1...",810,370,46,17,787,362,833,378
Mus musculus,hsa00062,33,HADHA,"ECHS1, ECHS1D, SCEH, mECH, mECH1...",810,370,46,17,787,362,833,378
Mus musculus,hsa00062,34,HADHA,"HADHA, ECHA, GBP, HADH, LCEH, LCHAD, MTPA, TP-ALPHA",835,285,46,17,812,276,858,294
Mus musculus,hsa00062,35,HADHB,"ACAA2, DSAEC, T1...",835,204,46,17,812,196,858,212
Mus musculus,hsa00062,36,MECR,"MECR, CGI-63, DYTOABG, ETR1, FASN2B, NRBF1, OPA16",668,451,46,17,645,442,691,460
Mus musculus,hsa00062,37,ECHS1,"ECHS1, ECHS1D, SCEH, mECH, mECH1...",668,370,46,17,645,362,691,378
Mus musculus,hsa00062,37,HADHA,"ECHS1, ECHS1D, SCEH, mECH, mECH1...",668,370,46,17,645,362,691,378
Mus musculus,hsa00062,38,HADHA,"HADHA, ECHA, GBP, HADH, LCEH, LCHAD, MTPA, TP-ALPHA",694,285,46,17,671,276,717,294
Mus musculus,hsa00062,39,HADHB,"ACAA2, DSAEC, T1...",694,204,46,17,671,196,717,212
Mus musculus,hsa00062,40,MECR,"MECR, CGI-63, DYTOABG, ETR1, FASN2B, NRBF1, OPA16",527,451,46,17,504,442,550,460
Mus musculus,hsa00062,41,ECHS1,"ECHS1, ECHS1D, SCEH, mECH, mECH1...",527,370,46,17,504,362,550,378
Mus musculus,hsa00062,41,HADHA,"ECHS1, ECHS1D, SCEH, mECH, mECH1...",527,370,46,17,504,362,550,378
Mus musculus,hsa00062,42,HADHA,"HADHA, ECHA, GBP, HADH, LCEH, LCHAD, MTPA, TP-ALPHA",552,285,46,17,529,276,575,294
Mus musculus,hsa00062,43,HADHB,"ACAA2, DSAEC, T1...",553,204,46,17,530,196,576,212
Mus musculus,hsa00062,44,MECR,"MECR, CGI-63, DYTOABG, ETR1, FASN2B, NRBF1, OPA16",385,451,46,17,362,442,408,460
Mus musculus,hsa00062,45,ECHS1,"ECHS1, ECHS1D, SCEH, mECH, mECH1...",385,370,46,17,362,362,408,378
Mus musculus,hsa00062,45,HADHA,"ECHS1, ECHS1D, SCEH, mECH, mECH1...",385,370,46,17,362,362,408,378
Mus musculus,hsa00062,46,HADHA,"HADHA, ECHA, GBP, HADH, LCEH, LCHAD, MTPA, TP-ALPHA",435,285,46,17,412,276,458,294
Mus musculus,hsa00062,47,HADH,"HADH, HAD, HADH1, HADHSC, HCDH, HHF4, MSCHAD, SCHAD",385,285,46,17,362,276,408,294
Mus musculus,hsa00062,48,HADHB,"ACAA2, DSAEC, T1...",410,204,46,17,387,196,433,212
Mus musculus,hsa00062,49,MECR,"MECR, CGI-63, DYTOABG, ETR1, FASN2B, NRBF1, OPA16",243,451,46,17,220,442,266,460
Mus musculus,hsa00062,50,ECHS1,"ECHS1, ECHS1D, SCEH, mECH, mECH1...",243,370,46,17,220,362,266,378
Mus musculus,hsa00062,50,HADHA,"ECHS1, ECHS1D, SCEH, mECH, mECH1...",243,370,46,17,220,362,266,378
Mus musculus,hsa00062,51,HADHA,"HADHA, ECHA, GBP, HADH, LCEH, LCHAD, MTPA, TP-ALPHA",293,285,46,17,270,276,316,294
Mus musculus,hsa00062,52,HADH,"HADH, HAD, HADH1, HADHSC, HCDH, HHF4, MSCHAD, SCHAD",243,285,46,17,220,276,266,294
Mus musculus,hsa00062,53,HADHB,"ACAA2, DSAEC, T1...",268,204,46,17,245,196,291,212
Mus musculus,hsa00062,54,MECR,"MECR, CGI-63, DYTOABG, ETR1, FASN2B, NRBF1, OPA16",101,451,46,17,78,442,124,460
Mus musculus,hsa00062,55,ECHS1,"ECHS1, ECHS1D, SCEH, mECH, mECH1...",101,370,46,17,78,362,124,378
Mus musculus,hsa00062,55,HADHA,"ECHS1, ECHS1D, SCEH, mECH, mECH1...",101,370,46,17,78,362,124,378
Mus musculus,hsa00062,56,HADHA,"HADHA, ECHA, GBP, HADH, LCEH, LCHAD, MTPA, TP-ALPHA",151,285,46,17,128,276,174,294
Mus musculus,hsa00062,61,HADH,"HADH, HAD, HADH1, HADHSC, HCDH, HHF4, MSCHAD, SCHAD",101,285,46,17,78,276,124,294
Mus musculus,hsa00062,62,HADHB,"ACAA2, DSAEC, T1...",126,204,46,17,103,196,149,212
Mus musculus,hsa00071,100,HADHA,"HADHA, ECHA, GBP, HADH, LCEH, LCHAD, MTPA, TP-ALPHA",293,582,46,17,270,574,316,590
Mus musculus,hsa00071,103,CYP2U1,"CYP2U1, P450TEC, SPG49, SPG56",656,925,46,17,633,916,679,934
Mus musculus,hsa00071,105,HADHB,"ACAA2, DSAEC, T1...",178,659,46,17,155,650,201,668
Mus musculus,hsa00071,106,EHHADH,"EHHADH, ECHD, FRTS3, L-PBE, LBFP, LBP, MFE1, PBFE...",118,582,46,17,95,574,141,590
Mus musculus,hsa00071,106,HADH,"EHHADH, ECHD, FRTS3, L-PBE, LBFP, LBP, MFE1, PBFE...",118,582,46,17,95,574,141,590
Mus musculus,hsa00071,107,ECHS1,"ECHS1, ECHS1D, SCEH, mECH, mECH1...",118,498,46,17,95,490,141,506
Mus musculus,hsa00071,107,EHHADH,"ECHS1, ECHS1D, SCEH, mECH, mECH1...",118,498,46,17,95,490,141,506
Mus musculus,hsa00071,107,HADHA,"ECHS1, ECHS1D, SCEH, mECH, mECH1...",118,498,46,17,95,490,141,506
Mus musculus,hsa00071,108,ACADM,"ACADM, ACAD1, MCAD, MCADH",118,404,46,17,95,396,141,412
Mus musculus,hsa00071,109,ACSL4,"ACSL1, ACS1, FACL1, FACL2, LACS, LACS1, LACS2...",143,210,46,17,120,202,166,218
Mus musculus,hsa00071,110,HADHA,"HADHA, ECHA, GBP, HADH, LCEH, LCHAD, MTPA, TP-ALPHA",168,582,46,17,145,574,191,590
Mus musculus,hsa00071,115,ACOX1,"ACOX1, ACOX, AOX, MITCH, PALMCOX, SCOX...",873,385,46,17,850,376,896,394
Mus musculus,hsa00071,116,ACOX1,"ACOX1, ACOX, AOX, MITCH, PALMCOX, SCOX...",797,385,46,17,774,376,820,394
Mus musculus,hsa00071,117,ACOX1,"ACOX1, ACOX, AOX, MITCH, PALMCOX, SCOX...",621,398,46,17,598,390,644,406
Mus musculus,hsa00071,118,ACOX1,"ACOX1, ACOX, AOX, MITCH, PALMCOX, SCOX...",495,399,46,17,472,390,518,408
Mus musculus,hsa00071,119,ACOX1,"ACOX1, ACOX, AOX, MITCH, PALMCOX, SCOX...",369,399,46,17,346,390,392,408
Mus musculus,hsa00071,120,ACOX1,"ACOX1, ACOX, AOX, MITCH, PALMCOX, SCOX...",243,385,46,17,220,376,266,394
Mus musculus,hsa00071,121,ACOX1,"ACOX1, ACOX, AOX, MITCH, PALMCOX, SCOX...",118,385,46,17,95,376,141,394
Mus musculus,hsa00071,202,ACAT1,"ACAT1, ACAT, MAT, T2, THIL...",923,659,46,17,900,650,946,668
Mus musculus,hsa00071,202,ACAT2,"ACAT1, ACAT, MAT, T2, THIL...",923,659,46,17,900,650,946,668
Mus musculus,hsa00071,203,ACADVL,"ACADVL, ACAD6, LCACD, VLCAD",143,423,46,17,120,414,166,432
Mus musculus,hsa00071,204,ACADVL,"ACADVL, ACAD6, LCACD, VLCAD",268,423,46,17,245,414,291,432
Mus musculus,hsa00071,208,CPT1A,"CPT1C, CATL1, CPT_I-C, CPT1-B, CPT1P, CPTI-B, CPTIC, SPG73...",143,268,46,17,120,260,166,276
Mus musculus,hsa00071,208,CPT1C,"CPT1C, CATL1, CPT_I-C, CPT1-B, CPT1P, CPTI-B, CPTIC, SPG73...",143,268,46,17,120,260,166,276
Mus musculus,hsa00071,211,CPT2,"CPT2, CPT1, CPTASE, IIAE4",143,330,46,17,120,322,166,338
Mus musculus,hsa00071,213,ALDH1B1,"ALDH2, ALDH-E2, ALDHI, ALDM...",557,905,46,17,534,896,580,914
Mus musculus,hsa00071,213,ALDH3A2,"ALDH2, ALDH-E2, ALDHI, ALDM...",557,905,46,17,534,896,580,914
Mus musculus,hsa00071,213,ALDH7A1,"ALDH2, ALDH-E2, ALDHI, ALDM...",557,905,46,17,534,896,580,914
Mus musculus,hsa00071,217,HADHB,"ACAA2, DSAEC, T1...",873,659,46,17,850,650,896,668
Mus musculus,hsa00071,225,ACADSB,"ACADSB, 2-MEBCAD, ACAD7, SBCAD",747,423,46,17,724,414,770,432
Mus musculus,hsa00071,226,ACADSB,"ACADSB, 2-MEBCAD, ACAD7, SBCAD",923,385,46,17,900,376,946,394
Mus musculus,hsa00071,45,ACADS,"ACADS, ACAD3, SCAD",873,404,46,17,850,396,896,412
Mus musculus,hsa00071,46,EHHADH,"EHHADH, ECHD, FRTS3, L-PBE, LBFP, LBP, MFE1, PBFE...",898,578,46,17,875,570,921,586
Mus musculus,hsa00071,46,HADH,"EHHADH, ECHD, FRTS3, L-PBE, LBFP, LBP, MFE1, PBFE...",898,578,46,17,875,570,921,586
Mus musculus,hsa00071,47,ECHS1,"ECHS1, ECHS1D, SCEH, mECH, mECH1...",898,495,46,17,875,486,921,504
Mus musculus,hsa00071,47,EHHADH,"ECHS1, ECHS1D, SCEH, mECH, mECH1...",898,495,46,17,875,486,921,504
Mus musculus,hsa00071,47,HADHA,"ECHS1, ECHS1D, SCEH, mECH, mECH1...",898,495,46,17,875,486,921,504
Mus musculus,hsa00071,49,ACADM,"ACADM, ACAD1, MCAD, MCADH",923,404,46,17,900,396,946,412
Mus musculus,hsa00071,51,EHHADH,"ECI2, ACBD2, DRS-1, DRS1, HCA88, PECI, dJ1013A10.3...",470,825,46,17,447,816,493,834
Mus musculus,hsa00071,53,ACAT1,"ACAT1, ACAT, MAT, T2, THIL...",808,648,46,17,785,640,831,656
Mus musculus,hsa00071,53,ACAT2,"ACAT1, ACAT, MAT, T2, THIL...",808,648,46,17,785,640,831,656
Mus musculus,hsa00071,54,HADHB,"ACAA2, DSAEC, T1...",808,669,46,17,785,660,831,678
Mus musculus,hsa00071,55,EHHADH,"EHHADH, ECHD, FRTS3, L-PBE, LBFP, LBP, MFE1, PBFE...",747,580,46,17,724,572,770,588
Mus musculus,hsa00071,55,HADH,"EHHADH, ECHD, FRTS3, L-PBE, LBFP, LBP, MFE1, PBFE...",747,580,46,17,724,572,770,588
Mus musculus,hsa00071,56,ECHS1,"ECHS1, ECHS1D, SCEH, mECH, mECH1...",747,496,46,17,724,488,770,504
Mus musculus,hsa00071,56,EHHADH,"ECHS1, ECHS1D, SCEH, mECH, mECH1...",747,496,46,17,724,488,770,504
Mus musculus,hsa00071,56,HADHA,"ECHS1, ECHS1D, SCEH, mECH, mECH1...",747,496,46,17,724,488,770,504
Mus musculus,hsa00071,57,ACADS,"ACADS, ACAD3, SCAD",747,385,46,17,724,376,770,394
Mus musculus,hsa00071,58,ACADM,"ACADM, ACAD1, MCAD, MCADH",747,404,46,17,724,396,770,412
Mus musculus,hsa00071,59,HADHA,"HADHA, ECHA, GBP, HADH, LCEH, LCHAD, MTPA, TP-ALPHA",797,580,46,17,774,572,820,588
Mus musculus,hsa00071,62,HADHB,"ACAA2, DSAEC, T1...",683,659,46,17,660,650,706,668
Mus musculus,hsa00071,63,EHHADH,"EHHADH, ECHD, FRTS3, L-PBE, LBFP, LBP, MFE1, PBFE...",621,581,46,17,598,572,644,590
Mus musculus,hsa00071,63,HADH,"EHHADH, ECHD, FRTS3, L-PBE, LBFP, LBP, MFE1, PBFE...",621,581,46,17,598,572,644,590
Mus musculus,hsa00071,64,ECHS1,"ECHS1, ECHS1D, SCEH, mECH, mECH1...",621,497,46,17,598,488,644,506
Mus musculus,hsa00071,64,EHHADH,"ECHS1, ECHS1D, SCEH, mECH, mECH1...",621,497,46,17,598,488,644,506
Mus musculus,hsa00071,64,HADHA,"ECHS1, ECHS1D, SCEH, mECH, mECH1...",621,497,46,17,598,488,644,506
Mus musculus,hsa00071,65,ACADM,"ACADM, ACAD1, MCAD, MCADH",621,417,46,17,598,408,644,426
Mus musculus,hsa00071,66,HADHA,"HADHA, ECHA, GBP, HADH, LCEH, LCHAD, MTPA, TP-ALPHA",671,581,46,17,648,572,694,590
Mus musculus,hsa00071,69,HADHB,"ACAA2, DSAEC, T1...",555,659,46,17,532,650,578,668
Mus musculus,hsa00071,70,EHHADH,"EHHADH, ECHD, FRTS3, L-PBE, LBFP, LBP, MFE1, PBFE...",495,581,46,17,472,572,518,590
Mus musculus,hsa00071,70,HADH,"EHHADH, ECHD, FRTS3, L-PBE, LBFP, LBP, MFE1, PBFE...",495,581,46,17,472,572,518,590
Mus musculus,hsa00071,71,ECHS1,"ECHS1, ECHS1D, SCEH, mECH, mECH1...",495,497,46,17,472,488,518,506
Mus musculus,hsa00071,71,EHHADH,"ECHS1, ECHS1D, SCEH, mECH, mECH1...",495,497,46,17,472,488,518,506
Mus musculus,hsa00071,71,HADHA,"ECHS1, ECHS1D, SCEH, mECH, mECH1...",495,497,46,17,472,488,518,506
Mus musculus,hsa00071,72,ACADM,"ACADM, ACAD1, MCAD, MCADH",495,418,46,17,472,410,518,426
Mus musculus,hsa00071,74,HADHA,"HADHA, ECHA, GBP, HADH, LCEH, LCHAD, MTPA, TP-ALPHA",545,581,46,17,522,572,568,590
Mus musculus,hsa00071,79,HADHB,"ACAA2, DSAEC, T1...",429,659,46,17,406,650,452,668
Mus musculus,hsa00071,80,EHHADH,"EHHADH, ECHD, FRTS3, L-PBE, LBFP, LBP, MFE1, PBFE...",369,582,46,17,346,574,392,590
Mus musculus,hsa00071,80,HADH,"EHHADH, ECHD, FRTS3, L-PBE, LBFP, LBP, MFE1, PBFE...",369,582,46,17,346,574,392,590
Mus musculus,hsa00071,81,ECHS1,"ECHS1, ECHS1D, SCEH, mECH, mECH1...",369,498,46,17,346,490,392,506
Mus musculus,hsa00071,81,EHHADH,"ECHS1, ECHS1D, SCEH, mECH, mECH1...",369,498,46,17,346,490,392,506
Mus musculus,hsa00071,81,HADHA,"ECHS1, ECHS1D, SCEH, mECH, mECH1...",369,498,46,17,346,490,392,506
Mus musculus,hsa00071,82,ACADM,"ACADM, ACAD1, MCAD, MCADH",369,418,46,17,346,410,392,426
Mus musculus,hsa00071,86,GCDH,"GCDH, ACAD5, GCD",977,421,46,17,954,412,1000,430
Mus musculus,hsa00071,88,HADHA,"HADHA, ECHA, GBP, HADH, LCEH, LCHAD, MTPA, TP-ALPHA",419,582,46,17,396,574,442,590
Mus musculus,hsa00071,94,HADHB,"ACAA2, DSAEC, T1...",304,659,46,17,281,650,327,668
Mus musculus,hsa00071,95,ECHS1,"ECHS1, ECHS1D, SCEH, mECH, mECH1...",243,498,46,17,220,490,266,506
Mus musculus,hsa00071,95,EHHADH,"ECHS1, ECHS1D, SCEH, mECH, mECH1...",243,498,46,17,220,490,266,506
Mus musculus,hsa00071,95,HADHA,"ECHS1, ECHS1D, SCEH, mECH, mECH1...",243,498,46,17,220,490,266,506
Mus musculus,hsa00071,96,ACADM,"ACADM, ACAD1, MCAD, MCADH",243,404,46,17,220,396,266,412
Mus musculus,hsa00071,97,EHHADH,"EHHADH, ECHD, FRTS3, L-PBE, LBFP, LBP, MFE1, PBFE...",243,582,46,17,220,574,266,590
Mus musculus,hsa00071,97,HADH,"EHHADH, ECHD, FRTS3, L-PBE, LBFP, LBP, MFE1, PBFE...",243,582,46,17,220,574,266,590
Mus musculus,hsa00100,131,LIPA,"CEL, BAL, BSDL, BSSL, CELL, CEase, FAP, FAPP, LIPA, MODY8...",195,1052,46,17,172,1044,218,1060
Mus musculus,hsa00100,157,FDFT1,"FDFT1, DGPT, ERG9, SQS, SQSD, SS",372,137,46,17,349,128,395,146
Mus musculus,hsa00100,158,FDFT1,"FDFT1, DGPT, ERG9, SQS, SQSD, SS",372,195,46,17,349,186,395,204
Mus musculus,hsa00100,163,DHCR24,"DHCR24, DCE, Nbla03646, SELADIN1, seladin-1",748,1075,46,17,725,1066,771,1084
Mus musculus,hsa00100,170,CYP51A1,"CYP51A1, CP51, CYP51, CYPL1, LDM, P450-14DM, P450L1",397,375,46,17,374,366,420,384
Mus musculus,hsa00100,195,MSMO1,"MSMO1, DESP4, ERG25, MCCPD, SC4MOL",373,625,46,17,350,616,396,634
Mus musculus,hsa00100,196,NSDHL,"NSDHL, H105E3, SDR31E1, XAP104",373,675,46,17,350,666,396,684
Mus musculus,hsa00100,44,SC5D,"SC5D, ERG3, S5DES, SC5DL",835,975,46,17,812,966,858,984
Mus musculus,hsa00100,45,EBP,"EBP, CDPX2, CHO2, CPX, CPXD, MEND",373,874,46,17,350,866,396,882
Mus musculus,hsa00100,46,DHCR7,"DHCR7, SLOS",238,1026,46,17,215,1018,261,1034
Mus musculus,hsa00100,47,SC5D,"SC5D, ERG3, S5DES, SC5DL",238,975,46,17,215,966,261,984
Mus musculus,hsa00100,48,EBP,"EBP, CDPX2, CHO2, CPX, CPXD, MEND",238,874,46,17,215,866,261,882
Mus musculus,hsa00100,51,SC5D,"SC5D, ERG3, S5DES, SC5DL",523,975,46,17,500,966,546,984
Mus musculus,hsa00100,56,DHCR24,"DHCR24, DCE, Nbla03646, SELADIN1, seladin-1",668,1075,46,17,645,1066,691,1084
Mus musculus,hsa00100,57,DHCR7,"DHCR7, SLOS",668,1026,46,17,645,1018,691,1034
Mus musculus,hsa00100,58,SC5D,"SC5D, ERG3, S5DES, SC5DL",668,975,46,17,645,966,691,984
Mus musculus,hsa00100,59,DHCR24,"DHCR24, DCE, Nbla03646, SELADIN1, seladin-1",306,1055,46,17,283,1046,329,1064
Mus musculus,hsa00100,60,DHCR24,"DHCR24, DCE, Nbla03646, SELADIN1, seladin-1",306,1005,46,17,283,996,329,1014
Mus musculus,hsa00100,61,DHCR24,"DHCR24, DCE, Nbla03646, SELADIN1, seladin-1",306,954,46,17,283,946,329,962
Mus musculus,hsa00100,62,DHCR24,"DHCR24, DCE, Nbla03646, SELADIN1, seladin-1",306,805,46,17,283,796,329,814
Mus musculus,hsa00100,63,DHCR24,"DHCR24, DCE, Nbla03646, SELADIN1, seladin-1",306,455,46,17,283,446,329,464
Mus musculus,hsa00100,67,DHCR24,"DHCR24, DCE, Nbla03646, SELADIN1, seladin-1",835,1075,46,17,812,1066,858,1084
Mus musculus,hsa00100,68,CYP51A1,"CYP51A1, CP51, CYP51, CYPL1, LDM, P450-14DM, P450L1",669,675,46,17,646,666,692,684
Mus musculus,hsa00100,72,DHCR7,"DHCR7, SLOS",835,1026,46,17,812,1018,858,1034
Mus musculus,hsa00100,89,LSS,"LSS, APMR4, CTRCT44, HYPT14, OSC",372,317,46,17,349,308,395,326
Mus musculus,hsa00100,90,LBR,"LBR, C14SR, DHCR14B, LMN2R, PHA, PHASK, TDRD18...",373,425,46,17,350,416,396,434
Mus musculus,hsa00100,91,EBP,"EBP, CDPX2, CHO2, CPX, CPXD, MEND",668,775,46,17,645,766,691,784
Mus musculus,hsa00100,92,NSDHL,"NSDHL, H105E3, SDR31E1, XAP104",373,525,46,17,350,516,396,534
Mus musculus,hsa00100,97,DHCR24,"DHCR24, DCE, Nbla03646, SELADIN1, seladin-1",306,354,46,17,283,346,329,362
Mus musculus,hsa00100,98,MSMO1,"MSMO1, DESP4, ERG25, MCCPD, SC4MOL",373,475,46,17,350,466,396,484
Mus musculus,hsa00100,99,CYP51A1,"CYP51A1, CP51, CYP51, CYPL1, LDM, P450-14DM, P450L1",347,375,46,17,324,366,370,384
Mus musculus,hsa00120,106,AKR1D1,"AKR1D1, 3o5bred, CBAS2, SRD5B1",516,523,46,17,493,514,539,532
Mus musculus,hsa00120,109,HSD17B4,"HSD17B4, DBP, MFE-2, MFP-2, MPF-2, PRLTS1, SDR8C1",202,1022,46,17,179,1014,225,1030
Mus musculus,hsa00120,110,HSD17B4,"HSD17B4, DBP, MFE-2, MFP-2, MPF-2, PRLTS1, SDR8C1",516,1023,46,17,493,1014,539,1032
Mus musculus,hsa00120,111,CYP7B1,"CYP7B1, CBAS3, CP7B, SPG5A",638,289,46,17,615,280,661,298
Mus musculus,hsa00120,112,HSD3B7,"HSD3B7, CBAS1, PFIC4, SDR11E3",176,351,46,17,153,342,199,360
Mus musculus,hsa00120,14,CYP7B1,"CYP7B1, CBAS3, CP7B, SPG5A",539,289,46,17,516,280,562,298
Mus musculus,hsa00120,15,CYP7A1,"CYP7A1, CP7A, CYP7, CYPVII",489,289,46,17,466,280,512,298
Mus musculus,hsa00120,16,CYP7B1,"CYP7B1, CBAS3, CP7B, SPG5A",299,289,46,17,276,280,322,298
Mus musculus,hsa00120,170,BAAT,"ACOT8, HNAACTE, NAP1, PTE-1, PTE-2, PTE1, PTE2, hACTE-III, hTE...",538,1175,46,17,515,1166,561,1184
Mus musculus,hsa00120,172,BAAT,"ACOT8, HNAACTE, NAP1, PTE-1, PTE-2, PTE1, PTE2, hACTE-III, hTE...",222,1175,46,17,199,1166,245,1184
Mus musculus,hsa00120,24,AKR1D1,"AKR1D1, 3o5bred, CBAS2, SRD5B1",202,524,46,17,179,516,225,532
Mus musculus,hsa00120,28,CYP27A1,"CYP27A1, CP27, CTX, CYP27",516,636,46,17,493,628,539,644
Mus musculus,hsa00120,33,AMACR,"AMACR, AMACRD, CBAS4, P504S, RACE, RM",516,856,46,17,493,848,539,864
Mus musculus,hsa00120,35,ACOX2,"ACOX2, BCOX, BRCACOX, BRCOX, CBAS6, THCCox",516,913,46,17,493,904,539,922
Mus musculus,hsa00120,49,CYP7A1,"CYP7A1, CP7A, CYP7, CYPVII",352,289,46,17,329,280,375,298
Mus musculus,hsa00120,50,HSD17B4,"HSD17B4, DBP, MFE-2, MFP-2, MPF-2, PRLTS1, SDR8C1",518,969,46,17,495,960,541,978
Mus musculus,hsa00120,52,SCP2,"SCP2, NLTP, NSL-TP, SCOX, SCP-2, SCP-CHI, SCP-X, SCPX",516,1081,46,17,493,1072,539,1090
Mus musculus,hsa00120,54,SCP2,"SCP2, NLTP, NSL-TP, SCOX, SCP-2, SCP-CHI, SCP-X, SCPX",202,1080,46,17,179,1072,225,1088
Mus musculus,hsa00120,60,SLC27A5,"SLC27A5, ACSB, ACSVL6, BACS, BAL, FACVL3, FATP-5, FATP5, VLACSR, VLCS-H2, VLCSH2",180,1208,46,17,157,1200,203,1216
Mus musculus,hsa00120,61,BAAT,"BAAT, BACAT, BACD1, BAT, FHCA3, HCHO",280,1159,46,17,257,1150,303,1168
Mus musculus,hsa00120,63,CYP27A1,"CYP27A1, CP27, CTX, CYP27",516,693,46,17,493,684,539,702
Mus musculus,hsa00120,64,CYP27A1,"CYP27A1, CP27, CTX, CYP27",516,748,46,17,493,740,539,756
Mus musculus,hsa00120,67,CYP27A1,"CYP27A1, CP27, CTX, CYP27",514,209,46,17,491,200,537,218
Mus musculus,hsa00120,68,HSD3B7,"HSD3B7, CBAS1, PFIC4, SDR11E3",637,351,46,17,614,342,660,360
Mus musculus,hsa00120,69,HSD3B7,"HSD3B7, CBAS1, PFIC4, SDR11E3",514,351,46,17,491,342,537,360
Mus musculus,hsa00120,70,HSD3B7,"HSD3B7, CBAS1, PFIC4, SDR11E3",352,351,46,17,329,342,375,360
Mus musculus,hsa00120,71,HSD3B7,"HSD3B7, CBAS1, PFIC4, SDR11E3",298,351,46,17,275,342,321,360
Mus musculus,hsa00120,73,BAAT,"BAAT, BACAT, BACD1, BAT, FHCA3, HCHO",121,1159,46,17,98,1150,144,1168
Mus musculus,hsa00120,81,SLC27A5,"SLC27A5, ACSB, ACSVL6, BACS, BAL, FACVL3, FATP-5, FATP5, VLACSR, VLCS-H2, VLCSH2",496,1208,46,17,473,1200,519,1216
Mus musculus,hsa00120,82,BAAT,"BAAT, BACAT, BACD1, BAT, FHCA3, HCHO",593,1160,46,17,570,1152,616,1168
Mus musculus,hsa00120,86,BAAT,"BAAT, BACAT, BACD1, BAT, FHCA3, HCHO",444,1160,46,17,421,1152,467,1168
Mus musculus,hsa00120,92,SLC27A5,"SLC27A5, ACSB, ACSVL6, BACS, BAL, FACVL3, FATP-5, FATP5, VLACSR, VLCS-H2, VLCSH2",202,800,46,17,179,792,225,808
Mus musculus,hsa00120,93,CYP27A1,"CYP27A1, CP27, CTX, CYP27",202,634,46,17,179,626,225,642
Mus musculus,hsa00120,94,CYP27A1,"CYP27A1, CP27, CTX, CYP27",202,691,46,17,179,682,225,700
Mus musculus,hsa00120,95,CYP27A1,"CYP27A1, CP27, CTX, CYP27",202,746,46,17,179,738,225,754
Mus musculus,hsa00120,96,AMACR,"AMACR, AMACRD, CBAS4, P504S, RACE, RM",202,857,46,17,179,848,225,866
Mus musculus,hsa00120,97,ACOX2,"ACOX2, BCOX, BRCACOX, BRCOX, CBAS6, THCCox",202,911,46,17,179,902,225,920
Mus musculus,hsa00120,98,HSD17B4,"HSD17B4, DBP, MFE-2, MFP-2, MPF-2, PRLTS1, SDR8C1",202,966,46,17,179,958,225,974
Mus musculus,hsa00120,99,SLC27A5,"SLC27A5, ACSB, ACSVL6, BACS, BAL, FACVL3, FATP-5, FATP5, VLACSR, VLCS-H2, VLCSH2",516,800,46,17,493,792,539,808
Mus musculus,hsa00130,112,TAT,TAT,317,256,46,17,294,248,340,264
Mus musculus,hsa00130,147,COQ5,"COQ5, COQ10D9",458,1092,46,17,435,1084,481,1100
Mus musculus,hsa00130,176,GGCX,"GGCX, VKCFD1",965,1260,46,17,942,1252,988,1268
Mus musculus,hsa00130,177,VKORC1,VKORC1L1...,799,1340,46,17,776,1332,822,1348
Mus musculus,hsa00130,184,GGCX,"GGCX, VKCFD1",799,1260,46,17,776,1252,822,1268
Mus musculus,hsa00130,186,VKORC1,VKORC1L1...,966,1340,46,17,943,1332,989,1348
Mus musculus,hsa00130,241,COQ6,"COQ6, CGI-10, CGI10, COQ10D6",394,766,46,17,371,758,417,774
Mus musculus,hsa00130,242,COQ4,"COQ4, CGI-92, COQ10D7, SPAX10",394,927,46,17,371,918,417,936
Mus musculus,hsa00130,243,COQ6,"COQ6, CGI-10, CGI10, COQ10D6",432,1001,46,17,409,992,455,1010
Mus musculus,hsa00130,248,COQ7,"COQ7, CAT5, CLK-1, CLK1, COQ10D8, HMNR9",366,1186,46,17,343,1178,389,1194
Mus musculus,hsa00130,71,COQ2,"COQ2, CL640, COQ10D1, MSA1, PHB:PPT",458,697,46,17,435,688,481,706
Mus musculus,hsa00130,96,HPD,"HPD, 4-HPPD, 4HPPD, GLOD3, HPPD, HPPDASE, PPD",382,189,46,17,359,180,405,198
Mus musculus,hsa00140,188,STS,"STS, ARSC, ARSC1, ASC, ES, SSDD, XLI",333,141,46,17,310,132,356,150
Mus musculus,hsa00140,189,SULT2B1,"SULT2B1, ARCI14, HSST2",333,162,46,17,310,154,356,170
Mus musculus,hsa00140,190,CYP11A1,"CYP11A1, CYP11A, CYPXIA1, P450SCC",253,185,46,17,230,176,276,194
Mus musculus,hsa00140,191,CYP11A1,"CYP11A1, CYP11A, CYPXIA1, P450SCC",253,255,46,17,230,246,276,264
Mus musculus,hsa00140,192,CYP11A1,"CYP11A1, CYP11A, CYPXIA1, P450SCC",109,185,46,17,86,176,132,194
Mus musculus,hsa00140,193,CYP11A1,"CYP11A1, CYP11A, CYPXIA1, P450SCC",108,255,46,17,85,246,131,264
Mus musculus,hsa00140,194,CYP11A1,"CYP11A1, CYP11A, CYPXIA1, P450SCC",108,608,46,17,85,600,131,616
Mus musculus,hsa00140,195,CYP11A1,"CYP11A1, CYP11A, CYPXIA1, P450SCC",180,349,46,17,157,340,203,358
Mus musculus,hsa00140,197,CYP17A1,"CYP17A1, CPT7, CYP17, P450C17, S17AH",66,558,46,17,43,550,89,566
Mus musculus,hsa00140,198,CYP21A2,"CYP21A2, CA21H, CAH1, CPS1, CYP21, CYP21B, P450c21B",276,394,46,17,253,386,299,402
Mus musculus,hsa00140,200,HSD3B2,"HSD3B1, 3BETAHSD, HSD3B, HSDB3, HSDB3A, SDR11E1...",325,354,46,17,302,346,348,362
Mus musculus,hsa00140,201,CYP7B1,"CYP7B1, CBAS3, CP7B, SPG5A",331,428,46,17,308,420,354,436
Mus musculus,hsa00140,202,STS,"STS, ARSC, ARSC1, ASC, ES, SSDD, XLI",333,526,46,17,310,518,356,534
Mus musculus,hsa00140,203,SULT2B1,"SULT2B1, ARCI14, HSST2",333,547,46,17,310,538,356,556
Mus musculus,hsa00140,205,HSD3B2,"HSD3B1, 3BETAHSD, HSD3B, HSDB3, HSDB3A, SDR11E1...",325,483,46,17,302,474,348,492
Mus musculus,hsa00140,207,HSD3B2,"HSD3B1, 3BETAHSD, HSD3B, HSDB3, HSDB3A, SDR11E1...",325,609,46,17,302,600,348,618
Mus musculus,hsa00140,209,HSD3B2,"HSD3B1, 3BETAHSD, HSD3B, HSDB3, HSDB3A, SDR11E1...",325,765,46,17,302,756,348,774
Mus musculus,hsa00140,211,HSD3B2,"HSD3B1, 3BETAHSD, HSD3B, HSDB3, HSDB3A, SDR11E1...",325,823,46,17,302,814,348,832
Mus musculus,hsa00140,212,CYP11B1,"CYP11B1, CPN1, CYP11B, FHI, P450C11...",275,790,46,17,252,782,298,798
Mus musculus,hsa00140,212,CYP11B2,"CYP11B1, CPN1, CYP11B, FHI, P450C11...",275,790,46,17,252,782,298,798
Mus musculus,hsa00140,213,CYP17A1,"CYP17A1, CPT7, CYP17, P450C17, S17AH",164,841,46,17,141,832,187,850
Mus musculus,hsa00140,214,SULT2B1,"SULT2B1, ARCI14, HSST2",333,900,46,17,310,892,356,908
Mus musculus,hsa00140,215,STS,"STS, ARSC, ARSC1, ASC, ES, SSDD, XLI",333,873,46,17,310,864,356,882
Mus musculus,hsa00140,219,HSD3B2,"HSD3B1, 3BETAHSD, HSD3B, HSDB3, HSDB3A, SDR11E1...",325,1018,46,17,302,1010,348,1026
Mus musculus,hsa00140,221,HSD3B2,"HSD3B1, 3BETAHSD, HSD3B, HSDB3, HSDB3A, SDR11E1...",325,1402,46,17,302,1394,348,1410
Mus musculus,hsa00140,222,CYP21A2,"CYP21A2, CA21H, CAH1, CPS1, CYP21, CYP21B, P450c21B",275,674,46,17,252,666,298,682
Mus musculus,hsa00140,224,HSD3B2,"HSD3B1, 3BETAHSD, HSD3B, HSDB3, HSDB3A, SDR11E1...",325,1084,46,17,302,1076,348,1092
Mus musculus,hsa00140,225,CYP17A1,"CYP17A1, CPT7, CYP17, P450C17, S17AH",275,558,46,17,252,550,298,566
Mus musculus,hsa00140,226,SRD5A2,"SRD5A1, S5AR_1...",808,149,46,17,785,140,831,158
Mus musculus,hsa00140,226,SRD5A3,"SRD5A1, S5AR_1...",808,149,46,17,785,140,831,158
Mus musculus,hsa00140,227,AKR1C2,"AKR1C2, AKR1C-pseudo, BABP, DD, DD-2, DD/BABP, DD2, DDH2, HAKRD, HBAB, MCDR2, SRXY8, TDD...",968,149,46,17,945,140,991,158
Mus musculus,hsa00140,228,CYP11B2,"CYP11B2, ALDOS, CPN2, CYP11B, CYP11BL, CYPXIB2, P-450C18, P450C18, P450aldo",605,264,46,17,582,256,628,272
Mus musculus,hsa00140,229,AKR1D1,"AKR1D1, 3o5bred, CBAS2, SRD5B1",763,225,46,17,740,216,786,234
Mus musculus,hsa00140,231,CYP11B1,"CYP11B1, CPN1, CYP11B, FHI, P450C11...",552,354,46,17,529,346,575,362
Mus musculus,hsa00140,231,CYP11B2,"CYP11B1, CPN1, CYP11B, FHI, P450C11...",552,354,46,17,529,346,575,362
Mus musculus,hsa00140,232,CYP21A2,"CYP21A2, CA21H, CAH1, CPS1, CYP21, CYP21B, P450c21B",448,394,46,17,425,386,471,402
Mus musculus,hsa00140,235,HSD11B1,"HSD11B1, 11-DH, 11-beta-HSD1, CORTRD2, HDL, HSD11, HSD11B, HSD11L, SDR26C1...",661,344,46,17,638,336,684,352
Mus musculus,hsa00140,236,HSD11B2,"HSD11B2, AME, AME1, HSD11K, HSD2, SDR9C3",661,363,46,17,638,354,684,372
Mus musculus,hsa00140,238,HSD11B1,"HSD11B1, 11-DH, 11-beta-HSD1, CORTRD2, HDL, HSD11, HSD11B, HSD11L, SDR26C1...",851,282,46,17,828,274,874,290
Mus musculus,hsa00140,240,CYP11B1,"CYP11B1, CPN1, CYP11B, FHI, P450C11...",552,483,46,17,529,474,575,492
Mus musculus,hsa00140,240,CYP11B2,"CYP11B1, CPN1, CYP11B, FHI, P450C11...",552,483,46,17,529,474,575,492
Mus musculus,hsa00140,241,CYP21A2,"CYP21A2, CA21H, CAH1, CPS1, CYP21, CYP21B, P450c21B",605,394,46,17,582,386,628,402
Mus musculus,hsa00140,242,AKR1D1,"AKR1D1, 3o5bred, CBAS2, SRD5B1",763,418,46,17,740,410,786,426
Mus musculus,hsa00140,244,SRD5A2,"SRD5A1, S5AR_1...",808,533,46,17,785,524,831,542
Mus musculus,hsa00140,244,SRD5A3,"SRD5A1, S5AR_1...",808,533,46,17,785,524,831,542
Mus musculus,hsa00140,247,AKR1C2,"AKR1C2, AKR1C-pseudo, BABP, DD, DD-2, DD/BABP, DD2, DDH2, HAKRD, HBAB, MCDR2, SRXY8, TDD...",968,534,46,17,945,526,991,542
Mus musculus,hsa00140,250,AKR1C2,"AKR1C2, AKR1C-pseudo, BABP, DD, DD-2, DD/BABP, DD2, DDH2, HAKRD, HBAB, MCDR2, SRXY8, TDD...",1056,480,46,17,1033,472,1079,488
Mus musculus,hsa00140,251,CYP17A1,"CYP17A1, CPT7, CYP17, P450C17, S17AH",447,558,46,17,424,550,470,566
Mus musculus,hsa00140,252,CYP11B1,"CYP11B1, CPN1, CYP11B, FHI, P450C11...",552,609,46,17,529,600,575,618
Mus musculus,hsa00140,252,CYP11B2,"CYP11B1, CPN1, CYP11B, FHI, P450C11...",552,609,46,17,529,600,575,618
Mus musculus,hsa00140,253,CYP21A2,"CYP21A2, CA21H, CAH1, CPS1, CYP21, CYP21B, P450c21B",605,674,46,17,582,666,628,682
Mus musculus,hsa00140,254,CYP21A2,"CYP21A2, CA21H, CAH1, CPS1, CYP21, CYP21B, P450c21B",448,674,46,17,425,666,471,682
Mus musculus,hsa00140,256,AKR1D1,"AKR1D1, 3o5bred, CBAS2, SRD5B1",763,696,46,17,740,688,786,704
Mus musculus,hsa00140,259,CYP11B1,"CYP11B1, CPN1, CYP11B, FHI, P450C11...",551,765,46,17,528,756,574,774
Mus musculus,hsa00140,259,CYP11B2,"CYP11B1, CPN1, CYP11B, FHI, P450C11...",551,765,46,17,528,756,574,774
Mus musculus,hsa00140,260,AKR1D1,"AKR1D1, 3o5bred, CBAS2, SRD5B1",763,765,46,17,740,756,786,774
Mus musculus,hsa00140,263,CYP17A1,"CYP17A1, CPT7, CYP17, P450C17, S17AH",408,841,46,17,385,832,431,850
Mus musculus,hsa00140,264,HSD11B1,"HSD11B1, 11-DH, 11-beta-HSD1, CORTRD2, HDL, HSD11, HSD11B, HSD11L, SDR26C1...",661,755,46,17,638,746,684,764
Mus musculus,hsa00140,265,HSD11B2,"HSD11B2, AME, AME1, HSD11K, HSD2, SDR9C3",661,774,46,17,638,766,684,782
Mus musculus,hsa00140,266,CYP17A1,"CYP17A1, CPT7, CYP17, P450C17, S17AH",605,558,46,17,582,550,628,566
Mus musculus,hsa00140,268,HSD17B3,"HSD17B3, EDH17B3, SDR12C2",384,1250,46,17,361,1242,407,1258
Mus musculus,hsa00140,270,CYP11B1,"CYP11B1, CPN1, CYP11B, FHI, P450C11...",551,907,46,17,528,898,574,916
Mus musculus,hsa00140,270,CYP11B2,"CYP11B1, CPN1, CYP11B, FHI, P450C11...",551,907,46,17,528,898,574,916
Mus musculus,hsa00140,271,HSD11B1,"HSD11B1, 11-DH, 11-beta-HSD1, CORTRD2, HDL, HSD11, HSD11B, HSD11L, SDR26C1...",756,907,46,17,733,898,779,916
Mus musculus,hsa00140,273,AKR1D1,"AKR1D1, 3o5bred, CBAS2, SRD5B1",517,989,46,17,494,980,540,998
Mus musculus,hsa00140,275,UGT1A1,UGT2B11...,756,989,46,17,733,980,779,998
Mus musculus,hsa00140,276,SRD5A2,"SRD5A1, S5AR_1...",517,1167,46,17,494,1158,540,1176
Mus musculus,hsa00140,276,SRD5A3,"SRD5A1, S5AR_1...",517,1167,46,17,494,1158,540,1176
Mus musculus,hsa00140,278,UGT1A1,UGT2B11...,756,1168,46,17,733,1160,779,1176
Mus musculus,hsa00140,279,CYP19A1,"CYP19A1, ARO, ARO1, CPV1, CYAR, CYP19, CYPXIX, P-450AROM",517,1084,46,17,494,1076,540,1092
Mus musculus,hsa00140,282,CYP19A1,"CYP19A1, ARO, ARO1, CPV1, CYAR, CYP19, CYPXIX, P-450AROM",517,1402,46,17,494,1394,540,1410
Mus musculus,hsa00140,284,UGT1A1,UGT2B11...,1090,1400,46,17,1067,1392,1113,1408
Mus musculus,hsa00140,286,SRD5A2,"SRD5A1, S5AR_1...",517,1318,46,17,494,1310,540,1326
Mus musculus,hsa00140,286,SRD5A3,"SRD5A1, S5AR_1...",517,1318,46,17,494,1310,540,1326
Mus musculus,hsa00140,288,AKR1D1,"AKR1D1, 3o5bred, CBAS2, SRD5B1",517,1464,46,17,494,1456,540,1472
Mus musculus,hsa00140,289,UGT1A1,UGT2B11...,517,1520,46,17,494,1512,540,1528
Mus musculus,hsa00140,290,UGT1A1,UGT2B11...,989,963,46,17,966,954,1012,972
Mus musculus,hsa00140,294,UGT1A1,UGT2B11...,1179,1031,46,17,1156,1022,1202,1040
Mus musculus,hsa00140,296,UGT1A1,UGT2B11...,1179,1449,46,17,1156,1440,1202,1458
Mus musculus,hsa00140,305,UGT1A1,UGT2B11...,989,1531,46,17,966,1522,1012,1540
Mus musculus,hsa00140,322,CYP7A1,"CYP7A1, CP7A, CYP7, CYPVII",210,952,46,17,187,944,233,960
Mus musculus,hsa00140,339,CYP11B2,"CYP11B2, ALDOS, CPN2, CYP11B, CYP11BL, CYPXIB2, P-450C18, P450C18, P450aldo",661,225,46,17,638,216,684,234
Mus musculus,hsa00140,350,CYP19A1,"CYP19A1, ARO, ARO1, CPV1, CYAR, CYP19, CYPXIX, P-450AROM",623,1084,46,17,600,1076,646,1092
Mus musculus,hsa00140,351,CYP19A1,"CYP19A1, ARO, ARO1, CPV1, CYAR, CYP19, CYPXIX, P-450AROM",771,1083,46,17,748,1074,794,1092
Mus musculus,hsa00140,352,CYP19A1,"CYP19A1, ARO, ARO1, CPV1, CYAR, CYP19, CYPXIX, P-450AROM",622,1402,46,17,599,1394,645,1410
Mus musculus,hsa00140,353,CYP19A1,"CYP19A1, ARO, ARO1, CPV1, CYAR, CYP19, CYPXIX, P-450AROM",771,1401,46,17,748,1392,794,1410
Mus musculus,hsa00140,385,HSD17B3,"HSD17B3, EDH17B3, SDR12C2",700,1231,46,17,677,1222,723,1240
Mus musculus,hsa00140,387,HSD17B3,"HSD17B3, EDH17B3, SDR12C2",599,1232,46,17,576,1224,622,1240
Mus musculus,hsa00140,389,AKR1C2,"AKR1C2, AKR1C-pseudo, BABP, DD, DD-2, DD/BABP, DD2, DDH2, HAKRD, HBAB, MCDR2, SRXY8, TDD",624,1281,46,17,601,1272,647,1290
Mus musculus,hsa00140,391,AKR1C2,"AKR1C2, AKR1C-pseudo, BABP, DD, DD-2, DD/BABP, DD2, DDH2, HAKRD, HBAB, MCDR2, SRXY8, TDD",623,1198,46,17,600,1190,646,1206
Mus musculus,hsa00140,393,CYP17A1,"CYP17A1, CPT7, CYP17, P450C17, S17AH",1016,841,46,17,993,832,1039,850
Mus musculus,hsa00140,394,CYP17A1,"CYP17A1, CPT7, CYP17, P450C17, S17AH",929,558,46,17,906,550,952,566
Mus musculus,hsa00140,395,CYP17A1,"CYP17A1, CPT7, CYP17, P450C17, S17AH",1016,558,46,17,993,550,1039,566
Mus musculus,hsa00140,396,AKR1C2,"AKR1C4, 3-alpha-HSD, C11, CDR, CHDR, DD-4, DD4, HAKRA...",969,643,46,17,946,634,992,652
Mus musculus,hsa00140,406,CYP17A1,"CYP17A1, CPT7, CYP17, P450C17, S17AH",697,841,46,17,674,832,720,850
Mus musculus,hsa00190,109,NDUFA1,NDUFC2-KCTD14...,180,468,46,17,157,460,203,476
Mus musculus,hsa00190,109,NDUFA10,NDUFC2-KCTD14...,180,468,46,17,157,460,203,476
Mus musculus,hsa00190,109,NDUFA11,NDUFC2-KCTD14...,180,468,46,17,157,460,203,476
Mus musculus,hsa00190,109,NDUFA12,NDUFC2-KCTD14...,180,468,46,17,157,460,203,476
Mus musculus,hsa00190,109,NDUFA13,NDUFC2-KCTD14...,180,468,46,17,157,460,203,476
Mus musculus,hsa00190,109,NDUFA2,NDUFC2-KCTD14...,180,468,46,17,157,460,203,476
Mus musculus,hsa00190,109,NDUFA4,NDUFC2-KCTD14...,180,468,46,17,157,460,203,476
Mus musculus,hsa00190,109,NDUFA6,NDUFC2-KCTD14...,180,468,46,17,157,460,203,476
Mus musculus,hsa00190,109,NDUFA8,NDUFC2-KCTD14...,180,468,46,17,157,460,203,476
Mus musculus,hsa00190,109,NDUFA9,NDUFC2-KCTD14...,180,468,46,17,157,460,203,476
Mus musculus,hsa00190,109,NDUFB10,NDUFC2-KCTD14...,180,468,46,17,157,460,203,476
Mus musculus,hsa00190,109,NDUFB11,NDUFC2-KCTD14...,180,468,46,17,157,460,203,476
Mus musculus,hsa00190,109,NDUFB3,NDUFC2-KCTD14...,180,468,46,17,157,460,203,476
Mus musculus,hsa00190,109,NDUFB8,NDUFC2-KCTD14...,180,468,46,17,157,460,203,476
Mus musculus,hsa00190,109,NDUFB9,NDUFC2-KCTD14...,180,468,46,17,157,460,203,476
Mus musculus,hsa00190,109,NDUFC2,NDUFC2-KCTD14...,180,468,46,17,157,460,203,476
Mus musculus,hsa00190,109,NDUFS1,NDUFC2-KCTD14...,180,468,46,17,157,460,203,476
Mus musculus,hsa00190,109,NDUFS2,NDUFC2-KCTD14...,180,468,46,17,157,460,203,476
Mus musculus,hsa00190,109,NDUFS3,NDUFC2-KCTD14...,180,468,46,17,157,460,203,476
Mus musculus,hsa00190,109,NDUFS4,NDUFC2-KCTD14...,180,468,46,17,157,460,203,476
Mus musculus,hsa00190,109,NDUFS6,NDUFC2-KCTD14...,180,468,46,17,157,460,203,476
Mus musculus,hsa00190,109,NDUFS7,NDUFC2-KCTD14...,180,468,46,17,157,460,203,476
Mus musculus,hsa00190,109,NDUFS8,NDUFC2-KCTD14...,180,468,46,17,157,460,203,476
Mus musculus,hsa00190,109,NDUFV1,NDUFC2-KCTD14...,180,468,46,17,157,460,203,476
Mus musculus,hsa00190,109,NDUFV2,NDUFC2-KCTD14...,180,468,46,17,157,460,203,476
Mus musculus,hsa00190,110,CYC1,"UQCR11, 0710008D09Rik, QCR10, UQCR...",700,376,46,17,677,368,723,384
Mus musculus,hsa00190,110,UQCRB,"UQCR11, 0710008D09Rik, QCR10, UQCR...",700,376,46,17,677,368,723,384
Mus musculus,hsa00190,110,UQCRC1,"UQCR11, 0710008D09Rik, QCR10, UQCR...",700,376,46,17,677,368,723,384
Mus musculus,hsa00190,110,UQCRC2,"UQCR11, 0710008D09Rik, QCR10, UQCR...",700,376,46,17,677,368,723,384
Mus musculus,hsa00190,110,UQCRFS1,"UQCR11, 0710008D09Rik, QCR10, UQCR...",700,376,46,17,677,368,723,384
Mus musculus,hsa00190,110,UQCRQ,"UQCR11, 0710008D09Rik, QCR10, UQCR...",700,376,46,17,677,368,723,384
Mus musculus,hsa00190,111,COX4I1,"COX6B2, COXVIB2, CT59...",914,344,46,17,891,336,937,352
Mus musculus,hsa00190,111,COX4I2,"COX6B2, COXVIB2, CT59...",914,344,46,17,891,336,937,352
Mus musculus,hsa00190,111,COX5A,"COX6B2, COXVIB2, CT59...",914,344,46,17,891,336,937,352
Mus musculus,hsa00190,111,COX6A1,"COX6B2, COXVIB2, CT59...",914,344,46,17,891,336,937,352
Mus musculus,hsa00190,111,COX6A2,"COX6B2, COXVIB2, CT59...",914,344,46,17,891,336,937,352
Mus musculus,hsa00190,111,COX6B1,"COX6B2, COXVIB2, CT59...",914,344,46,17,891,336,937,352
Mus musculus,hsa00190,111,COX7B,"COX6B2, COXVIB2, CT59...",914,344,46,17,891,336,937,352
Mus musculus,hsa00190,111,COX8A,"COX6B2, COXVIB2, CT59...",914,344,46,17,891,336,937,352
Mus musculus,hsa00190,112,ATP5F1A,ATP6V1FP2...,1090,437,46,17,1067,428,1113,446
Mus musculus,hsa00190,112,ATP5F1B,ATP6V1FP2...,1090,437,46,17,1067,428,1113,446
Mus musculus,hsa00190,112,ATP5F1D,ATP6V1FP2...,1090,437,46,17,1067,428,1113,446
Mus musculus,hsa00190,112,ATP5F1E,ATP6V1FP2...,1090,437,46,17,1067,428,1113,446
Mus musculus,hsa00190,112,ATP5PO,ATP6V1FP2...,1090,437,46,17,1067,428,1113,446
Mus musculus,hsa00190,112,ATP6AP1,ATP6V1FP2...,1090,437,46,17,1067,428,1113,446
Mus musculus,hsa00190,112,ATP6V0A2,ATP6V1FP2...,1090,437,46,17,1067,428,1113,446
Mus musculus,hsa00190,112,ATP6V1A,ATP6V1FP2...,1090,437,46,17,1067,428,1113,446
Mus musculus,hsa00190,112,ATP6V1E1,ATP6V1FP2...,1090,437,46,17,1067,428,1113,446
Mus musculus,hsa00190,115,PPA2,"PPA2, HSPC124, SCFAI, SCFI, SID6-306...",1000,483,46,17,977,474,1023,492
Mus musculus,hsa00190,136,SDHC,"SDHC, CYB560, CYBL, PGL3, PPGL3, QPS1, SDH3",98,752,46,17,75,744,121,760
Mus musculus,hsa00190,137,SDHD,"SDHD, CBT1, CII-4, CWS3, MC2DN3, PGL, PGL1, PPGL1, QPs3, SDH4, cybS",144,752,46,17,121,744,167,760
Mus musculus,hsa00190,138,SDHA,"SDHA, CMD1GG, FP, MC2DN1, NDAXOA, PGL5, PPGL5, SDH1, SDH2, SDHF",190,752,46,17,167,744,213,760
Mus musculus,hsa00190,139,SDHB,"SDHB, CWS2, IP, MC2DN4, PGL4, PPGL4, SDH, SDH1, SDH2, SDHIP",236,752,46,17,213,744,259,760
Mus musculus,hsa00190,15,NDUFC2,NDUFC2-KCTD14...,649,696,46,17,626,688,672,704
Mus musculus,hsa00190,150,UQCRQ,"UQCRQ, MC3DN4, QCR8, QP-C, QPC, UQCR7",741,770,46,17,718,762,764,778
Mus musculus,hsa00190,151,UQCRB,"UQCRB, MC3DN3, QCR7, QP-C, QPC, UQBC, UQBP, UQCR6, UQPC",695,770,46,17,672,762,718,778
Mus musculus,hsa00190,153,UQCRC2,"UQCRC2, MC3DN5, QCR2, UQCR2",603,770,46,17,580,762,626,778
Mus musculus,hsa00190,154,UQCRC1,"UQCRC1, D3S3191, PKNPY, QCR1, UQCR1",557,770,46,17,534,762,580,778
Mus musculus,hsa00190,155,CYC1,"CYC1, MC3DN6, UQCR4",511,753,46,17,488,744,534,762
Mus musculus,hsa00190,157,UQCRFS1,"UQCRFS1, MC3DN10, RIP1, RIS1, RISP, UQCR5",419,753,46,17,396,744,442,762
Mus musculus,hsa00190,164,COX6B1,"COX6B2, COXVIB2, CT59...",512,837,46,17,489,828,535,846
Mus musculus,hsa00190,165,COX6A1,"COX6A1, CMTRID, COX6A, COX6AL...",466,837,46,17,443,828,489,846
Mus musculus,hsa00190,165,COX6A2,"COX6A1, CMTRID, COX6A, COX6AL...",466,837,46,17,443,828,489,846
Mus musculus,hsa00190,167,COX5A,"COX5A, COX, COX-VA, MC4DN20, VA",374,837,46,17,351,828,397,846
Mus musculus,hsa00190,17,NDUFB10,"NDUFB10, MC1DN35, PDSW",511,696,46,17,488,688,534,704
Mus musculus,hsa00190,171,COX10,"COX10, MC4DN3",98,860,46,17,75,852,121,868
Mus musculus,hsa00190,176,COX10,"COX10, MC4DN3",98,837,46,17,75,828,121,846
Mus musculus,hsa00190,18,NDUFB9,"NDUFB9, B22, CI-B22, LYRM3, MC1DN24, UQOR22",465,696,46,17,442,688,488,704
Mus musculus,hsa00190,186,ATP5F1B,"ATP5F1B, ATP5B, ATPMB, ATPSB, HEL-S-271, HUMOP2",1002,687,46,17,979,678,1025,696
Mus musculus,hsa00190,187,ATP5F1A,"ATP5F1A, ATP5A, ATP5A1, ATP5AL2, ATPM, COXPD22, HEL-S-123m, MC5DN4, MC5DN4A, MC5DN4B, MOM2, OMR, ORM, hATP1",956,687,46,17,933,678,979,696
Mus musculus,hsa00190,189,ATP5PO,"ATP5PO, ATP5O, ATPO, HMC08D05, MC5DN7, OSCP",956,704,46,17,933,696,979,712
Mus musculus,hsa00190,19,NDUFB8,"NDUFB8, ASHI, CI-ASHI, MC1DN32",419,696,46,17,396,688,442,704
Mus musculus,hsa00190,190,ATP5F1D,"ATP5F1D, ATP5D, MC5DN5",1094,687,46,17,1071,678,1117,696
Mus musculus,hsa00190,191,ATP5F1E,"ATP5F1E, ATP5E, ATPE, MC5DN3",1140,687,46,17,1117,678,1163,696
Mus musculus,hsa00190,2,COX4I1,"COX4I1, COX_IV-1, COX4, COX4-1, COXIV, COXIV-1, MC4DN16...",328,837,46,17,305,828,351,846
Mus musculus,hsa00190,2,COX4I2,"COX4I1, COX_IV-1, COX4, COX4-1, COXIV, COXIV-1, MC4DN16...",328,837,46,17,305,828,351,846
Mus musculus,hsa00190,210,ATP6V1A,"ATP6V1A, ARCL2D, ATP6A1, ATP6V1A1, DEE93, HO68, IECEE3, VA68, VPP2, Vma1",956,879,46,17,933,870,979,888
Mus musculus,hsa00190,214,ATP6V1E1,"ATP6V1E1, ARCL2C, ATP6E, ATP6E2, ATP6V1E, P31, Vma4...",1140,879,46,17,1117,870,1163,888
Mus musculus,hsa00190,218,ATP6V0A2,"TCIRG1, ATP6N1C, ATP6V0A3, Atp6i, OC-116kDa, OC116, OPTB1, Stv1, TIRC7, Vph1, a3...",956,896,46,17,933,888,979,904
Mus musculus,hsa00190,221,ATP6AP1,"ATP6AP1, 16A, ATP6IP1, ATP6S1, Ac45, CF2, VATPS1, XAP-3, XAP3",1140,896,46,17,1117,888,1163,904
Mus musculus,hsa00190,24,NDUFB3,"NDUFB3, B12, CI-B12, MC1DN25",189,696,46,17,166,688,212,704
Mus musculus,hsa00190,252,NDUFB11,"NDUFB11, CI-ESSS, ESSS, MC1DN30, NP17.3, Np15, P17.3",557,696,46,17,534,688,580,704
Mus musculus,hsa00190,253,NDUFA12,"NDUFA12, B17.2, DAP13, MC1DN23",649,672,46,17,626,664,672,680
Mus musculus,hsa00190,254,NDUFA13,"NDUFA13, B16.6, CDA016, CGI-39, GRIM-19, GRIM19, MC1DN28",695,672,46,17,672,664,718,680
Mus musculus,hsa00190,255,SDHA,"SDHA, CMD1GG, FP, MC2DN1, NDAXOA, PGL5, PPGL5, SDH1, SDH2, SDHF...",480,386,46,17,457,378,503,394
Mus musculus,hsa00190,255,SDHB,"SDHA, CMD1GG, FP, MC2DN1, NDAXOA, PGL5, PPGL5, SDH1, SDH2, SDHF...",480,386,46,17,457,378,503,394
Mus musculus,hsa00190,255,SDHC,"SDHA, CMD1GG, FP, MC2DN1, NDAXOA, PGL5, PPGL5, SDH1, SDH2, SDHF...",480,386,46,17,457,378,503,394
Mus musculus,hsa00190,255,SDHD,"SDHA, CMD1GG, FP, MC2DN1, NDAXOA, PGL5, PPGL5, SDH1, SDH2, SDHF...",480,386,46,17,457,378,503,394
Mus musculus,hsa00190,27,NDUFA11,"NDUFA11, B14.7, CI-B14.7, MC1DN14",603,672,46,17,580,664,626,680
Mus musculus,hsa00190,275,CYCS,"CYCS, CYC, HCS, THC4",849,904,46,17,826,896,872,912
Mus musculus,hsa00190,29,NDUFA10,"NDUFA10, CI-42KD, CI-42k, MC1DN22",511,672,46,17,488,664,534,680
Mus musculus,hsa00190,30,NDUFA9,"NDUFA9, CC6, CI-39k, CI39k, COQ11, MC1DN26, NDUFS2L, SDR22E1",465,672,46,17,442,664,488,680
Mus musculus,hsa00190,31,NDUFA8,"NDUFA8, CI-19KD, CI-PGIV, MC1DN37, PGIV",419,672,46,17,396,664,442,680
Mus musculus,hsa00190,33,NDUFA6,"NDUFA6, B14, CI-B14, LYRM6, MC1DN33, NADHB14",327,672,46,17,304,664,350,680
Mus musculus,hsa00190,35,NDUFA4,107984365...,235,672,46,17,212,664,258,680
Mus musculus,hsa00190,37,NDUFA2,"NDUFA2, B8, CD14, CIB8, MC1DN13",143,672,46,17,120,664,166,680
Mus musculus,hsa00190,38,NDUFA1,"NDUFA1, CI-MWFE, MC1DN12, MWFE, ZNF183",97,672,46,17,74,664,120,680
Mus musculus,hsa00190,43,NDUFV2,"NDUFV2, CI-24k, MC1DN7",511,600,46,17,488,592,534,608
Mus musculus,hsa00190,44,NDUFV1,"NDUFV1, CI-51K, CI51KD, MC1DN4, UQOR1",465,600,46,17,442,592,488,608
Mus musculus,hsa00190,45,NDUFS8,"NDUFS8, CI-23k, CI23KD, MC1DN2, TYKY",419,600,46,17,396,592,442,608
Mus musculus,hsa00190,46,NDUFS7,"NDUFS7, CI-20, CI-20KD, MC1DN3, MY017, PSST",373,600,46,17,350,592,396,608
Mus musculus,hsa00190,47,NDUFS6,"NDUFS6, CI-13kA, CI-13kD-A, CI13KDA, MC1DN9",327,600,46,17,304,592,350,608
Mus musculus,hsa00190,49,NDUFS4,"NDUFS4, AQDQ, CI-18, CI-18_kDa, CI-AQDQ, MC1DN1",235,600,46,17,212,592,258,608
Mus musculus,hsa00190,50,NDUFS3,"NDUFS3, CI-30, MC1DN8",189,600,46,17,166,592,212,608
Mus musculus,hsa00190,51,NDUFS2,"NDUFS2, CI-49, LHONAR2, MC1DN6",143,600,46,17,120,592,166,608
Mus musculus,hsa00190,52,NDUFS1,"NDUFS1, CI-75Kd, CI-75k, MC1DN5, PRO1304",97,600,46,17,74,592,120,608
Mus musculus,hsa00190,92,COX15,"COX15, CEMCOX2, MC4DN6",834,846,46,17,811,838,857,854
Mus musculus,hsa00190,93,COX11,"COX11, COX11P, MC4DN23",788,846,46,17,765,838,811,854
Mus musculus,hsa00190,95,COX8A,"COX8A, COX, COX8, COX8-2, COX8L, MC4DN15, VIII, VIII-L...",742,837,46,17,719,828,765,846
Mus musculus,hsa00190,97,COX7B,"COX7B, APLCC, LSDMCA2...",650,837,46,17,627,828,673,846
Mus musculus,hsa00220,115,CAD,"CAD, CDG1Z, DEE50, EIEE50, GATD4",401,203,46,17,378,194,424,212
Mus musculus,hsa00220,45,GLS,"GLS2, GA, GLS, LGA, hLGA...",160,203,46,17,137,194,183,212
Mus musculus,hsa00220,46,GLUL,"GLUL, DEE116, GLNS, GS, PIG43, PIG59",107,203,46,17,84,194,130,212
Mus musculus,hsa00220,48,CPS1,"CPS1, CPSASE1, GATD6, PHN",285,265,46,17,262,256,308,274
Mus musculus,hsa00220,49,OTC,"OTC, OCTD, OTC1, OTCD, OTCase",695,238,46,17,672,230,718,246
Mus musculus,hsa00220,50,ASS1,"ASS1, ASS, CTLN1",729,111,46,17,706,102,752,120
Mus musculus,hsa00220,52,ASL,"ASL, ASAL",899,109,46,17,876,100,922,118
Mus musculus,hsa00220,53,ARG1,ARG1...,897,296,46,17,874,288,920,304
Mus musculus,hsa00220,54,NAGS,"NAGS, AGAS, ARGA",233,363,46,17,210,354,256,372
Mus musculus,hsa00220,58,ACY1,ABHD14A-ACY1...,636,353,46,17,613,344,659,362
Mus musculus,hsa00220,67,GLUD1,"GLUD1, GDH, GDH1, GLUD, hGDH1...",160,324,46,17,137,316,183,332
Mus musculus,hsa00220,88,GOT2,GOT1L1...,129,353,46,17,106,344,152,362
Mus musculus,hsa00220,89,GPT2,"GPT, AAT1, ALT, ALT1, GPT1, SGPT...",129,374,46,17,106,366,152,382
Mus musculus,hsa00230,141,RRM1,"RRM2B, MTDPS8A, MTDPS8B, P53R2, RCDFRD...",466,491,46,17,443,482,489,500
Mus musculus,hsa00230,141,RRM2B,"RRM2B, MTDPS8A, MTDPS8B, P53R2, RCDFRD...",466,491,46,17,443,482,489,500
Mus musculus,hsa00230,144,XDH,"XDH, XAN1, XO, XOR",848,750,46,17,825,742,871,758
Mus musculus,hsa00230,161,PRPS1,"PRPS1L1, PRPS1, PRPS3, PRPSL, PRS-III...",193,188,46,17,170,180,216,196
Mus musculus,hsa00230,167,ATIC,"ATIC, AICAR, AICARFT, HEL-S-70p, IMPCHASE, PURH",957,213,46,17,934,204,980,222
Mus musculus,hsa00230,168,ADSL,"ADSL, AMPS, ASASE, ASL",934,188,46,17,911,180,957,196
Mus musculus,hsa00230,169,PAICS,"PAICS, ADE2, ADE2H1, AIRC, PAICSD, PAIS",839,188,46,17,816,180,862,196
Mus musculus,hsa00230,170,PAICS,"PAICS, ADE2, ADE2H1, AIRC, PAICSD, PAIS",745,188,46,17,722,180,768,196
Mus musculus,hsa00230,171,ATIC,"ATIC, AICAR, AICARFT, HEL-S-70p, IMPCHASE, PURH",982,283,46,17,959,274,1005,292
Mus musculus,hsa00230,175,ENTPD1,"ENTPD8, E-NTPDase, GLSR2492, NTPDase-8, UNQ2492...",1444,422,46,17,1421,414,1467,430
Mus musculus,hsa00230,177,NME3,"NME6, IPIA-ALPHA, NDK 6, NM23-H6...",1470,462,46,17,1447,454,1493,470
Mus musculus,hsa00230,178,NME3,"NME6, IPIA-ALPHA, NDK 6, NM23-H6...",1470,540,46,17,1447,532,1493,548
Mus musculus,hsa00230,179,RRM1,"RRM2B, MTDPS8A, MTDPS8B, P53R2, RCDFRD...",1381,508,46,17,1358,500,1404,516
Mus musculus,hsa00230,179,RRM2B,"RRM2B, MTDPS8A, MTDPS8B, P53R2, RCDFRD...",1381,508,46,17,1358,500,1404,516
Mus musculus,hsa00230,180,ENTPD1,"ENTPD8, E-NTPDase, GLSR2492, NTPDase-8, UNQ2492...",1297,427,46,17,1274,418,1320,436
Mus musculus,hsa00230,181,AK1,"AK6, AD-004, CGI-137, CINAP, CIP, hCINAP...",1331,452,46,17,1308,444,1354,460
Mus musculus,hsa00230,181,AK2,"AK6, AD-004, CGI-137, CINAP, CIP, hCINAP...",1331,452,46,17,1308,444,1354,460
Mus musculus,hsa00230,181,AK7,"AK6, AD-004, CGI-137, CINAP, CIP, hCINAP...",1331,452,46,17,1308,444,1354,460
Mus musculus,hsa00230,182,ADSL,"ADSL, AMPS, ASASE, ASL",1140,342,46,17,1117,334,1163,350
Mus musculus,hsa00230,183,ADSS1,"ADSS1, ADSSL1, MPD5...",1033,342,46,17,1010,334,1056,350
Mus musculus,hsa00230,184,AMPD1,"AMPD1, MAD, MADA, MMDD...",1091,460,46,17,1068,452,1114,468
Mus musculus,hsa00230,184,AMPD2,"AMPD1, MAD, MADA, MMDD...",1091,460,46,17,1068,452,1114,468
Mus musculus,hsa00230,184,AMPD3,"AMPD1, MAD, MADA, MMDD...",1091,460,46,17,1068,452,1114,468
Mus musculus,hsa00230,185,NT5E,"NT5C1B-RDH14, AIRP, NT5C1B, cN-IB, cN1B...",1192,510,46,17,1169,502,1215,518
Mus musculus,hsa00230,186,ADK,"ADK, AK",1121,510,46,17,1098,502,1144,518
Mus musculus,hsa00230,187,APRT,"APRT, AMP, APRTD",1300,552,46,17,1277,544,1323,560
Mus musculus,hsa00230,189,NT5E,"NT5C1B-RDH14, AIRP, NT5C1B, cN-IB, cN1B...",1470,613,46,17,1447,604,1493,622
Mus musculus,hsa00230,190,ADA,"ADA, ADA1...",1566,718,46,17,1543,710,1589,726
Mus musculus,hsa00230,190,ADA2,"ADA, ADA1...",1566,718,46,17,1543,710,1589,726
Mus musculus,hsa00230,191,PNP,"PNP, NP, PRO1837, PUNP",1395,757,46,17,1372,748,1418,766
Mus musculus,hsa00230,193,PNP,"PNP, NP, PRO1837, PUNP",824,638,46,17,801,630,847,646
Mus musculus,hsa00230,195,NT5E,"NT5C1B-RDH14, AIRP, NT5C1B, cN-IB, cN1B...",1010,510,46,17,987,502,1033,518
Mus musculus,hsa00230,196,ADA,"ADA, ADA1...",1091,563,46,17,1068,554,1114,572
Mus musculus,hsa00230,196,ADA2,"ADA, ADA1...",1091,563,46,17,1068,554,1114,572
Mus musculus,hsa00230,196,LACC1,"ADA, ADA1...",1091,563,46,17,1068,554,1114,572
Mus musculus,hsa00230,200,ENTPD1,"ENTPD8, E-NTPDase, GLSR2492, NTPDase-8, UNQ2492...",894,369,46,17,871,360,917,378
Mus musculus,hsa00230,201,NME3,"NME6, IPIA-ALPHA, NDK 6, NM23-H6...",805,328,46,17,782,320,828,336
Mus musculus,hsa00230,202,ENTPD1,"ENTPD8, E-NTPDase, GLSR2492, NTPDase-8, UNQ2492...",805,352,46,17,782,344,828,360
Mus musculus,hsa00230,204,IMPDH1,"IMPDH1, IMPD, IMPD1, IMPDH-I, LCA11, RP10, sWSS2608...",903,453,46,17,880,444,926,462
Mus musculus,hsa00230,204,IMPDH2,"IMPDH1, IMPD, IMPD1, IMPDH-I, LCA11, RP10, sWSS2608...",903,453,46,17,880,444,926,462
Mus musculus,hsa00230,206,ENTPD1,"ENTPD8, E-NTPDase, GLSR2492, NTPDase-8, UNQ2492...",539,405,46,17,516,396,562,414
Mus musculus,hsa00230,207,CANT1,"CANT1, DBQD, DBQD1, EDM7, SCAN-1, SCAN1, SHAPY...",539,426,46,17,516,418,562,434
Mus musculus,hsa00230,208,HPRT1,"HPRT1, HGPRT, HPRT",932,552,46,17,909,544,955,560
Mus musculus,hsa00230,210,LACC1,"LACC1, C13orf31, FAMIN, JUVAR...",1192,606,46,17,1169,598,1215,614
Mus musculus,hsa00230,210,PNP,"LACC1, C13orf31, FAMIN, JUVAR...",1192,606,46,17,1169,598,1215,614
Mus musculus,hsa00230,211,XDH,"XDH, XAN1, XO, XOR",904,680,46,17,881,672,927,688
Mus musculus,hsa00230,212,NT5E,"NT5C1B-RDH14, AIRP, NT5C1B, cN-IB, cN1B...",624,529,46,17,601,520,647,538
Mus musculus,hsa00230,213,LACC1,"LACC1, C13orf31, FAMIN, JUVAR...",986,638,46,17,963,630,1009,646
Mus musculus,hsa00230,213,PNP,"LACC1, C13orf31, FAMIN, JUVAR...",986,638,46,17,963,630,1009,646
Mus musculus,hsa00230,215,HPRT1,"HPRT1, HGPRT, HPRT",851,613,46,17,828,604,874,622
Mus musculus,hsa00230,217,NT5E,"NT5C1B-RDH14, AIRP, NT5C1B, cN-IB, cN1B...",824,510,46,17,801,502,847,518
Mus musculus,hsa00230,218,HPRT1,"HPRT1, HGPRT, HPRT",541,630,46,17,518,622,564,638
Mus musculus,hsa00230,219,GUK1,"GUK1, GMK, MTDPS21",539,449,46,17,516,440,562,458
Mus musculus,hsa00230,220,PNP,"PNP, NP, PRO1837, PUNP",539,692,46,17,516,684,562,700
Mus musculus,hsa00230,233,PRUNE1,"PRUNE1, DRES-17, DRES17, H-PRUNE, HTCD37, NMIHBA, PRUNE",267,323,46,17,244,314,290,332
Mus musculus,hsa00230,235,ENTPD1,"ENTPD8, E-NTPDase, GLSR2492, NTPDase-8, UNQ2492...",404,416,46,17,381,408,427,424
Mus musculus,hsa00230,236,NME3,"NME6, IPIA-ALPHA, NDK 6, NM23-H6...",404,449,46,17,381,440,427,458
Mus musculus,hsa00230,237,GUK1,"GUK1, GMK, MTDPS21",467,572,46,17,444,564,490,580
Mus musculus,hsa00230,238,NME3,"NME6, IPIA-ALPHA, NDK 6, NM23-H6...",404,541,46,17,381,532,427,550
Mus musculus,hsa00230,240,NT5E,"NT5C1B-RDH14, AIRP, NT5C1B, cN-IB, cN1B...",404,613,46,17,381,604,427,622
Mus musculus,hsa00230,241,LACC1,"LACC1, C13orf31, FAMIN, JUVAR...",624,608,46,17,601,600,647,616
Mus musculus,hsa00230,241,PNP,"LACC1, C13orf31, FAMIN, JUVAR...",624,608,46,17,601,600,647,616
Mus musculus,hsa00230,248,PAPSS2,"PAPSS2, ATPSK2, BCYM4, SK2...",1553,211,46,17,1530,202,1576,220
Mus musculus,hsa00230,249,PAPSS2,"PAPSS2, ATPSK2, BCYM4, SK2...",1505,249,46,17,1482,240,1528,258
Mus musculus,hsa00230,254,XDH,"XDH, XAN1, XO, XOR",904,701,46,17,881,692,927,710
Mus musculus,hsa00230,255,XDH,"XDH, XAN1, XO, XOR",798,750,46,17,775,742,821,758
Mus musculus,hsa00230,256,PFAS,"PFAS, FGAMS, FGAR-AT, FGARAT, GATD8, PURL",558,188,46,17,535,180,581,196
Mus musculus,hsa00230,258,ITPA,"ITPA, C20orf37, DEE35, HLC14-06-P, ITPase, My049, NTPase, dJ794I6.3",863,299,46,17,840,290,886,308
Mus musculus,hsa00230,262,ITPA,"ITPA, C20orf37, DEE35, HLC14-06-P, ITPase, My049, NTPase, dJ794I6.3",775,485,46,17,752,476,798,494
Mus musculus,hsa00230,272,DGUOK,DCK...,404,655,46,17,381,646,427,664
Mus musculus,hsa00230,282,PNP,"PNP, NP, PRO1837, PUNP",1395,695,46,17,1372,686,1418,704
Mus musculus,hsa00230,283,AK1,"AK6, AD-004, CGI-137, CINAP, CIP, hCINAP...",1405,581,46,17,1382,572,1428,590
Mus musculus,hsa00230,283,AK2,"AK6, AD-004, CGI-137, CINAP, CIP, hCINAP...",1405,581,46,17,1382,572,1428,590
Mus musculus,hsa00230,283,AK7,"AK6, AD-004, CGI-137, CINAP, CIP, hCINAP...",1405,581,46,17,1382,572,1428,590
Mus musculus,hsa00230,291,NME3,"NME6, IPIA-ALPHA, NDK 6, NM23-H6...",464,263,46,17,441,254,487,272
Mus musculus,hsa00230,300,APRT,"APRT, AMP, APRTD",1035,188,46,17,1012,180,1058,196
Mus musculus,hsa00230,301,CANT1,"CANT1, DBQD, DBQD1, EDM7, SCAN-1, SCAN1, SHAPY...",942,369,46,17,919,360,965,378
Mus musculus,hsa00230,433,PGM1,"PGM1, CDG1T, GSD14...",112,199,46,17,89,190,135,208
Mus musculus,hsa00230,440,ITPA,"ITPA, C20orf37, DEE35, HLC14-06-P, ITPase, My049, NTPase, dJ794I6.3",552,264,46,17,529,256,575,272
Mus musculus,hsa00230,444,ENPP1,"ENPP1, ARHR2, COLED, M6S1, NPP1, NPPS, PC-1, PCA1, PDNP1...",1297,379,46,17,1274,370,1320,388
Mus musculus,hsa00230,445,ENPP1,"ENPP1, ARHR2, COLED, M6S1, NPP1, NPPS, PC-1, PCA1, PDNP1...",539,362,46,17,516,354,562,370
Mus musculus,hsa00230,467,ADSL,"ADSL, AMPS, ASASE, ASL",422,744,46,17,399,736,445,752
Mus musculus,hsa00230,470,GUK1,"GUK1, GMK, MTDPS21",328,744,46,17,305,736,351,752
Mus musculus,hsa00230,473,NME3,"NME6, IPIA-ALPHA, NDK 6, NM23-H6...",232,744,46,17,209,736,255,752
Mus musculus,hsa00230,480,XDH,"XDH, XAN1, XO, XOR",1230,733,46,17,1207,724,1253,742
Mus musculus,hsa00230,481,XDH,"XDH, XAN1, XO, XOR",1230,712,46,17,1207,704,1253,720
Mus musculus,hsa00230,484,XDH,"XDH, XAN1, XO, XOR",1343,733,46,17,1320,724,1366,742
Mus musculus,hsa00230,485,XDH,"XDH, XAN1, XO, XOR",1343,712,46,17,1320,704,1366,720
Mus musculus,hsa00230,510,APRT,"APRT, AMP, APRTD",1300,552,46,17,1277,544,1323,560
Mus musculus,hsa00230,511,HPRT1,"HPRT1, HGPRT, HPRT",932,552,46,17,909,544,955,560
Mus musculus,hsa00230,512,HPRT1,"HPRT1, HGPRT, HPRT",541,630,46,17,518,622,564,638
Mus musculus,hsa00232,40,XDH,"XDH, XAN1, XO, XOR",396,641,46,17,373,632,419,650
Mus musculus,hsa00232,47,XDH,"XDH, XAN1, XO, XOR",551,408,46,17,528,400,574,416
Mus musculus,hsa00232,59,XDH,"XDH, XAN1, XO, XOR",393,359,46,17,370,350,416,368
Mus musculus,hsa00232,65,XDH,"XDH, XAN1, XO, XOR",476,179,46,17,453,170,499,188
Mus musculus,hsa00240,100,NME3,"NME6, IPIA-ALPHA, NDK 6, NM23-H6...",395,237,46,17,372,228,418,246
Mus musculus,hsa00240,101,CMPK2,"CMPK2, IBGC10, NDK, TMPK2, TYKi, UMP-CMPK2...",506,226,46,17,483,218,529,234
Mus musculus,hsa00240,103,CTPS1,"CTPS1, CTPS, GATD5, GATD5A, IMD24...",334,319,46,17,311,310,357,328
Mus musculus,hsa00240,104,ENTPD1,"ENTPD8, E-NTPDase, GLSR2492, NTPDase-8, UNQ2492...",395,262,46,17,372,254,418,270
Mus musculus,hsa00240,106,CANT1,"CANT1, DBQD, DBQD1, EDM7, SCAN-1, SCAN1, SHAPY...",506,184,46,17,483,176,529,192
Mus musculus,hsa00240,107,ENTPD1,"ENTPD8, E-NTPDase, GLSR2492, NTPDase-8, UNQ2492...",506,205,46,17,483,196,529,214
Mus musculus,hsa00240,110,NT5E,"NT5C1B-RDH14, AIRP, NT5C1B, cN-IB, cN1B...",639,255,46,17,616,246,662,264
Mus musculus,hsa00240,114,DPYD,"DPYD, DHP, DHPDHASE, DPD, DYPD",930,246,46,17,907,238,953,254
Mus musculus,hsa00240,115,DPYS,"DPYS, DHP, DHPase",1032,236,46,17,1009,228,1055,244
Mus musculus,hsa00240,116,UPB1,"UPB1, BUP1",1127,236,46,17,1104,228,1150,244
Mus musculus,hsa00240,117,ENTPD1,"ENTPD8, E-NTPDase, GLSR2492, NTPDase-8, UNQ2492...",395,418,46,17,372,410,418,426
Mus musculus,hsa00240,118,NME3,"NME6, IPIA-ALPHA, NDK 6, NM23-H6...",395,437,46,17,372,428,418,446
Mus musculus,hsa00240,119,ENTPD1,"ENTPD8, E-NTPDase, GLSR2492, NTPDase-8, UNQ2492...",506,393,46,17,483,384,529,402
Mus musculus,hsa00240,120,CMPK2,"CMPK2, IBGC10, NDK, TMPK2, TYKi, UMP-CMPK2...",506,417,46,17,483,408,529,426
Mus musculus,hsa00240,122,NT5E,"NT5C1B-RDH14, AIRP, NT5C1B, cN-IB, cN1B...",639,409,46,17,616,400,662,418
Mus musculus,hsa00240,132,RRM1,"RRM2B, MTDPS8A, MTDPS8B, P53R2, RCDFRD...",450,522,46,17,427,514,473,530
Mus musculus,hsa00240,132,RRM2B,"RRM2B, MTDPS8A, MTDPS8B, P53R2, RCDFRD...",450,522,46,17,427,514,473,530
Mus musculus,hsa00240,133,NME3,"NME6, IPIA-ALPHA, NDK 6, NM23-H6...",395,599,46,17,372,590,418,608
Mus musculus,hsa00240,135,CMPK2,"CMPK2, IBGC10, NDK, TMPK2, TYKi, UMP-CMPK2...",506,588,46,17,483,580,529,596
Mus musculus,hsa00240,139,NT5E,"NT5C1B-RDH14, AIRP, NT5C1B, cN-IB, cN1B...",639,579,46,17,616,570,662,588
Mus musculus,hsa00240,141,NME3,"NME6, IPIA-ALPHA, NDK 6, NM23-H6...",395,744,46,17,372,736,418,752
Mus musculus,hsa00240,143,DTYMK,"DTYMK, CDC8, CONPM, PP3731, TMPK, TYMK",506,752,46,17,483,744,529,760
Mus musculus,hsa00240,144,TK2,"TK1, TK2...",639,796,46,17,616,788,662,804
Mus musculus,hsa00240,148,TYMP,"TYMP, ECGF, ECGF1, MEDPS1, MNGIE, MTDPS1, PDECGF, TP, hPD-ECGF",768,772,46,17,745,764,791,780
Mus musculus,hsa00240,149,TYMS,"TYMS, DKCD, HST422, TMS, TS",538,826,46,17,515,818,561,834
Mus musculus,hsa00240,150,NME3,"NME6, IPIA-ALPHA, NDK 6, NM23-H6...",395,901,46,17,372,892,418,910
Mus musculus,hsa00240,151,ENTPD1,"ENTPD8, E-NTPDase, GLSR2492, NTPDase-8, UNQ2492...",395,928,46,17,372,920,418,936
Mus musculus,hsa00240,153,DTYMK,"DTYMK, CDC8, CONPM, PP3731, TMPK, TYMK",506,892,46,17,483,884,529,900
Mus musculus,hsa00240,154,ENTPD1,"ENTPD8, E-NTPDase, GLSR2492, NTPDase-8, UNQ2492...",506,911,46,17,483,902,529,920
Mus musculus,hsa00240,155,NT5E,"NT5C1B-RDH14, AIRP, NT5C1B, cN-IB, cN1B...",639,882,46,17,616,874,662,890
Mus musculus,hsa00240,156,TK2,"TK1, TK2...",639,840,46,17,616,832,662,848
Mus musculus,hsa00240,158,TYMP,"TYMP, ECGF, ECGF1, MEDPS1, MNGIE, MTDPS1, PDECGF, TP, hPD-ECGF",768,912,46,17,745,904,791,920
Mus musculus,hsa00240,162,DPYD,"DPYD, DHP, DHPDHASE, DPD, DYPD",930,912,46,17,907,904,953,920
Mus musculus,hsa00240,164,DPYS,"DPYS, DHP, DHPase",1032,902,46,17,1009,894,1055,910
Mus musculus,hsa00240,165,UPB1,"UPB1, BUP1",1127,902,46,17,1104,894,1150,910
Mus musculus,hsa00240,166,DHODH,"DHODH, DHOdehase, POADS, URA1",290,173,46,17,267,164,313,182
Mus musculus,hsa00240,170,UMPS,"UMPS, ODC, OPRT",519,154,46,17,496,146,542,162
Mus musculus,hsa00240,175,ENPP1,"ENPP1, ARHR2, COLED, M6S1, NPP1, NPPS, PC-1, PCA1, PDNP1...",453,288,46,17,430,280,476,296
Mus musculus,hsa00240,275,NT5E,"NT5C1B-RDH14, AIRP, NT5C1B, cN-IB, cN1B...",639,734,46,17,616,726,662,742
Mus musculus,hsa00240,280,NME3,"NME6, IPIA-ALPHA, NDK 6, NM23-H6...",790,542,46,17,767,534,813,550
Mus musculus,hsa00240,293,ENPP1,"ENPP1, ARHR2, COLED, M6S1, NPP1, NPPS, PC-1, PCA1, PDNP1...",453,952,46,17,430,944,476,960
Mus musculus,hsa00240,295,ENPP1,"ENPP1, ARHR2, COLED, M6S1, NPP1, NPPS, PC-1, PCA1, PDNP1...",453,358,46,17,430,350,476,366
Mus musculus,hsa00240,296,DUT,"DUT, BMFDMS, dUTPase",453,711,46,17,430,702,476,720
Mus musculus,hsa00240,310,NT5C3A,"NT5C3B, CNIIIL, NT5C3L, cN-IIIB...",639,428,46,17,616,420,662,436
Mus musculus,hsa00240,82,RRM1,"RRM2B, MTDPS8A, MTDPS8B, P53R2, RCDFRD...",450,807,46,17,427,798,473,816
Mus musculus,hsa00240,82,RRM2B,"RRM2B, MTDPS8A, MTDPS8B, P53R2, RCDFRD...",450,807,46,17,427,798,473,816
Mus musculus,hsa00240,89,CAD,"CAD, CDG1Z, DEE50, EIEE50, GATD4",128,264,46,17,105,256,151,272
Mus musculus,hsa00240,95,CAD,"CAD, CDG1Z, DEE50, EIEE50, GATD4",128,192,46,17,105,184,151,200
Mus musculus,hsa00240,96,CAD,"CAD, CDG1Z, DEE50, EIEE50, GATD4",179,154,46,17,156,146,202,162
Mus musculus,hsa00240,99,UMPS,"UMPS, ODC, OPRT",422,154,46,17,399,146,445,162
Mus musculus,hsa00250,102,GLUL,"GLUL, DEE116, GLNS, GS, PIG43, PIG59",763,716,46,17,740,708,786,724
Mus musculus,hsa00250,105,GLS,"GLS2, GA, GLS, LGA, hLGA...",763,758,46,17,740,750,786,766
Mus musculus,hsa00250,110,CAD,"CAD, CDG1Z, DEE50, EIEE50, GATD4",848,794,46,17,825,786,871,802
Mus musculus,hsa00250,113,CPS1,"CPS1, CPSASE1, GATD6, PHN",778,833,46,17,755,824,801,842
Mus musculus,hsa00250,121,ALDH4A1,"ALDH4A1, ALDH4, P5CD, P5CDh",676,793,46,17,653,784,699,802
Mus musculus,hsa00250,123,GFPT1,"GFPT1, CMS12, CMSTA1, GFA, GFAT, GFAT_1, GFAT1, GFAT1m, GFPT, GFPT1L, MSLG...",897,671,46,17,874,662,920,680
Mus musculus,hsa00250,162,ASPA,"ASPA, ACY2, ASP",581,241,46,17,558,232,604,250
Mus musculus,hsa00250,35,ASNS,"ASNS, ASNSD, TS11",647,273,46,17,624,264,670,282
Mus musculus,hsa00250,44,NAT8L,"NAT8L, CML3, NACED, NAT8-LIKE",581,210,46,17,558,202,604,218
Mus musculus,hsa00250,49,GOT2,GOT1L1...,608,528,46,17,585,520,631,536
Mus musculus,hsa00250,55,ASS1,"ASS1, ASS, CTLN1",415,348,46,17,392,340,438,356
Mus musculus,hsa00250,56,ADSS1,"ADSS1, ADSSL1, MPD5...",358,348,46,17,335,340,381,356
Mus musculus,hsa00250,58,ASL,"ASL, ASAL",416,442,46,17,393,434,439,450
Mus musculus,hsa00250,59,ADSL,"ADSL, AMPS, ASASE, ASL",359,442,46,17,336,434,382,450
Mus musculus,hsa00250,61,AGXT,"AGXT, AGT, AGT1, AGXT1, PH1, SPAT, SPT, Ser-PyrAT, TLH6...",143,395,46,17,120,386,166,404
Mus musculus,hsa00250,61,AGXT2,"AGXT, AGT, AGT1, AGXT1, PH1, SPAT, SPT, Ser-PyrAT, TLH6...",143,395,46,17,120,386,166,404
Mus musculus,hsa00250,63,GPT2,"GPT, AAT1, ALT, ALT1, GPT1, SGPT...",55,426,46,17,32,418,78,434
Mus musculus,hsa00250,71,CAD,"CAD, CDG1Z, DEE50, EIEE50, GATD4",581,149,46,17,558,140,604,158
Mus musculus,hsa00250,86,ALDH5A1,"ALDH5A1, SSADH, SSDH",309,661,46,17,286,652,332,670
Mus musculus,hsa00250,93,GLUD1,"GLUD1, GDH, GDH1, GLUD, hGDH1...",551,672,46,17,528,664,574,680
Mus musculus,hsa00250,97,ABAT,"ABAT, GABA-AT, GABAT, NPD009",352,708,46,17,329,700,375,716
Mus musculus,hsa00250,99,GAD1,"GAD1, CPSQ1, DEE89, GAD, SCP...",542,719,46,17,519,710,565,728
Mus musculus,hsa00260,111,GLDC,"GLDC, GCE, GCE1, GCSP, HYGN1",785,577,46,17,762,568,808,586
Mus musculus,hsa00260,112,ALAS2,"ALAS1, ALAS, ALAS-H, ALAS3, ALASH, MIG4...",744,625,46,17,721,616,767,634
Mus musculus,hsa00260,115,MAOA,"MAOA, BRNRS, MAO-A...",837,755,46,17,814,746,860,764
Mus musculus,hsa00260,116,GRHPR,"GRHPR, GLXR, GLYD, PH2",139,203,46,17,116,194,162,212
Mus musculus,hsa00260,120,AMT,"AMT, GCE, GCE2, GCST, GCVT, NKH",904,515,46,17,881,506,927,524
Mus musculus,hsa00260,123,DLD,"DLD, DLDD, DLDH, E3, GCSL, LAD, OGDC-E3, PHE3",1040,539,46,17,1017,530,1063,548
Mus musculus,hsa00260,125,GNMT,CNPY3-GNMT...,508,622,46,17,485,614,531,630
Mus musculus,hsa00260,202,AGXT,"AGXT, AGT, AGT1, AGXT1, PH1, SPAT, SPT, Ser-PyrAT, TLH6",276,280,46,17,253,272,299,288
Mus musculus,hsa00260,203,CBS,"CBS, CBSL...",532,361,46,17,509,352,555,370
Mus musculus,hsa00260,207,AGXT,"AGXT, AGT, AGT1, AGXT1, PH1, SPAT, SPT, Ser-PyrAT, TLH6...",741,529,46,17,718,520,764,538
Mus musculus,hsa00260,207,AGXT2,"AGXT, AGT, AGT1, AGXT1, PH1, SPAT, SPT, Ser-PyrAT, TLH6...",741,529,46,17,718,520,764,538
Mus musculus,hsa00260,216,GLYCTK,"GLYCTK, HBEBP2, HBEBP4, HBeAgBP4A",204,169,46,17,181,160,227,178
Mus musculus,hsa00260,217,PGAM2,"PGAM4, PGAM-B, PGAM1, PGAM3, dJ1000K24.1...",277,125,46,17,254,116,300,134
Mus musculus,hsa00260,228,GCSH,"GCSH, GCE, MMDS7, NKH",973,526,46,17,950,518,996,534
Mus musculus,hsa00260,70,ALDH7A1,"ALDH7A1, ATQ1, EPD, EPEO4, PDE",76,510,46,17,53,502,99,518
Mus musculus,hsa00260,76,AGXT,"AGXT, AGT, AGT1, AGXT1, PH1, SPAT, SPT, Ser-PyrAT, TLH6",581,384,46,17,558,376,604,392
Mus musculus,hsa00260,77,AGXT,"AGXT, AGT, AGT1, AGXT1, PH1, SPAT, SPT, Ser-PyrAT, TLH6",276,301,46,17,253,292,299,310
Mus musculus,hsa00260,79,GAMT,"GAMT, CCDS2, HEL-S-20, PIG2, TP53I2",455,484,46,17,432,476,478,492
Mus musculus,hsa00260,80,PHGDH,"PHGDH, 3-PGDH, 3PGDH, HEL-S-113, NLS, NLS1, PDG, PGAD, PGD, PGDH, PHGDHD, SERA",426,192,46,17,403,184,449,200
Mus musculus,hsa00260,82,DMGDH,"DMGDH, DMGDHD, ME2GLYDH",327,577,46,17,304,568,350,586
Mus musculus,hsa00260,83,CBS,"CBS, CBSL...",480,326,46,17,457,318,503,334
Mus musculus,hsa00260,84,CTH,"CTH, CGL, CSE",480,396,46,17,457,388,503,404
Mus musculus,hsa00260,85,GATM,"GATM, AGAT, AT, CCDS3, FRTS, FRTS1, RFS",539,482,46,17,516,474,562,490
Mus musculus,hsa00260,88,PSAT1,"PSAT1, EPIP, NLS2, PSA, PSAT, PSATD",552,193,46,17,529,184,575,202
Mus musculus,hsa00260,90,SARDH,"SARDH, BPR-2, DMGDHL1, SAR, SARD, SDH",486,587,46,17,463,578,509,596
Mus musculus,hsa00260,91,PSPH,"PSPH, PSP, PSPHD",615,218,46,17,592,210,638,226
Mus musculus,hsa00260,92,SHMT2,"SHMT1, CSHMT, SHMT...",611,426,46,17,588,418,634,434
Mus musculus,hsa00270,101,MAT1A,"MAT2B, MAT-II, MATIIbeta, Nbla02999, SDR23E1, TGR...",616,1081,46,17,593,1072,639,1090
Mus musculus,hsa00270,101,MAT2A,"MAT2B, MAT-II, MATIIbeta, Nbla02999, SDR23E1, TGR...",616,1081,46,17,593,1072,639,1090
Mus musculus,hsa00270,102,AHCY,"AHCYL1, DCAL, IRBIT, PPP1R78, PRO0233, XPVKONA...",694,892,46,17,671,884,717,900
Mus musculus,hsa00270,158,GOT2,GOT1L1...,766,415,46,17,743,406,789,424
Mus musculus,hsa00270,179,CTH,"CTH, CGL, CSE",112,268,46,17,89,260,135,276
Mus musculus,hsa00270,185,GOT2,GOT1L1...,358,560,46,17,335,552,381,568
Mus musculus,hsa00270,195,CTH,"CTH, CGL, CSE",242,472,46,17,219,464,265,480
Mus musculus,hsa00270,198,MPST,"MPST, MST, TST2, TUM1...",163,571,46,17,140,562,186,580
Mus musculus,hsa00270,199,GOT2,GOT1L1...,91,472,46,17,68,464,114,480
Mus musculus,hsa00270,202,LDHA,"LDHAL6A, LDH6A...",116,615,46,17,93,606,139,624
Mus musculus,hsa00270,202,LDHB,"LDHAL6A, LDH6A...",116,615,46,17,93,606,139,624
Mus musculus,hsa00270,242,SMS,"SMS, MRSR, MRXSSR, SPMSY, SRS, SpS",939,1091,46,17,916,1082,962,1100
Mus musculus,hsa00270,253,MDH1,"MDH1, DEE88, EIEE88, HEL-S-32, KAR, MDH-s, MDHA, MGC:1375, MOR2...",861,404,46,17,838,396,884,412
Mus musculus,hsa00270,253,MDH2,"MDH1, DEE88, EIEE88, HEL-S-32, KAR, MDH-s, MDHA, MGC:1375, MOR2...",861,404,46,17,838,396,884,412
Mus musculus,hsa00270,260,BCAT2,"BCAT1, BCATC, BCT1, ECA39, MECA39, PNAS121, PP18...",863,505,46,17,840,496,886,514
Mus musculus,hsa00270,261,AGXT2,"AGXT2, AGT2, BAIBA, DAIBAT",863,526,46,17,840,518,886,534
Mus musculus,hsa00270,262,GCLC,"GCLC, CNSHA7, GCL, GCS, GLCL, GLCLC...",965,516,46,17,942,508,988,524
Mus musculus,hsa00270,265,GSS,"GSS, CNSHA6, GSHS, HEL-S-64p, HEL-S-88n",1068,516,46,17,1045,508,1091,524
Mus musculus,hsa00270,290,PHGDH,"PHGDH, 3-PGDH, 3PGDH, HEL-S-113, NLS, NLS1, PDG, PGAD, PGD, PGDH, PHGDHD, SERA",422,349,46,17,399,340,445,358
Mus musculus,hsa00270,291,PSAT1,"PSAT1, EPIP, NLS2, PSA, PSAT, PSATD",421,293,46,17,398,284,444,302
Mus musculus,hsa00270,320,GNMT,CNPY3-GNMT...,694,977,46,17,671,968,717,986
Mus musculus,hsa00270,78,TAT,TAT,492,1192,46,17,469,1184,515,1200
Mus musculus,hsa00270,86,LACC1,"LACC1, C13orf31, FAMIN, JUVAR...",1051,1168,46,17,1028,1160,1074,1176
Mus musculus,hsa00270,86,MTAP,"LACC1, C13orf31, FAMIN, JUVAR...",1051,1168,46,17,1028,1160,1074,1176
Mus musculus,hsa00270,94,CTH,"CTH, CGL, CSE",515,541,46,17,492,532,538,550
Mus musculus,hsa00270,96,CBS,"CBS, CBSL...",452,805,46,17,429,796,475,814
Mus musculus,hsa00270,97,MTR,"MTR, HMAG, MS, cblG",492,996,46,17,469,988,515,1004
Mus musculus,hsa00280,100,MCEE,"MCEE, GLOD2, MCE, MMCE",531,916,46,17,508,908,554,924
Mus musculus,hsa00280,101,PCCA,PCCA...,622,830,46,17,599,822,645,838
Mus musculus,hsa00280,101,PCCB,PCCA...,622,830,46,17,599,822,645,838
Mus musculus,hsa00280,103,ALDH1B1,"ALDH2, ALDH-E2, ALDHI, ALDM...",419,815,46,17,396,806,442,824
Mus musculus,hsa00280,103,ALDH3A2,"ALDH2, ALDH-E2, ALDHI, ALDM...",419,815,46,17,396,806,442,824
Mus musculus,hsa00280,103,ALDH7A1,"ALDH2, ALDH-E2, ALDHI, ALDM...",419,815,46,17,396,806,442,824
Mus musculus,hsa00280,104,ALDH6A1,"ALDH6A1, MMSADHA, MMSDH",531,757,46,17,508,748,554,766
Mus musculus,hsa00280,105,ABAT,"ABAT, GABA-AT, GABAT, NPD009",389,767,46,17,366,758,412,776
Mus musculus,hsa00280,106,EHHADH,"EHHADH, ECHD, FRTS3, L-PBE, LBFP, LBP, MFE1, PBFE...",597,636,46,17,574,628,620,644
Mus musculus,hsa00280,106,HADH,"EHHADH, ECHD, FRTS3, L-PBE, LBFP, LBP, MFE1, PBFE...",597,636,46,17,574,628,620,644
Mus musculus,hsa00280,106,HSD17B10,"EHHADH, ECHD, FRTS3, L-PBE, LBFP, LBP, MFE1, PBFE...",597,636,46,17,574,628,620,644
Mus musculus,hsa00280,107,HIBADH,"HIBADH, NS5ATP1",445,703,46,17,422,694,468,712
Mus musculus,hsa00280,108,HIBCH,"HIBCH, HIBYLCOAH",444,636,46,17,421,628,467,644
Mus musculus,hsa00280,109,HSD17B10,"HSD17B10, 17b-HSD10, ABAD, CAMR, DUPXp11.22, ERAB, HADH2, HCD2, HSD10MD, MHBD, MRPP2, MRX17, MRX31, MRXS10, SCHAD, SDR5C1",647,636,46,17,624,628,670,644
Mus musculus,hsa00280,110,ECHS1,"ECHS1, ECHS1D, SCEH, mECH, mECH1...",444,564,46,17,421,556,467,572
Mus musculus,hsa00280,110,EHHADH,"ECHS1, ECHS1D, SCEH, mECH, mECH1...",444,564,46,17,421,556,467,572
Mus musculus,hsa00280,110,HADHA,"ECHS1, ECHS1D, SCEH, mECH, mECH1...",444,564,46,17,421,556,467,572
Mus musculus,hsa00280,111,ACADM,"ACADM, ACAD1, MCAD, MCADH",369,477,46,17,346,468,392,486
Mus musculus,hsa00280,112,ACADSB,"ACADSB, 2-MEBCAD, ACAD7, SBCAD",647,477,46,17,624,468,670,486
Mus musculus,hsa00280,113,DBT,"DBT, BCATE2, BCKAD-E2, BCKADE2, BCKDH-E2, BCOADC-E2, E2, E2B",444,399,46,17,421,390,467,408
Mus musculus,hsa00280,114,BCKDHA,"BCKDHA, BCKDE1A, MSU, MSUD1, MSUD1A, OVD1A...",167,261,46,17,144,252,190,270
Mus musculus,hsa00280,114,BCKDHB,"BCKDHA, BCKDE1A, MSU, MSUD1, MSUD1A, OVD1A...",167,261,46,17,144,252,190,270
Mus musculus,hsa00280,115,DBT,"DBT, BCATE2, BCKAD-E2, BCKADE2, BCKDH-E2, BCOADC-E2, E2, E2B",167,399,46,17,144,390,190,408
Mus musculus,hsa00280,116,BCAT2,"BCAT1, BCATC, BCT1, ECA39, MECA39, PNAS121, PP18...",142,194,46,17,119,186,165,202
Mus musculus,hsa00280,121,ACADM,"ACADM, ACAD1, MCAD, MCADH",217,477,46,17,194,468,240,486
Mus musculus,hsa00280,122,ACADM,"ACADM, ACAD1, MCAD, MCADH",697,477,46,17,674,468,720,486
Mus musculus,hsa00280,126,ACADS,"ACADS, ACAD3, SCAD",419,477,46,17,396,468,442,486
Mus musculus,hsa00280,127,ACADS,"ACADS, ACAD3, SCAD",597,477,46,17,574,468,620,486
Mus musculus,hsa00280,174,ACAD8,"ACAD8, ACAD-8, ARC42, IBDH",444,496,46,17,421,488,467,504
Mus musculus,hsa00280,185,ACSF3,ACSF3,444,881,46,17,421,872,467,890
Mus musculus,hsa00280,194,AGXT2,"AGXT2, AGT2, BAIBA, DAIBAT",389,793,46,17,366,784,412,802
Mus musculus,hsa00280,58,BCKDHA,"BCKDHA, BCKDE1A, MSU, MSUD1, MSUD1A, OVD1A...",622,325,46,17,599,316,645,334
Mus musculus,hsa00280,58,BCKDHB,"BCKDHA, BCKDE1A, MSU, MSUD1, MSUD1A, OVD1A...",622,325,46,17,599,316,645,334
Mus musculus,hsa00280,59,DLD,"DLD, DLDD, DLDH, E3, GCSL, LAD, OGDC-E3, PHE3",585,362,46,17,562,354,608,370
Mus musculus,hsa00280,67,DLD,"DLD, DLDD, DLDH, E3, GCSL, LAD, OGDC-E3, PHE3",407,362,46,17,384,354,430,370
Mus musculus,hsa00280,68,BCKDHA,"BCKDHA, BCKDE1A, MSU, MSUD1, MSUD1A, OVD1A...",444,325,46,17,421,316,467,334
Mus musculus,hsa00280,68,BCKDHB,"BCKDHA, BCKDE1A, MSU, MSUD1, MSUD1A, OVD1A...",444,325,46,17,421,316,467,334
Mus musculus,hsa00280,73,DLD,"DLD, DLDD, DLDH, E3, GCSL, LAD, OGDC-E3, PHE3",130,362,46,17,107,354,153,370
Mus musculus,hsa00280,74,BCKDHA,"BCKDHA, BCKDE1A, MSU, MSUD1, MSUD1A, OVD1A...",167,325,46,17,144,316,190,334
Mus musculus,hsa00280,74,BCKDHB,"BCKDHA, BCKDE1A, MSU, MSUD1, MSUD1A, OVD1A...",167,325,46,17,144,316,190,334
Mus musculus,hsa00280,77,ACAT1,"ACAT1, ACAT, MAT, T2, THIL...",180,751,46,17,157,742,203,760
Mus musculus,hsa00280,77,ACAT2,"ACAT1, ACAT, MAT, T2, THIL...",180,751,46,17,157,742,203,760
Mus musculus,hsa00280,80,HMGCS1,"HMGCS1, HMGCS...",50,712,46,17,27,704,73,720
Mus musculus,hsa00280,80,HMGCS2,"HMGCS1, HMGCS...",50,712,46,17,27,704,73,720
Mus musculus,hsa00280,81,OXCT1,"OXCT1, OXCT, SCOT...",101,718,46,17,78,710,124,726
Mus musculus,hsa00280,82,HMGCL,"HMGCL, HL, HMGCL1...",167,669,46,17,144,660,190,678
Mus musculus,hsa00280,83,AUH,AUH,167,617,46,17,144,608,190,626
Mus musculus,hsa00280,84,MCCC1,"MCCC1, MCC-B, MCCA, MCCCalpha...",167,554,46,17,144,546,190,562
Mus musculus,hsa00280,84,MCCC2,"MCCC1, MCC-B, MCCA, MCCCalpha...",167,554,46,17,144,546,190,562
Mus musculus,hsa00280,85,ECHS1,"ECHS1, ECHS1D, SCEH, mECH, mECH1...",122,528,46,17,99,520,145,536
Mus musculus,hsa00280,85,EHHADH,"ECHS1, ECHS1D, SCEH, mECH, mECH1...",122,528,46,17,99,520,145,536
Mus musculus,hsa00280,85,HADHA,"ECHS1, ECHS1D, SCEH, mECH, mECH1...",122,528,46,17,99,520,145,536
Mus musculus,hsa00280,86,IVD,"IVD, ACAD2, IVDH",167,477,46,17,144,468,190,486
Mus musculus,hsa00280,87,BCKDHA,"BCKDHA, BCKDE1A, MSU, MSUD1, MSUD1A, OVD1A...",622,261,46,17,599,252,645,270
Mus musculus,hsa00280,87,BCKDHB,"BCKDHA, BCKDE1A, MSU, MSUD1, MSUD1A, OVD1A...",622,261,46,17,599,252,645,270
Mus musculus,hsa00280,90,BCAT2,"BCAT1, BCATC, BCT1, ECA39, MECA39, PNAS121, PP18...",444,194,46,17,421,186,467,202
Mus musculus,hsa00280,91,HADHB,"ACAA2, DSAEC...",622,703,46,17,599,694,645,712
Mus musculus,hsa00280,93,ECHS1,"ECHS1, ECHS1D, SCEH, mECH, mECH1...",622,564,46,17,599,556,645,572
Mus musculus,hsa00280,93,EHHADH,"ECHS1, ECHS1D, SCEH, mECH, mECH1...",622,564,46,17,599,556,645,572
Mus musculus,hsa00280,93,HADHA,"ECHS1, ECHS1D, SCEH, mECH, mECH1...",622,564,46,17,599,556,645,572
Mus musculus,hsa00280,94,ACADSB,"ACADSB, 2-MEBCAD, ACAD7, SBCAD",469,477,46,17,446,468,492,486
Mus musculus,hsa00280,95,DBT,"DBT, BCATE2, BCKAD-E2, BCKADE2, BCKDH-E2, BCOADC-E2, E2, E2B",622,399,46,17,599,390,645,408
Mus musculus,hsa00280,96,BCKDHA,"BCKDHA, BCKDE1A, MSU, MSUD1, MSUD1A, OVD1A...",444,261,46,17,421,252,467,270
Mus musculus,hsa00280,96,BCKDHB,"BCKDHA, BCKDE1A, MSU, MSUD1, MSUD1A, OVD1A...",444,261,46,17,421,252,467,270
Mus musculus,hsa00280,97,BCAT2,"BCAT1, BCATC, BCT1, ECA39, MECA39, PNAS121, PP18...",621,194,46,17,598,186,644,202
Mus musculus,hsa00280,99,MMUT,"MMUT, MCM, MUT",350,916,46,17,327,908,373,924
Mus musculus,hsa00290,32,BCAT2,"BCAT1, BCATC, BCT1, ECA39, MECA39, PNAS121, PP18...",154,565,46,17,131,556,177,574
Mus musculus,hsa00290,34,BCAT2,"BCAT1, BCATC, BCT1, ECA39, MECA39, PNAS121, PP18...",676,704,46,17,653,696,699,712
Mus musculus,hsa00290,41,BCAT2,"BCAT1, BCATC, BCT1, ECA39, MECA39, PNAS121, PP18...",296,565,46,17,273,556,319,574
Mus musculus,hsa00310,135,BBOX1,"BBOX1, BBH, BBOX, G-BBH, gamma-BBH",972,706,46,17,949,698,995,714
Mus musculus,hsa00310,137,TMLHE,"TMLHE, AUTSX6, BBOX2, TMLD, TMLH, TMLHED, XAP130",674,706,46,17,651,698,697,714
Mus musculus,hsa00310,151,ALDH1B1,"ALDH2, ALDH-E2, ALDHI, ALDM...",873,695,46,17,850,686,896,704
Mus musculus,hsa00310,151,ALDH3A2,"ALDH2, ALDH-E2, ALDHI, ALDM...",873,695,46,17,850,686,896,704
Mus musculus,hsa00310,151,ALDH7A1,"ALDH2, ALDH-E2, ALDHI, ALDM...",873,695,46,17,850,686,896,704
Mus musculus,hsa00310,180,PHYKPL,"PHYKPL, AGXT2L2, PHLU",659,133,46,17,636,124,682,142
Mus musculus,hsa00310,183,HYKK,"HYKK, AGPHD1",524,133,46,17,501,124,547,142
Mus musculus,hsa00310,220,DLD,"DLD, DLDD, DLDH, E3, GCSL, LAD, OGDC-E3, PHE3",855,301,46,17,832,292,878,310
Mus musculus,hsa00310,221,DHTKD1,"DHTKD1, AAKAD, AMOXAD, CMT2Q, E1a, OADC-E1, OADH-E1",895,264,46,17,872,256,918,272
Mus musculus,hsa00310,222,DHTKD1,"DHTKD1, AAKAD, AMOXAD, CMT2Q, E1a, OADC-E1, OADH-E1",895,200,46,17,872,192,918,208
Mus musculus,hsa00310,223,DLST,"DLST, DLTS, KGD2, PGL7, PPGL7",895,338,46,17,872,330,918,346
Mus musculus,hsa00310,76,AASS,"AASS, LKR/SDH, LKRSDH, LORSDH",277,96,46,17,254,88,300,104
Mus musculus,hsa00310,79,ECHS1,"ECHS1, ECHS1D, SCEH, mECH, mECH1...",1027,374,46,17,1004,366,1050,382
Mus musculus,hsa00310,79,EHHADH,"ECHS1, ECHS1D, SCEH, mECH, mECH1...",1027,374,46,17,1004,366,1050,382
Mus musculus,hsa00310,79,HADHA,"ECHS1, ECHS1D, SCEH, mECH, mECH1...",1027,374,46,17,1004,366,1050,382
Mus musculus,hsa00310,80,EHHADH,"EHHADH, ECHD, FRTS3, L-PBE, LBFP, LBP, MFE1, PBFE...",1130,374,46,17,1107,366,1153,382
Mus musculus,hsa00310,80,HADH,"EHHADH, ECHD, FRTS3, L-PBE, LBFP, LBP, MFE1, PBFE...",1130,374,46,17,1107,366,1153,382
Mus musculus,hsa00310,87,AASS,"AASS, LKR/SDH, LKRSDH, LORSDH",558,75,46,17,535,66,581,84
Mus musculus,hsa00310,88,ALDH7A1,"ALDH7A1, ATQ1, EPD, EPEO4, PDE",815,75,46,17,792,66,838,84
Mus musculus,hsa00310,91,ACAT1,"ACAT1, ACAT, MAT, T2, THIL...",1226,374,46,17,1203,366,1249,382
Mus musculus,hsa00310,91,ACAT2,"ACAT1, ACAT, MAT, T2, THIL...",1226,374,46,17,1203,366,1249,382
Mus musculus,hsa00310,93,GCDH,"GCDH, ACAD5, GCD",936,374,46,17,913,366,959,382
Mus musculus,hsa00330,138,CNDP1,"CNDP1, CN1, CPGL2, HsT2308",703,946,46,17,680,938,726,954
Mus musculus,hsa00330,172,OAT,"OAT, GACR, HOGA, OATASE, OKT",695,330,46,17,672,322,718,338
Mus musculus,hsa00330,173,PYCR1,"PYCR2, HLD10, P5CR2...",938,329,46,17,915,320,961,338
Mus musculus,hsa00330,173,PYCR2,"PYCR2, HLD10, P5CR2...",938,329,46,17,915,320,961,338
Mus musculus,hsa00330,174,PRODH,"PRODH, HSPOX2, PIG6, POX, PRODH1, PRODH2, TP53I6",938,300,46,17,915,292,961,308
Mus musculus,hsa00330,175,ALDH4A1,"ALDH4A1, ALDH4, P5CD, P5CDh",824,204,46,17,801,196,847,212
Mus musculus,hsa00330,176,ALDH18A1,"ALDH18A1, ADCL3, ARCL3A, GSAS, P5CS, PYCS, SPG9, SPG9A, SPG9B",767,169,46,17,744,160,790,178
Mus musculus,hsa00330,177,ALDH18A1,"ALDH18A1, ADCL3, ARCL3A, GSAS, P5CS, PYCS, SPG9, SPG9A, SPG9B",768,269,46,17,745,260,791,278
Mus musculus,hsa00330,205,PRODH2,"PRODH2, HSPOX1, HYPDH",1180,329,46,17,1157,320,1203,338
Mus musculus,hsa00330,206,PYCR1,"PYCR2, HLD10, P5CR2...",1180,301,46,17,1157,292,1203,310
Mus musculus,hsa00330,206,PYCR2,"PYCR2, HLD10, P5CR2...",1180,301,46,17,1157,292,1203,310
Mus musculus,hsa00330,207,ALDH4A1,"ALDH4A1, ALDH4, P5CD, P5CDh",1232,375,46,17,1209,366,1255,384
Mus musculus,hsa00330,208,ALDH4A1,"ALDH4A1, ALDH4, P5CD, P5CDh",1301,375,46,17,1278,366,1324,384
Mus musculus,hsa00330,209,GOT2,GOT1L1...,1233,455,46,17,1210,446,1256,464
Mus musculus,hsa00330,212,HOGA1,"HOGA1, C10orf65, DHDPS2, DHDPSL, HP3, NPL2",1232,563,46,17,1209,554,1255,572
Mus musculus,hsa00330,236,ODC1,"ODC1, BABS, NEDBA, NEDBIA, ODC",622,425,46,17,599,416,645,434
Mus musculus,hsa00330,47,ARG1,ARG1...,481,319,46,17,458,310,504,328
Mus musculus,hsa00330,52,GATM,"GATM, AGAT, AT, CCDS3, FRTS, FRTS1, RFS",413,964,46,17,390,956,436,972
Mus musculus,hsa00330,66,ALDH1B1,"ALDH2, ALDH-E2, ALDHI, ALDM...",621,863,46,17,598,854,644,872
Mus musculus,hsa00330,66,ALDH3A2,"ALDH2, ALDH-E2, ALDHI, ALDM...",621,863,46,17,598,854,644,872
Mus musculus,hsa00330,66,ALDH7A1,"ALDH2, ALDH-E2, ALDHI, ALDM...",621,863,46,17,598,854,644,872
Mus musculus,hsa00330,69,SMS,"SMS, MRSR, MRXSSR, SPMSY, SRS, SpS",1054,836,46,17,1031,828,1077,844
Mus musculus,hsa00330,70,SAT1,"SAT2, SSAT-2, SSAT2...",431,655,46,17,408,646,454,664
Mus musculus,hsa00330,72,MAOA,"MAOA, BRNRS, MAO-A...",456,733,46,17,433,724,479,742
Mus musculus,hsa00330,73,ALDH1B1,"ALDH2, ALDH-E2, ALDHI, ALDM...",456,814,46,17,433,806,479,822
Mus musculus,hsa00330,73,ALDH3A2,"ALDH2, ALDH-E2, ALDHI, ALDM...",456,814,46,17,433,806,479,822
Mus musculus,hsa00330,73,ALDH7A1,"ALDH2, ALDH-E2, ALDHI, ALDM...",456,814,46,17,433,806,479,822
Mus musculus,hsa00330,97,GATM,"GATM, AGAT, AT, CCDS3, FRTS, FRTS1, RFS",352,243,46,17,329,234,375,252
Mus musculus,hsa00330,98,GAMT,"GAMT, CCDS2, HEL-S-20, PIG2, TP53I2",393,201,46,17,370,192,416,210
Mus musculus,hsa00340,42,FTCD,"FTCD, LCHC1",849,590,46,17,826,582,872,598
Mus musculus,hsa00340,44,UROC1,"UROC1, HMFN0320, UROCD",829,445,46,17,806,436,852,454
Mus musculus,hsa00340,45,HAL,"HAL, HIS, HSTD",829,373,46,17,806,364,852,382
Mus musculus,hsa00340,53,ALDH1B1,"ALDH2, ALDH-E2, ALDHI, ALDM...",422,341,46,17,399,332,445,350
Mus musculus,hsa00340,53,ALDH3A2,"ALDH2, ALDH-E2, ALDHI, ALDM...",422,341,46,17,399,332,445,350
Mus musculus,hsa00340,53,ALDH7A1,"ALDH2, ALDH-E2, ALDHI, ALDM...",422,341,46,17,399,332,445,350
Mus musculus,hsa00340,54,MAOA,"MAOA, BRNRS, MAO-A...",574,445,46,17,551,436,597,454
Mus musculus,hsa00340,74,CNDP1,"CNDP1, CN1, CPGL2, HsT2308",709,297,46,17,686,288,732,306
Mus musculus,hsa00340,77,ASPA,"ASPA, ACY2, ASP",67,373,46,17,44,364,90,382
Mus musculus,hsa00350,159,FAH,FAH,336,714,46,17,313,706,359,722
Mus musculus,hsa00350,211,MAOA,"MAOA, BRNRS, MAO-A...",1345,359,46,17,1322,350,1368,368
Mus musculus,hsa00350,213,MAOA,"MAOA, BRNRS, MAO-A...",1269,359,46,17,1246,350,1292,368
Mus musculus,hsa00350,220,MAOA,"MAOA, BRNRS, MAO-A...",1409,359,46,17,1386,350,1432,368
Mus musculus,hsa00350,222,MAOA,"MAOA, BRNRS, MAO-A...",1487,359,46,17,1464,350,1510,368
Mus musculus,hsa00350,223,DBH,"DBH, DBM, ORTHYP1",1208,265,46,17,1185,256,1231,274
Mus musculus,hsa00350,226,MAOA,"MAOA, BRNRS, MAO-A...",976,368,46,17,953,360,999,376
Mus musculus,hsa00350,230,DDC,"DDC, AADC",951,276,46,17,928,268,974,284
Mus musculus,hsa00350,231,TYR,"TYR, ATN, CMM8, OCA1, OCA1A, OCAIA, SHEP3",1198,98,46,17,1175,90,1221,106
Mus musculus,hsa00350,233,TH,"TH, DYT14, DYT5b, TYH",701,276,46,17,678,268,724,284
Mus musculus,hsa00350,234,TYR,"TYR, ATN, CMM8, OCA1, OCA1A, OCAIA, SHEP3",749,255,46,17,726,246,772,264
Mus musculus,hsa00350,279,TYR,"TYR, ATN, CMM8, OCA1, OCA1A, OCAIA, SHEP3",798,142,46,17,775,134,821,150
Mus musculus,hsa00350,303,MAOA,"MAOA, BRNRS, MAO-A...",1088,368,46,17,1065,360,1111,376
Mus musculus,hsa00350,69,GSTZ1,"GSTZ1, GSTZ1-1, MAAI, MAAID, MAI",336,644,46,17,313,636,359,652
Mus musculus,hsa00350,70,HGD,"HGD, AKU, HGO",336,575,46,17,313,566,359,584
Mus musculus,hsa00350,73,GOT2,GOT1L1...,311,317,46,17,288,308,334,326
Mus musculus,hsa00350,75,HPD,"HPD, 4-HPPD, 4HPPD, GLOD3, HPPD, HPPDASE, PPD",336,480,46,17,313,472,359,488
Mus musculus,hsa00350,81,MAOA,"MAOA, BRNRS, MAO-A...",505,368,46,17,482,360,528,376
Mus musculus,hsa00350,83,TYR,"TYR, ATN, CMM8, OCA1, OCA1A, OCAIA, SHEP3",544,142,46,17,521,134,567,150
Mus musculus,hsa00350,86,TAT,TAT,361,317,46,17,338,308,384,326
Mus musculus,hsa00350,88,DDC,"DDC, AADC",555,291,46,17,532,282,578,300
Mus musculus,hsa00360,105,DDC,"DDC, AADC",242,230,46,17,219,222,265,238
Mus musculus,hsa00360,109,MAOA,"MAOA, BRNRS, MAO-A...",266,331,46,17,243,322,289,340
Mus musculus,hsa00360,110,HPD,"HPD, 4-HPPD, 4HPPD, GLOD3, HPPD, HPPDASE, PPD",415,378,46,17,392,370,438,386
Mus musculus,hsa00360,116,TAT,TAT,390,235,46,17,367,226,413,244
Mus musculus,hsa00360,117,GOT2,GOT1L1...,440,216,46,17,417,208,463,224
Mus musculus,hsa00360,187,PAH,"PAH, PH, PKU, PKU1",116,160,46,17,93,152,139,168
Mus musculus,hsa00380,101,ACAT1,"ACAT1, ACAT, MAT, T2, THIL...",113,1044,46,17,90,1036,136,1052
Mus musculus,hsa00380,101,ACAT2,"ACAT1, ACAT, MAT, T2, THIL...",113,1044,46,17,90,1036,136,1052
Mus musculus,hsa00380,102,ECHS1,"ECHS1, ECHS1D, SCEH, mECH, mECH1...",306,1043,46,17,283,1034,329,1052
Mus musculus,hsa00380,102,EHHADH,"ECHS1, ECHS1D, SCEH, mECH, mECH1...",306,1043,46,17,283,1034,329,1052
Mus musculus,hsa00380,102,HADHA,"ECHS1, ECHS1D, SCEH, mECH, mECH1...",306,1043,46,17,283,1034,329,1052
Mus musculus,hsa00380,103,GCDH,"GCDH, ACAD5, GCD",396,1044,46,17,373,1036,419,1052
Mus musculus,hsa00380,104,DHTKD1,"DLD, DLDD, DLDH, E3, GCSL, LAD, OGDC-E3, PHE3...",494,1044,46,17,471,1036,517,1052
Mus musculus,hsa00380,104,DLD,"DLD, DLDD, DLDH, E3, GCSL, LAD, OGDC-E3, PHE3...",494,1044,46,17,471,1036,517,1052
Mus musculus,hsa00380,104,DLST,"DLD, DLDD, DLDH, E3, GCSL, LAD, OGDC-E3, PHE3...",494,1044,46,17,471,1036,517,1052
Mus musculus,hsa00380,107,HAAO,"HAAO, 3-HAO, HAO, VCRL1, h3HAO",674,902,46,17,651,894,697,910
Mus musculus,hsa00380,108,KYNU,"KYNU, KYNUU, VCRL2",582,684,46,17,559,676,605,692
Mus musculus,hsa00380,109,KMO,"KMO, dJ317G22.1",504,799,46,17,481,790,527,808
Mus musculus,hsa00380,110,KYNU,"KYNU, KYNUU, VCRL2",582,749,46,17,559,740,605,758
Mus musculus,hsa00380,112,KYNU,"KYNU, KYNUU, VCRL2",582,848,46,17,559,840,605,856
Mus musculus,hsa00380,113,TDO2,"TDO2, HYPTRP, TDO, TO, TPH2, TRPO",480,652,46,17,457,644,503,660
Mus musculus,hsa00380,120,MAOA,"MAOA, BRNRS, MAO-A...",456,920,46,17,433,912,479,928
Mus musculus,hsa00380,127,DDC,"DDC, AADC",576,444,46,17,553,436,599,452
Mus musculus,hsa00380,128,MAOA,"MAOA, BRNRS, MAO-A...",631,117,46,17,608,108,654,126
Mus musculus,hsa00380,131,ALDH1B1,"ALDH2, ALDH-E2, ALDHI, ALDM...",941,502,46,17,918,494,964,510
Mus musculus,hsa00380,131,ALDH3A2,"ALDH2, ALDH-E2, ALDHI, ALDM...",941,502,46,17,918,494,964,510
Mus musculus,hsa00380,131,ALDH7A1,"ALDH2, ALDH-E2, ALDHI, ALDM...",941,502,46,17,918,494,964,510
Mus musculus,hsa00380,138,ALDH1B1,"ALDH2, ALDH-E2, ALDHI, ALDM...",682,71,46,17,659,62,705,80
Mus musculus,hsa00380,138,ALDH3A2,"ALDH2, ALDH-E2, ALDHI, ALDM...",682,71,46,17,659,62,705,80
Mus musculus,hsa00380,138,ALDH7A1,"ALDH2, ALDH-E2, ALDHI, ALDM...",682,71,46,17,659,62,705,80
Mus musculus,hsa00380,145,MAOA,"MAOA, BRNRS, MAO-A...",806,413,46,17,783,404,829,422
Mus musculus,hsa00380,19,CAT,CAT,771,804,46,17,748,796,794,812
Mus musculus,hsa00380,282,DDC,"DDC, AADC",576,465,46,17,553,456,599,474
Mus musculus,hsa00380,35,EHHADH,"EHHADH, ECHD, FRTS3, L-PBE, LBFP, LBP, MFE1, PBFE...",211,1043,46,17,188,1034,234,1052
Mus musculus,hsa00380,35,HADH,"EHHADH, ECHD, FRTS3, L-PBE, LBFP, LBP, MFE1, PBFE...",211,1043,46,17,188,1034,234,1052
Mus musculus,hsa00380,89,MAOA,"MAOA, BRNRS, MAO-A...",263,150,46,17,240,142,286,158
Mus musculus,hsa00380,90,DDC,"DDC, AADC",311,186,46,17,288,178,334,194
Mus musculus,hsa00380,92,DDC,"DDC, AADC",576,227,46,17,553,218,599,236
Mus musculus,hsa00400,62,TAT,TAT,355,735,46,17,332,726,378,744
Mus musculus,hsa00400,72,PAH,"PAH, PH, PKU, PKU1",380,862,46,17,357,854,403,870
Mus musculus,hsa00400,74,TAT,TAT,549,735,46,17,526,726,572,744
Mus musculus,hsa00400,83,GOT2,GOT1L1...,305,735,46,17,282,726,328,744
Mus musculus,hsa00400,84,GOT2,GOT1L1...,499,735,46,17,476,726,522,744
Mus musculus,hsa00410,134,ACOX1,"ACOX1, ACOX, AOX, MITCH, PALMCOX, SCOX...",791,652,46,17,768,644,814,660
Mus musculus,hsa00410,42,ACADS,"ACADS, ACAD3, SCAD",791,631,46,17,768,622,814,640
Mus musculus,hsa00410,43,ECHS1,"ECHS1, ECHS1D, SCEH, mECH, mECH1...",659,631,46,17,636,622,682,640
Mus musculus,hsa00410,43,EHHADH,"ECHS1, ECHS1D, SCEH, mECH, mECH1...",659,631,46,17,636,622,682,640
Mus musculus,hsa00410,43,HADHA,"ECHS1, ECHS1D, SCEH, mECH, mECH1...",659,631,46,17,636,622,682,640
Mus musculus,hsa00410,44,HIBCH,"HIBCH, HIBYLCOAH",528,642,46,17,505,634,551,650
Mus musculus,hsa00410,48,MLYCD,"MLYCD, MCD",145,570,46,17,122,562,168,578
Mus musculus,hsa00410,49,ALDH6A1,"ALDH6A1, MMSADHA, MMSDH",203,611,46,17,180,602,226,620
Mus musculus,hsa00410,53,ABAT,"ABAT, GABA-AT, GABAT, NPD009",216,432,46,17,193,424,239,440
Mus musculus,hsa00410,57,GAD1,"GAD1, CPSQ1, DEE89, GAD, SCP...",577,150,46,17,554,142,600,158
Mus musculus,hsa00410,65,ALDH1B1,"ALDH2, ALDH-E2, ALDHI, ALDM...",467,282,46,17,444,274,490,290
Mus musculus,hsa00410,65,ALDH3A2,"ALDH2, ALDH-E2, ALDHI, ALDM...",467,282,46,17,444,274,490,290
Mus musculus,hsa00410,65,ALDH7A1,"ALDH2, ALDH-E2, ALDHI, ALDM...",467,282,46,17,444,274,490,290
Mus musculus,hsa00410,66,UPB1,"UPB1, BUP1",340,261,46,17,317,252,363,270
Mus musculus,hsa00410,67,DPYS,"DPYS, DHP, DHPase",224,261,46,17,201,252,247,270
Mus musculus,hsa00410,68,DPYD,"DPYD, DHP, DHPDHASE, DPD, DYPD",123,271,46,17,100,262,146,280
Mus musculus,hsa00410,72,CNDP1,"CNDP1, CN1, CPGL2, HsT2308",521,377,46,17,498,368,544,386
Mus musculus,hsa00410,79,CNDP1,"CNDP1, CN1, CPGL2, HsT2308",577,196,46,17,554,188,600,204
Mus musculus,hsa00430,51,GAD1,"GAD1, CPSQ1, DEE89, GAD, SCP...",300,292,46,17,277,284,323,300
Mus musculus,hsa00430,53,FMO3,FMO1...,363,244,46,17,340,236,386,252
Mus musculus,hsa00430,57,GAD1,"GAD1, CPSQ1, DEE89, GAD, SCP...",300,183,46,17,277,174,323,192
Mus musculus,hsa00430,58,GGT1,GGT2...,446,231,46,17,423,222,469,240
Mus musculus,hsa00430,59,BAAT,"BAAT, BACAT, BACD1, BAT, HCHO",274,340,46,17,251,332,297,348
Mus musculus,hsa00440,118,PCYT2,"PCYT2, ET, SPG82",550,463,46,17,527,454,573,472
Mus musculus,hsa00440,82,PCYT1A,"PCYT1A, CCTA, CCTalpha, CGL5, CT, CTA, CTPCT, PCYT1, SMDCRD...",550,619,46,17,527,610,573,628
Mus musculus,hsa00440,83,SELENOI,CEPT1...,658,474,46,17,635,466,681,482
Mus musculus,hsa00450,12,TXNRD2,"TXNRD2, GCCD5, SELZ, TR, TR-BETA, TR3, TRXR2, TXNR2...",570,459,46,17,547,450,593,468
Mus musculus,hsa00450,16,MARS1,"MARS1, CMT2U, ILFS2, ILLD, MARS, METRS, MRS, MTRNS, SPG70, TTD9...",118,176,46,17,95,168,141,184
Mus musculus,hsa00450,16,MARS2,"MARS1, CMT2U, ILFS2, ILLD, MARS, METRS, MRS, MTRNS, SPG70, TTD9...",118,176,46,17,95,168,141,184
Mus musculus,hsa00450,51,SEPSECS,"SEPSECS, LP, PCH2D, SLA, SLA-p35, SLA/LP, SecS",125,469,46,17,102,460,148,478
Mus musculus,hsa00450,59,CTH,"CTH, CGL, CSE",248,164,46,17,225,156,271,172
Mus musculus,hsa00450,73,PAPSS2,"PAPSS2, ATPSK2, BCYM4, SK2...",824,365,46,17,801,356,847,374
Mus musculus,hsa00450,83,MTR,"MTR, HMAG, MS, cblG",199,219,46,17,176,210,222,228
Mus musculus,hsa00450,90,TXNRD2,"TXNRD2, GCCD5, SELZ, TR, TR-BETA, TR3, TRXR2, TXNR2...",472,176,46,17,449,168,495,184
Mus musculus,hsa00450,92,CTH,"CTH, CGL, CSE",257,219,46,17,234,210,280,228
Mus musculus,hsa00470,15,GLS,"GLS2, GA, GLS, LGA, hLGA...",258,326,46,17,235,318,281,334
Mus musculus,hsa00480,146,ODC1,"ODC1, BABS, NEDBA, NEDBIA, ODC",208,683,46,17,185,674,231,692
Mus musculus,hsa00480,152,SMS,"SMS, MRSR, MRXSSR, SPMSY, SRS, SpS",369,727,46,17,346,718,392,736
Mus musculus,hsa00480,162,RRM1,"RRM2B, MTDPS8A, MTDPS8B, P53R2, RCDFRD...",736,729,46,17,713,720,759,738
Mus musculus,hsa00480,162,RRM2B,"RRM2B, MTDPS8A, MTDPS8B, P53R2, RCDFRD...",736,729,46,17,713,720,759,738
Mus musculus,hsa00480,164,RRM1,"RRM2B, MTDPS8A, MTDPS8B, P53R2, RCDFRD...",736,790,46,17,713,782,759,798
Mus musculus,hsa00480,164,RRM2B,"RRM2B, MTDPS8A, MTDPS8B, P53R2, RCDFRD...",736,790,46,17,713,782,759,798
Mus musculus,hsa00480,38,GGT1,GGT2...,489,526,46,17,466,518,512,534
Mus musculus,hsa00480,46,GPX4,"GPX4, GPx-4, GSHPx-4, MCSP, PHGPx, SMDS, snGPx, snPHGPx",217,546,46,17,194,538,240,554
Mus musculus,hsa00480,49,G6PD,"G6PD, G6PD1",217,511,46,17,194,502,240,520
Mus musculus,hsa00480,51,IDH1,"IDH1, HEL-216, HEL-S-26, IDCD, IDH, IDP, IDPC, PICD...",169,490,46,17,146,482,192,498
Mus musculus,hsa00480,51,IDH2,"IDH1, HEL-216, HEL-S-26, IDCD, IDH, IDP, IDPC, PICD...",169,490,46,17,146,482,192,498
Mus musculus,hsa00480,52,GSS,"GSS, GSHS, HEL-S-64p, HEL-S-88n",458,457,46,17,435,448,481,466
Mus musculus,hsa00480,53,GCLC,"GCLC, GCL, GCS, GLCL, GLCLC...",542,275,46,17,519,266,565,284
Mus musculus,hsa00480,54,GGT1,GGT2...,332,430,46,17,309,422,355,438
Mus musculus,hsa00480,56,OPLAH,"OPLAH, 5-Opase, OPLA, OPLAHD",374,144,46,17,351,136,397,152
Mus musculus,hsa00480,58,GGT1,GGT2...,195,405,46,17,172,396,218,414
Mus musculus,hsa00480,95,GSR,"GSR, GR, GSRD, HEL-75, HEL-S-122m",169,458,46,17,146,450,192,466
Mus musculus,hsa00500,107,ENPP1,"ENPP1, ARHR2, COLED, M6S1, NPP1, NPPS, PC-1, PCA1, PDNP1...",668,376,46,17,645,368,691,384
Mus musculus,hsa00500,112,PGM2L1,"PGM2L1, BM32A, NEDHFS, PMMLP",693,700,46,17,670,692,716,708
Mus musculus,hsa00500,113,UGP2,"UGP2, DEE83, EIEE83, SVUGP2, UDPG, UDPGP, UDPGP2, UGP1, UGPP1, UGPP2, pHC379",632,348,46,17,609,340,655,356
Mus musculus,hsa00500,115,GYG1,"GYG1, GSD15, GYG...",835,330,46,17,812,322,858,338
Mus musculus,hsa00500,115,GYG2,"GYG1, GSD15, GYG...",835,330,46,17,812,322,858,338
Mus musculus,hsa00500,115,GYS1,"GYG1, GSD15, GYG...",835,330,46,17,812,322,858,338
Mus musculus,hsa00500,115,GYS2,"GYG1, GSD15, GYG...",835,330,46,17,812,322,858,338
Mus musculus,hsa00500,117,PGM1,"PGM1, CDG1T, GSD14...",485,649,46,17,462,640,508,658
Mus musculus,hsa00500,119,G6PC3,"G6PC1, G6PC, G6PT, G6Pase, GSD1, GSD1a...",486,781,46,17,463,772,509,790
Mus musculus,hsa00500,120,HK1,"HK1, CNSHA5, HK, HK1-ta, HK1-tb, HK1-tc, HKD, HKI, HMSNR, HXK1, NEDVIBA, NMSR, RP79, hexokinase...",486,735,46,17,463,726,509,744
Mus musculus,hsa00500,121,GCK,"GCK, FGQTL3, GK, GLK, HHF3, HK4, HKIV, HXKP, LGLK, MODY2, PNDM1",486,756,46,17,463,748,509,764
Mus musculus,hsa00500,122,GPI,"GPI, AMF, CNSHA4, GNPI, NLK, PGI, PHI, SA-36, SA36",206,746,46,17,183,738,229,754
Mus musculus,hsa00500,123,GBE1,"GBE1, APBD, GBE, GSD4",916,497,46,17,893,488,939,506
Mus musculus,hsa00500,126,TREH,"TREH, TRE, TREA, TREHD",1088,123,46,17,1065,114,1111,132
Mus musculus,hsa00500,135,GAA,"GAA, LYAG...",1167,434,46,17,1144,426,1190,442
Mus musculus,hsa00500,136,AGL,"AGL, GDE...",801,577,46,17,778,568,824,586
Mus musculus,hsa00500,136,PYGL,"AGL, GDE...",801,577,46,17,778,568,824,586
Mus musculus,hsa00500,136,PYGM,"AGL, GDE...",801,577,46,17,778,568,824,586
Mus musculus,hsa00500,147,SI,SI,1138,534,46,17,1115,526,1161,542
Mus musculus,hsa00500,149,SI,SI,1114,622,46,17,1091,614,1137,630
Mus musculus,hsa00500,87,HK1,"HK1, CNSHA5, HK, HK1-ta, HK1-tb, HK1-tc, HKD, HKI, HMSNR, HXK1, NEDVIBA, NMSR, RP79, hexokinase...",38,356,46,17,15,348,61,364
Mus musculus,hsa00500,93,GAA,"GAA, LYAG...",264,210,46,17,241,202,287,218
Mus musculus,hsa00500,95,SI,SI,264,248,46,17,241,240,287,256
Mus musculus,hsa00510,100,ALG13,"ALG13, CDG1S, CXorf45, DEE36, EIEE36, GLT28D1, MDS031, TDRD13, YGL047W",305,184,46,17,282,176,328,192
Mus musculus,hsa00510,101,DPM1,"DPM1, CDGIE, MPDS",436,310,46,17,413,302,459,318
Mus musculus,hsa00510,102,DPAGT1,"DPAGT1, ALG7, CDG-Ij, CDG1J, CMS13, CMSTA2, D11S366, DGPT, DPAGT, DPAGT2, G1PT, GPT, UAGT, UGAT",213,193,46,17,190,184,236,202
Mus musculus,hsa00510,104,DOLK,"DOLK, CDG1M, DK, DK1, SEC59, TMEM15",123,398,46,17,100,390,146,406
Mus musculus,hsa00510,187,DDOST,"DAD1, OST2...",284,526,46,17,261,518,307,534
Mus musculus,hsa00510,187,MAGT1,"DAD1, OST2...",284,526,46,17,261,518,307,534
Mus musculus,hsa00510,187,OSTC,"DAD1, OST2...",284,526,46,17,261,518,307,534
Mus musculus,hsa00510,187,TUSC3,"DAD1, OST2...",284,526,46,17,261,518,307,534
Mus musculus,hsa00510,188,ALG2,"ALG2, CDG1I, CDGIi, CMS14, CMSTA3, NET38, hALPG2",589,193,46,17,566,184,612,202
Mus musculus,hsa00510,189,ALG11,"ALG11, CDG1P, GT8",681,193,46,17,658,184,704,202
Mus musculus,hsa00510,190,ALG9,"ALG9, CDG1L, DIBD1, GIKANIS, LOH11CR1J",508,388,46,17,485,380,531,396
Mus musculus,hsa00510,191,ALG8,"ALG8, CDG1H, PCLD3",414,481,46,17,391,472,437,490
Mus musculus,hsa00510,192,ALG10,"ALG10B, ALG10, KCR1...",317,481,46,17,294,472,340,490
Mus musculus,hsa00510,195,GANAB,"GANAB, G2AN, GIIA, GIIalpha, GLUII, PKD3",496,572,46,17,473,564,519,580
Mus musculus,hsa00510,202,SRD5A3,"SRD5A3, CDG1P, CDG1Q, KRIZI, S5AR, S5AR_3, SRD5A2L, SRD5A2L1",67,292,46,17,44,284,90,300
Mus musculus,hsa00510,39,ALG14,"ALG14, CMS15, IDDEBF, MEPCA",305,201,46,17,282,192,328,210
Mus musculus,hsa00510,40,DPM3,"DPM3, CDG1O, MDDGB15, MDDGC15",456,327,46,17,433,318,479,336
Mus musculus,hsa00510,41,DPM2,"DPM2, CDG1U",411,327,46,17,388,318,434,336
Mus musculus,hsa00510,44,ALG6,"ALG6, CDG1C",453,439,46,17,430,430,476,448
Mus musculus,hsa00510,45,ALG12,"ALG12, CDG1G, ECM39, PP14673, hALG12",596,389,46,17,573,380,619,398
Mus musculus,hsa00510,46,ALG9,"ALG9, CDG1L, DIBD1, GIKANIS, LOH11CR1J",692,389,46,17,669,380,715,398
Mus musculus,hsa00510,47,ALG3,"ALG3, CDG1D, CDGS4, CDGS6, D16Ertd36e, NOT56L, Not56, not",737,349,46,17,714,340,760,358
Mus musculus,hsa00510,83,FUT8,"FUT8, CDGF, CDGF1",765,802,46,17,742,794,788,810
Mus musculus,hsa00510,85,B4GALT1,"B4GALT1, B4GAL-T1, CDG2D, CLDLFIB, GGTB2, GT1, GTB, beta4Gal-T1...",673,803,46,17,650,794,696,812
Mus musculus,hsa00510,88,MGAT2,"MGAT2, CDG2A, CDGS2, GLCNACTII, GNT-II, GNT2",821,674,46,17,798,666,844,682
Mus musculus,hsa00510,90,MAN1B1,"MAN1B1, ERMAN1, ERManI, MANA-ER, MRT15",580,572,46,17,557,564,603,580
Mus musculus,hsa00510,92,GANAB,"GANAB, G2AN, GIIA, GIIalpha, GLUII, PKD3",407,572,46,17,384,564,430,580
Mus musculus,hsa00510,93,MOGS,"MOGS, CDG2B, CWH41, DER7, GCS1",305,572,46,17,282,564,328,580
Mus musculus,hsa00510,94,ALG11,"ALG11, CDG1P, GT8",737,261,46,17,714,252,760,270
Mus musculus,hsa00510,95,STT3A,"STT3B, CDG1X, SIMP, STT3-B...",238,526,46,17,215,518,261,534
Mus musculus,hsa00510,95,STT3B,"STT3B, CDG1X, SIMP, STT3-B...",238,526,46,17,215,518,261,534
Mus musculus,hsa00510,96,ALG5,"ALG5, PKD7, bA421P11.2",271,417,46,17,248,408,294,426
Mus musculus,hsa00510,98,ALG2,"ALG2, CDG1I, CDGIi, CMS14, CMSTA3, NET38, hALPG2",498,193,46,17,475,184,521,202
Mus musculus,hsa00510,99,ALG1,"ALG1, CDG1K, HMAT1, HMT-1, HMT1, MT-1, Mat-1, hMat-1",407,193,46,17,384,184,430,202
Mus musculus,hsa00512,36,GALNT14,"POC1B-GALNT4, GALNT4, GalNAc-T4...",149,328,46,17,126,320,172,336
Mus musculus,hsa00512,36,GALNT3,"POC1B-GALNT4, GALNT4, GalNAc-T4...",149,328,46,17,126,320,172,336
Mus musculus,hsa00512,37,C1GALT1C1,"C1GALT1C1, AHUS8, C1GALT2, C38H2-L1, COSMC, HSPC067, MST143, TNPS...",267,271,46,17,244,262,290,280
Mus musculus,hsa00513,129,FUT8,"FUT8, CDGF, CDGF1",654,1744,46,17,631,1736,677,1752
Mus musculus,hsa00513,130,B4GALT1,"B4GALT1, B4GAL-T1, CDG2D, CLDLFIB, GGTB2, GT1, GTB, beta4Gal-T1...",695,1783,46,17,672,1774,718,1792
Mus musculus,hsa00513,132,ST3GAL3,"ST3GAL3, DEE15, EIEE15, MRT12, SIAT6, ST3GALII, ST3Gal_III, ST3GalIII, ST3N",787,1783,46,17,764,1774,810,1792
Mus musculus,hsa00513,163,MGAT2,"MGAT2, CDG2A, CDGS2, GLCNACTII, GNT-II, GNT2",602,1713,46,17,579,1704,625,1722
Mus musculus,hsa00513,177,FUT8,"FUT8, CDGF, CDGF1",559,1479,46,17,536,1470,582,1488
Mus musculus,hsa00513,237,FUT8,"FUT8, CDGF, CDGF1",564,1239,46,17,541,1230,587,1248
Mus musculus,hsa00513,277,MGAT2,"MGAT2, CDG2A, CDGS2, GLCNACTII, GNT-II, GNT2",610,616,46,17,587,608,633,624
Mus musculus,hsa00513,279,MAN1B1,"MAN1B1, ERMAN1, ERManI, MANA-ER, MRT15",248,616,46,17,225,608,271,624
Mus musculus,hsa00513,284,HEXA,"HEXA, TSD...",919,700,46,17,896,692,942,708
Mus musculus,hsa00513,284,HEXB,"HEXA, TSD...",919,700,46,17,896,692,942,708
Mus musculus,hsa00513,285,HEXA,"HEXA, TSD...",1022,654,46,17,999,646,1045,662
Mus musculus,hsa00513,285,HEXB,"HEXA, TSD...",1022,654,46,17,999,646,1045,662
Mus musculus,hsa00513,294,MAN1B1,"MAN1B1, ERMAN1, ERManI, MANA-ER, MRT15",242,148,46,17,219,140,265,156
Mus musculus,hsa00513,297,MAN1B1,"MAN1B1, ERMAN1, ERManI, MANA-ER, MRT15",242,1449,46,17,219,1440,265,1458
Mus musculus,hsa00513,300,MAN1B1,"MAN1B1, ERMAN1, ERManI, MANA-ER, MRT15",242,1211,46,17,219,1202,265,1220
Mus musculus,hsa00513,303,MAN1B1,"MAN1B1, ERMAN1, ERManI, MANA-ER, MRT15",242,1714,46,17,219,1706,265,1722
Mus musculus,hsa00515,100,RXYLT1,"RXYLT1, HP10481, MDDGA10, TMEM5",632,342,46,17,609,334,655,350
Mus musculus,hsa00515,107,LARGE1,"LARGE2, GYLTL1B, PP5656...",995,341,46,17,972,332,1018,350
Mus musculus,hsa00515,21,B4GALT1,"B4GALT1, B4GAL-T1, CDG2D, CLDLFIB, GGTB2, GT1, GTB, beta4Gal-T1...",218,373,46,17,195,364,241,382
Mus musculus,hsa00515,27,POMT1,"POMT1, LGMD2K, LGMDR11, MDDGA1, MDDGB1, MDDGC1, RT...",153,187,46,17,130,178,176,196
Mus musculus,hsa00515,27,POMT2,"POMT1, LGMD2K, LGMDR11, MDDGA1, MDDGB1, MDDGC1, RT...",153,187,46,17,130,178,176,196
Mus musculus,hsa00515,31,POMGNT1,"POMGNT1, GNTI.2, GnT_I.2, LGMD2O, LGMDR15, MEB, MGAT1.2, RP76, gnT-I.2",218,259,46,17,195,250,241,268
Mus musculus,hsa00515,32,ST3GAL3,"ST3GAL3, DEE15, EIEE15, MRT12, SIAT6, ST3GALII, ST3Gal_III, ST3GalIII, ST3N",147,453,46,17,124,444,170,462
Mus musculus,hsa00515,57,B4GALT1,"B4GALT1, B4GAL-T1, CDG2D, CLDLFIB, GGTB2, GT1, GTB, beta4Gal-T1...",474,373,46,17,451,364,497,382
Mus musculus,hsa00515,58,ST3GAL3,"ST3GAL3, DEE15, EIEE15, MRT12, SIAT6, ST3GALII, ST3Gal_III, ST3GalIII, ST3N",422,453,46,17,399,444,445,462
Mus musculus,hsa00515,61,POMGNT2,"POMGNT2, AGO61, C3orf39, GTDC2, MDDGA8, MDDGC8",274,187,46,17,251,178,297,196
Mus musculus,hsa00515,62,B3GALNT2,"B3GALNT2, B3GalNAc-T2, MDDGA11",396,187,46,17,373,178,419,196
Mus musculus,hsa00515,63,POMK,"POMK, MDDGA12, MDDGC12, SGK196",512,187,46,17,489,178,535,196
Mus musculus,hsa00515,66,LARGE1,"LARGE2, GYLTL1B, PP5656...",875,341,46,17,852,332,898,350
Mus musculus,hsa00515,89,B4GAT1,"B4GAT1, B3GN-T1, B3GNT1, B3GNT6, BETA3GNTI, MDDGA13, iGAT, iGNT",752,341,46,17,729,332,775,350
Mus musculus,hsa00515,94,CRPPA,"CRPPA, ISPD, LGMDR20, MDDGA7, MDDGC7, Nip, hISPD",637,162,46,17,614,154,660,170
Mus musculus,hsa00515,96,FKTN,"FKTN, CMD1X, FCMD, LGMD2M, LGMDR13, MDDGA4, MDDGB4, MDDGC4",577,222,46,17,554,214,600,230
Mus musculus,hsa00515,98,FKRP,"FKRP, FKTR, LGMD2I, LGMDR9, MDC1C, MDDGA5, MDDGB5, MDDGC5",577,300,46,17,554,292,600,308
Mus musculus,hsa00520,15,GNE,"GNE, DMRV, GLCNE, IBM2, NM, THC12, Uae1",282,272,46,17,259,264,305,280
Mus musculus,hsa00520,192,GALT,GALT,570,1297,46,17,547,1288,593,1306
Mus musculus,hsa00520,194,GALE,"GALE, SDR1E1, THC13",673,1229,46,17,650,1220,696,1238
Mus musculus,hsa00520,196,UGDH,"UGDH, DEE84, EIEE84, GDH, UDP-GlcDH, UDPGDH, UGD",673,1117,46,17,650,1108,696,1126
Mus musculus,hsa00520,201,MPI,"MPI, CDG1B, PMI, PMI1",425,1024,46,17,402,1016,448,1032
Mus musculus,hsa00520,202,PMM2,"PMM1, PMM_1, PMMH-22, Sec53...",458,1511,46,17,435,1502,481,1520
Mus musculus,hsa00520,204,PGM1,"PGM1, CDG1T, GSD14...",458,1164,46,17,435,1156,481,1172
Mus musculus,hsa00520,206,HK1,"HK1, CNSHA5, HK, HK1-ta, HK1-tb, HK1-tc, HKD, HKI, HMSNR, HXK1, NEDVIBA, NMSR, RP79, hexokinase...",282,1164,46,17,259,1156,305,1172
Mus musculus,hsa00520,208,GALK1,"GALK1, GALK, GK1, HEL-S-19",282,1287,46,17,259,1278,305,1296
Mus musculus,hsa00520,211,GMPPA,"GMPPB, LGMDR19, MDDGA14, MDDGB14, MDDGC14...",594,1500,46,17,571,1492,617,1508
Mus musculus,hsa00520,211,GMPPB,"GMPPB, LGMDR19, MDDGA14, MDDGB14, MDDGC14...",594,1500,46,17,571,1492,617,1508
Mus musculus,hsa00520,215,FCSK,"FCSK, 1110046B12Rik, CDGF2, FUK",282,1651,46,17,259,1642,305,1660
Mus musculus,hsa00520,247,PGM1,"PGM1, CDG1T, GSD14...",458,1789,46,17,435,1780,481,1798
Mus musculus,hsa00520,249,HK1,"HK1, CNSHA5, HK, HK1-ta, HK1-tb, HK1-tc, HKD, HKI, HMSNR, HXK1, NEDVIBA, NMSR, RP79, hexokinase...",282,1789,46,17,259,1780,305,1798
Mus musculus,hsa00520,282,GPI,"GPI, AMF, CNSHA4, GNPI, NLK, PGI, PHI, SA-36, SA36",358,1024,46,17,335,1016,381,1032
Mus musculus,hsa00520,283,HK1,"HK1, CNSHA5, HK, HK1-ta, HK1-tb, HK1-tc, HKD, HKI, HMSNR, HXK1, NEDVIBA, NMSR, RP79, hexokinase...",282,1499,46,17,259,1490,305,1508
Mus musculus,hsa00520,295,UGP2,"UGP2, DEE83, EIEE83, SVUGP2, UDPG, UDPGP, UDPGP2, UGP1, UGPP1, UGPP2, pHC379",594,1164,46,17,571,1156,617,1172
Mus musculus,hsa00520,30,GFPT1,"GFPT1, CMS12, CMSTA1, GFA, GFAT, GFAT_1, GFAT1, GFAT1m, GFPT, GFPT1L, MSLG...",380,775,46,17,357,766,403,784
Mus musculus,hsa00520,310,GCK,"GCK, FGQTL3, GK, GLK, HHF3, HK4, HKIV, HXKP, LGLK, MODY2, PNDM1",260,1810,46,17,237,1802,283,1818
Mus musculus,hsa00520,311,GCK,"GCK, FGQTL3, GK, GLK, HHF3, HK4, HKIV, HXKP, LGLK, MODY2, PNDM1",260,1185,46,17,237,1176,283,1194
Mus musculus,hsa00520,39,GNPNAT1,"GNPNAT1, GNA1, GNPNAT, Gpnat1, RHZDAN",380,455,46,17,357,446,403,464
Mus musculus,hsa00520,562,HEXA,"HEXA, TSD...",1034,339,46,17,1011,330,1057,348
Mus musculus,hsa00520,562,HEXB,"HEXA, TSD...",1034,339,46,17,1011,330,1057,348
Mus musculus,hsa00520,86,HK1,"HK1, CNSHA5, HK, HK1-ta, HK1-tb, HK1-tc, HKD, HKI, HMSNR, HXK1, NEDVIBA, NMSR, RP79, hexokinase...",282,815,46,17,259,806,305,824
Mus musculus,hsa00520,9,PGM3,"PGM3, AGM1, IMD23, PAGM, PGM_3",458,379,46,17,435,370,481,388
Mus musculus,hsa00520,94,HK1,"HK1, CNSHA5, HK, HK1-ta, HK1-tb, HK1-tc, HKD, HKI, HMSNR, HXK1, NEDVIBA, NMSR, RP79, hexokinase...",282,496,46,17,259,488,305,504
Mus musculus,hsa00524,60,HK1,"HK1, HK, HK1-ta, HK1-tb, HK1-tc, HKD, HKI, HMSNR, HXK1, NEDVIBA, NMSR, RP79, hexokinase...",409,139,46,17,386,130,432,148
Mus musculus,hsa00524,61,GCK,"GCK, FGQTL3, GK, GLK, HHF3, HK4, HKIV, HXKP, LGLK, MODY2, PNDM1",459,139,46,17,436,130,482,148
Mus musculus,hsa00531,14,SGSH,"SGSH, HSS, MPS3A, SFMD",512,412,46,17,489,404,535,420
Mus musculus,hsa00531,178,HYAL1,"HYAL4, CSHY, HYAL-4...",74,235,46,17,51,226,97,244
Mus musculus,hsa00531,181,GUSB,"GUSB, BG, MPS7",74,291,46,17,51,282,97,300
Mus musculus,hsa00531,46,GNS,"GNS, G6S",648,412,46,17,625,404,671,420
Mus musculus,hsa00531,50,IDS,"IDS, ID2S, MPS2, SIDS",295,291,46,17,272,282,318,300
Mus musculus,hsa00531,51,IDS,"IDS, ID2S, MPS2, SIDS",512,291,46,17,489,282,535,300
Mus musculus,hsa00531,52,GALNS,"GALNS, GALNAC6S, GAS, GalN6S, MPS4A",648,291,46,17,625,282,671,300
Mus musculus,hsa00531,53,IDUA,"IDUA, IDA, MPS1, MPSI",295,353,46,17,272,344,318,362
Mus musculus,hsa00531,54,IDUA,"IDUA, IDA, MPS1, MPSI",512,353,46,17,489,344,535,362
Mus musculus,hsa00531,55,ARSB,"ARSB, ASB, G4S, MPS6",295,412,46,17,272,404,318,420
Mus musculus,hsa00531,56,GLB1,"GLB1, EBP, ELNR1, MPS4B",648,353,46,17,625,344,671,362
Mus musculus,hsa00531,57,HYAL1,"HYAL4, CSHY, HYAL-4...",295,475,46,17,272,466,318,484
Mus musculus,hsa00531,58,HGSNAT,"HGSNAT, HGNAT, MPS3C, RP73, TMEM76",512,475,46,17,489,466,535,484
Mus musculus,hsa00531,59,HEXA,"HEXA, TSD...",715,475,46,17,692,466,738,484
Mus musculus,hsa00531,59,HEXB,"HEXA, TSD...",715,475,46,17,692,466,738,484
Mus musculus,hsa00531,60,HYAL1,"HYAL4, CSHY, HYAL-4...",225,475,46,17,202,466,248,484
Mus musculus,hsa00531,61,NAGLU,"NAGLU, CMT2V, MPS-IIIB, MPS3B, NAG, UFHSD",512,536,46,17,489,528,535,544
Mus musculus,hsa00531,63,HEXA,"HEXA, TSD...",648,475,46,17,625,466,671,484
Mus musculus,hsa00531,63,HEXB,"HEXA, TSD...",648,475,46,17,625,466,671,484
Mus musculus,hsa00531,64,GUSB,"GUSB, BG, MPS7",512,657,46,17,489,648,535,666
Mus musculus,hsa00531,65,GNS,"GNS, G6S",512,719,46,17,489,710,535,728
Mus musculus,hsa00532,118,CHST14,"CHST14, ATCS, D4ST1, EDSMC1, HNK1ST",694,397,46,17,671,388,717,406
Mus musculus,hsa00532,119,CHST3,"CHST7, C6ST-2, GST-5...",890,397,46,17,867,388,913,406
Mus musculus,hsa00532,17,B3GAT3,"B3GAT3, GLCATI, JDSCD, glcUAT-I",1135,283,46,17,1112,274,1158,292
Mus musculus,hsa00532,18,XYLT1,"XYLT1, DBQD2, PXYLT1, XT-I, XT1, XTI, XYLTI, xylT-I...",1135,133,46,17,1112,124,1158,142
Mus musculus,hsa00532,18,XYLT2,"XYLT1, DBQD2, PXYLT1, XT-I, XT1, XTI, XYLTI, xylT-I...",1135,133,46,17,1112,124,1158,142
Mus musculus,hsa00532,19,B4GALT7,"B4GALT7, EDSP1, EDSSLA, EDSSPD1, XGALT1, XGPT, XGPT1",1135,184,46,17,1112,176,1158,192
Mus musculus,hsa00532,37,CHST11,"CHST13, C4ST3...",199,397,46,17,176,388,222,406
Mus musculus,hsa00532,47,CHST3,"CHST7, C6ST-2, GST-5...",370,397,46,17,347,388,393,406
Mus musculus,hsa00532,63,DSE,"DSE, DS-epi1, DSEP, DSEPI, EDSMC2, SART-2, SART2...",544,303,46,17,521,294,567,312
Mus musculus,hsa00532,85,B3GALT6,"B3GALT6, ALGAZ, EDSP2, EDSSPD2, SEMDJL1, beta3GalT6",1135,234,46,17,1112,226,1158,242
Mus musculus,hsa00532,89,CSGALNACT1,"CSGALNACT2, CHGN2, ChGn-2, GALNACT-2, GALNACT2, PRO0082, beta4GalNAcT...",1135,332,46,17,1112,324,1158,340
Mus musculus,hsa00532,90,CHSY1,"CHSY1, CHSY, CSS1, ChSy-1, TPBS...",1135,383,46,17,1112,374,1158,392
Mus musculus,hsa00532,91,CHSY1,"CHSY1, CHSY, CSS1, ChSy-1, TPBS...",1135,434,46,17,1112,426,1158,442
Mus musculus,hsa00532,91,CSGALNACT1,"CHSY1, CHSY, CSS1, ChSy-1, TPBS...",1135,434,46,17,1112,426,1158,442
Mus musculus,hsa00532,98,DSE,"DSE, DS-epi1, DSEP, DSEPI, EDSMC2, SART-2, SART2...",1062,593,46,17,1039,584,1085,602
Mus musculus,hsa00534,149,NDST1,"NDST1, HSST, MRT46, NST1...",1312,776,46,17,1289,768,1335,784
Mus musculus,hsa00534,15,EXTL3,"EXTL2, EXTR2...",1312,452,46,17,1289,444,1335,460
Mus musculus,hsa00534,170,B3GAT3,"B3GAT3, GLCATI, JDSCD, glcUAT-I",1312,381,46,17,1289,372,1335,390
Mus musculus,hsa00534,171,XYLT1,"XYLT1, DBQD2, PXYLT1, XT-I, XT1, XTI, XYLTI, xylT-I...",1312,170,46,17,1289,162,1335,178
Mus musculus,hsa00534,171,XYLT2,"XYLT1, DBQD2, PXYLT1, XT-I, XT1, XTI, XYLTI, xylT-I...",1312,170,46,17,1289,162,1335,178
Mus musculus,hsa00534,172,B4GALT7,"B4GALT7, EDSP1, EDSSLA, EDSSPD1, XGALT1, XGPT, XGPT1",1312,240,46,17,1289,232,1335,248
Mus musculus,hsa00534,175,B3GALT6,"B3GALT6, ALGAZ, EDSP2, EDSSPD2, SEMDJL1, beta3GalT6",1312,309,46,17,1289,300,1335,318
Mus musculus,hsa00534,21,NDST1,"NDST1, HSST, MRT46, NST1...",337,462,46,17,314,454,360,470
Mus musculus,hsa00534,24,HS6ST2,"HS6ST2, MRXSPM",145,610,46,17,122,602,168,618
Mus musculus,hsa00534,33,HS6ST1,"HS6ST1, HH15, HS6ST",1063,799,46,17,1040,790,1086,808
Mus musculus,hsa00534,46,EXT1,"EXT1, EXT, LGCR, LGS, TRPS2, TTV...",1312,520,46,17,1289,512,1335,528
Mus musculus,hsa00534,46,EXT2,"EXT1, EXT, LGCR, LGS, TRPS2, TTV...",1312,520,46,17,1289,512,1335,528
Mus musculus,hsa00534,48,EXTL3,"EXTL1, EXTL...",1312,589,46,17,1289,580,1335,598
Mus musculus,hsa00534,63,HS6ST1,"HS6ST1, HH15, HS6ST",657,610,46,17,634,602,680,618
Mus musculus,hsa00541,133,TGDS,"TGDS, CATMANS, SDR2E1, TDPGD",276,1541,46,17,253,1532,299,1550
Mus musculus,hsa00541,182,UGP2,"UGP2, DEE83, EIEE83, SVUGP2, UDPG, UDPGP, UDPGP2, UGP1, UGPP1, UGPP2, pHC379",158,1203,46,17,135,1194,181,1212
Mus musculus,hsa00541,190,UGDH,"UGDH, DEE84, EIEE84, GDH, UDP-GlcDH, UDPGDH, UGD",304,1214,46,17,281,1206,327,1222
Mus musculus,hsa00541,232,GMPPA,"GMPPB, LGMDR19, MDDGA14, MDDGB14, MDDGC14...",158,1863,46,17,135,1854,181,1872
Mus musculus,hsa00541,232,GMPPB,"GMPPB, LGMDR19, MDDGA14, MDDGB14, MDDGC14...",158,1863,46,17,135,1854,181,1872
Mus musculus,hsa00541,240,GFUS,"GFUS, FX, P35B, SDR4E1, TSTA3",382,1900,46,17,359,1892,405,1908
Mus musculus,hsa00541,298,GNE,"GNE, DMRV, GLCNE, IBM2, NM, THC12, Uae1",482,854,46,17,459,846,505,862
Mus musculus,hsa00541,300,NANS,"NANS, HEL-S-100, SAS, SEMDCG, SEMDG",658,854,46,17,635,846,681,862
Mus musculus,hsa00541,305,NPL,"NPL, C112, C1orf13, NAL, NPL1",658,885,46,17,635,876,681,894
Mus musculus,hsa00541,317,CYB5R3,RIPPLY2-CYB5R4...,983,918,46,17,960,910,1006,926
Mus musculus,hsa00541,359,NANS,"NANS, HEL-S-100, SAS, SEMDCG, SEMDG",658,744,46,17,635,736,681,752
Mus musculus,hsa00541,54,NANS,"NANS, HEL-S-100, SAS, SEMDCG, SEMDG",658,821,46,17,635,812,681,830
Mus musculus,hsa00541,60,GNE,"GNE, DMRV, GLCNE, IBM2, NM, THC12, Uae1",318,854,46,17,295,846,341,862
Mus musculus,hsa00561,141,GLYCTK,"GLYCTK, HBEBP2, HBEBP4, HBeAgBP4A",294,117,46,17,271,108,317,126
Mus musculus,hsa00561,41,LIPC,"CEL, BAL, BSDL, BSSL, CELL, CEase, FAP, FAPP, LIPA, MODY8...",636,534,46,17,613,526,659,542
Mus musculus,hsa00561,41,PNPLA2,"CEL, BAL, BSDL, BSSL, CELL, CEase, FAP, FAPP, LIPA, MODY8...",636,534,46,17,613,526,659,542
Mus musculus,hsa00561,42,DGAT1,"MOGAT3, DC7, DGAT2L2, MGAT3...",636,596,46,17,613,588,659,604
Mus musculus,hsa00561,45,LPIN1,"PLPP4, DPPL2, PPAPDC1, PPAPDC1A...",448,587,46,17,425,578,471,596
Mus musculus,hsa00561,45,LPIN2,"PLPP4, DPPL2, PPAPDC1, PPAPDC1A...",448,587,46,17,425,578,471,596
Mus musculus,hsa00561,47,LIPC,"CEL, BAL, BSDL, BSSL, CELL, CEase, FAP, FAPP, LIPA, MODY8...",557,524,46,17,534,516,580,532
Mus musculus,hsa00561,47,PNPLA2,"CEL, BAL, BSDL, BSSL, CELL, CEase, FAP, FAPP, LIPA, MODY8...",557,524,46,17,534,516,580,532
Mus musculus,hsa00561,48,AGPAT2,"AGPAT1, 1-AGPAT1, G15, LPAAT-alpha, LPAATA, LPLAT1...",382,540,46,17,359,532,405,548
Mus musculus,hsa00561,50,AGK,"AGK, CATC5, CTRCT38, MTDPS10, MULK",446,499,46,17,423,490,469,508
Mus musculus,hsa00561,53,TKFC,"TKFC, DAK, NET45, TKFCD",157,309,46,17,134,300,180,318
Mus musculus,hsa00561,55,GK,"GK, GK1, GKD...",405,369,46,17,382,360,428,378
Mus musculus,hsa00561,60,ALDH1B1,"ALDH2, ALDH-E2, ALDHI, ALDM...",380,209,46,17,357,200,403,218
Mus musculus,hsa00561,60,ALDH3A2,"ALDH2, ALDH-E2, ALDHI, ALDM...",380,209,46,17,357,200,403,218
Mus musculus,hsa00561,60,ALDH7A1,"ALDH2, ALDH-E2, ALDHI, ALDM...",380,209,46,17,357,200,403,218
Mus musculus,hsa00561,65,LPL,"LPL, HDLCQ11, LIPD",636,555,46,17,613,546,659,564
Mus musculus,hsa00561,66,GLA,"GLA, GALA",404,813,46,17,381,804,427,822
Mus musculus,hsa00561,73,DGKE,DGKK...,448,621,46,17,425,612,471,630
Mus musculus,hsa00562,134,ALDH6A1,"ALDH6A1, MMSADHA, MMSDH",953,622,46,17,930,614,976,630
Mus musculus,hsa00562,135,TPI1,"TPI1, HEL-S-49, TIM, TPI, TPID",953,669,46,17,930,660,976,678
Mus musculus,hsa00562,139,PIKFYVE,"PIKFYVE, CFD, FAB1, HEL37, PIP5K, PIP5K3, ZFYVE29",839,128,46,17,816,120,862,136
Mus musculus,hsa00562,146,PIK3C2A,"PIK3C2A, CPK, OCSKD, PI3-K-C2(ALPHA), PI3-K-C2A, PI3K-C2-alpha, PI3K-C2alpha...",675,229,46,17,652,220,698,238
Mus musculus,hsa00562,148,INPPL1,"INPP5D, SHIP, SHIP-1, SHIP1, SIP-145, hp51CN, p150Ship...",675,150,46,17,652,142,698,158
Mus musculus,hsa00562,167,MTM1,"MTM1, CNM, CNMX, MTMX, XLMTM...",675,73,46,17,652,64,698,82
Mus musculus,hsa00562,167,MTMR2,"MTM1, CNM, CNMX, MTMX, XLMTM...",675,73,46,17,652,64,698,82
Mus musculus,hsa00562,184,FIG4,"FIG4, ALS11, BOP, BTOP, CMT4J, KIAA0274, SAC3, YVS, dJ249I4.1",889,128,46,17,866,120,912,136
Mus musculus,hsa00562,49,INPP5E,"INPP5B, 5PTase...",502,229,46,17,479,220,525,238
Mus musculus,hsa00562,49,OCRL,"INPP5B, 5PTase...",502,229,46,17,479,220,525,238
Mus musculus,hsa00562,49,SYNJ1,"INPP5B, 5PTase...",502,229,46,17,479,220,525,238
Mus musculus,hsa00562,52,PTEN,"PTEN, 10q23del, BZS, CWS1, DEC, GLM2, MHAM, MMAC1, PTEN1, PTENbeta, PTENgama, TEP1",608,126,46,17,585,118,631,134
Mus musculus,hsa00562,54,INPP5K,"INPP5J, INPP5, PIB5PA, PIPP...",139,366,46,17,116,358,162,374
Mus musculus,hsa00562,62,INPP5K,"INPP5J, INPP5, PIB5PA, PIPP...",278,270,46,17,255,262,301,278
Mus musculus,hsa00562,66,MTM1,"MTM1, CNM, CNMX, MTMX, XLMTM",724,398,46,17,701,390,747,406
Mus musculus,hsa00562,73,PI4K2A,"PI4KA, GIDID2, PI4K-ALPHA, PIK4CA, PMGYCHA, SPG84, pi4K230...",716,260,46,17,693,252,739,268
Mus musculus,hsa00562,73,PI4KA,"PI4KA, GIDID2, PI4K-ALPHA, PIK4CA, PMGYCHA, SPG84, pi4K230...",716,260,46,17,693,252,739,268
Mus musculus,hsa00562,75,PIP5K1C,"PIP5KL1, PIPKH...",552,229,46,17,529,220,575,238
Mus musculus,hsa00562,77,MTM1,"MTM1, CNM, CNMX, MTMX, XLMTM...",889,238,46,17,866,230,912,246
Mus musculus,hsa00562,77,MTMR2,"MTM1, CNM, CNMX, MTMX, XLMTM...",889,238,46,17,866,230,912,246
Mus musculus,hsa00562,81,PLCB1,"PLCD3, PLC-delta-3...",391,182,46,17,368,174,414,190
Mus musculus,hsa00562,81,PLCB3,"PLCD3, PLC-delta-3...",391,182,46,17,368,174,414,190
Mus musculus,hsa00562,81,PLCB4,"PLCD3, PLC-delta-3...",391,182,46,17,368,174,414,190
Mus musculus,hsa00562,81,PLCD1,"PLCD3, PLC-delta-3...",391,182,46,17,368,174,414,190
Mus musculus,hsa00562,81,PLCE1,"PLCD3, PLC-delta-3...",391,182,46,17,368,174,414,190
Mus musculus,hsa00562,81,PLCG2,"PLCD3, PLC-delta-3...",391,182,46,17,368,174,414,190
Mus musculus,hsa00562,86,PIK3CA,"PIK3CA, CCM4, CLAPO, CLOVE, CWS5, HMH, MCAP, MCM, MCMTC, PI3K, PI3K-alpha, p110-alpha...",609,182,46,17,586,174,632,190
Mus musculus,hsa00562,86,PIK3CD,"PIK3CA, CCM4, CLAPO, CLOVE, CWS5, HMH, MCAP, MCM, MCMTC, PI3K, PI3K-alpha, p110-alpha...",609,182,46,17,586,174,632,190
Mus musculus,hsa00563,101,PIGO,"PIGO, HPMRS2",301,491,46,17,278,482,324,500
Mus musculus,hsa00563,102,PIGG,"PIGG, EMM, GPI7, LAS21, MRT53, NEDHSCA, PRO4405, RLGS1930",301,577,46,17,278,568,324,586
Mus musculus,hsa00563,107,PIGU,"PIGU, CDC91L1, GAB1, GPIBD21, NEDBSS, PIG-U",324,663,46,17,301,654,347,672
Mus musculus,hsa00563,108,PIGT,"PIGT, CGI-06, MCAHS3, NDAP, PIG-T, PNH2",347,646,46,17,324,638,370,654
Mus musculus,hsa00563,109,PIGS,"PIGS, DEE95, GPIBD18, PIG-S",301,646,46,17,278,638,324,654
Mus musculus,hsa00563,110,PIGK,"PIGK, GPI8, NEDHCAS",347,629,46,17,324,620,370,638
Mus musculus,hsa00563,111,GPAA1,"GPAA1, GAA1, GPIBD15, hGAA1",301,629,46,17,278,620,324,638
Mus musculus,hsa00563,116,PGAP1,"PGAP1, Bst1, ISPD3024, MRT42, NEDDSBA, SPG67",324,723,46,17,301,714,347,732
Mus musculus,hsa00563,120,PGAP3,"PGAP3, AGLA546, CAB2, PERLD1, PP1498, hCOS16",169,869,46,17,146,860,192,878
Mus musculus,hsa00563,123,PGAP2,"PGAP2, CWH43-N, FRAG1, HPMRS3, MRT17, MRT21",169,933,46,17,146,924,192,942
Mus musculus,hsa00563,13,PIGY,"PIGY, HPMRS6, PIG-Y",233,206,46,17,210,198,256,214
Mus musculus,hsa00563,132,PGAP3,"PGAP3, AGLA546, CAB2, PERLD1, PP1498, hCOS16",325,869,46,17,302,860,348,878
Mus musculus,hsa00563,14,DPM2,"DPM2, CDG1U",211,223,46,17,188,214,234,232
Mus musculus,hsa00563,15,PIGQ,"PIGQ, DEE77, EIEE77, GPI1, GPIBD19, MCAHS4, c407A10.1",187,206,46,17,164,198,210,214
Mus musculus,hsa00563,16,PIGP,"PIGP, DCRC, DCRC-S, DEE55, DSCR5, DSRC, EIEE55, PIG-P",233,189,46,17,210,180,256,198
Mus musculus,hsa00563,17,PIGH,"PIGH, GPI-H",187,189,46,17,164,180,210,198
Mus musculus,hsa00563,18,PIGC,"PIGC, GPI2, GPIBD16, MRT62",233,172,46,17,210,164,256,180
Mus musculus,hsa00563,21,PIGU,"PIGU, CDC91L1, GAB1, GPIBD21, NEDBSS, PIG-U",169,663,46,17,146,654,192,672
Mus musculus,hsa00563,22,PIGT,"PIGT, CGI-06, MCAHS3, NDAP, PIG-T, PNH2",192,646,46,17,169,638,215,654
Mus musculus,hsa00563,23,PIGS,"PIGS, DEE95, GPIBD18, PIG-S",146,646,46,17,123,638,169,654
Mus musculus,hsa00563,25,PIGM,"PIGM, GPI-MT-I",334,260,46,17,311,252,357,268
Mus musculus,hsa00563,37,PIGL,"PIGL, CHIME",328,190,46,17,305,182,351,198
Mus musculus,hsa00563,38,PIGK,"PIGK, GPI8, NEDHCAS",192,629,46,17,169,620,215,638
Mus musculus,hsa00563,39,PIGB,"PIGB, DEE80, EIEE80, GPI-MT-III, PIG-B",169,388,46,17,146,380,192,396
Mus musculus,hsa00563,40,GPAA1,"GPAA1, GAA1, GPIBD15, hGAA1",146,629,46,17,123,620,169,638
Mus musculus,hsa00563,41,PGAP1,"PGAP1, Bst1, ISPD3024, MRT42, NEDDSBA, SPG67",169,723,46,17,146,714,192,732
Mus musculus,hsa00563,42,PIGN,"PIGN, MCAHS, MCAHS1, MCD4, MDC4, PIG-N",169,313,46,17,146,304,192,322
Mus musculus,hsa00563,43,PIGA,"PIGA, GPI3, MCAHS2, NEDEPH, PIG-A, PNH1",187,172,46,17,164,164,210,180
Mus musculus,hsa00563,45,PIGO,"PIGO, HPMRS2",146,491,46,17,123,482,169,500
Mus musculus,hsa00563,46,PIGW,"PIGW, Gwt1, HPMRS5",389,236,46,17,366,228,412,244
Mus musculus,hsa00563,47,PIGV,"PIGV, GPI-MT-II, HPMRS1, PIG-V",226,260,46,17,203,252,249,268
Mus musculus,hsa00563,77,PIGG,"PIGG, EMM, GPI7, LAS21, MRT53, NEDHSCA, PRO4405, RLGS1930",146,577,46,17,123,568,169,586
Mus musculus,hsa00564,105,PLA2G4A,"PLA2G4B, HsT16992, cPLA2-beta...",840,681,46,17,817,672,863,690
Mus musculus,hsa00564,105,PLA2G6,"PLA2G4B, HsT16992, cPLA2-beta...",840,681,46,17,817,672,863,690
Mus musculus,hsa00564,106,AGPAT2,"AGPAT1, 1-AGPAT1, G15, LPAAT-alpha, LPAATA, LPLAT1...",277,414,46,17,254,406,300,422
Mus musculus,hsa00564,115,GPD1,"GPD1L, GPD1-L...",170,214,46,17,147,206,193,222
Mus musculus,hsa00564,118,LCAT,LCAT,840,189,46,17,817,180,863,198
Mus musculus,hsa00564,123,SELENOI,CEPT1...,759,642,46,17,736,634,782,650
Mus musculus,hsa00564,124,PNPLA6,"LYPLA1, APT-1, APT1, LPL-I, LPL1, hAPT1...",983,706,46,17,960,698,1006,714
Mus musculus,hsa00564,128,PNPLA6,"PNPLA6, BNHS, LNMS, NTE, NTEMND, OMCS, SPG39, iPLA2delta, sws...",983,726,46,17,960,718,1006,734
Mus musculus,hsa00564,134,PNPLA6,"PNPLA6, BNHS, LNMS, NTE, NTEMND, OMCS, SPG39, iPLA2delta, sws...",983,254,46,17,960,246,1006,262
Mus musculus,hsa00564,136,PISD,"PISD, DJ858B16, LIBF, PSD, PSDC, PSSC, dJ858B16.2",588,710,46,17,565,702,611,718
Mus musculus,hsa00564,142,PNPLA6,"LYPLA1, APT-1, APT1, LPL-I, LPL1, hAPT1...",983,235,46,17,960,226,1006,244
Mus musculus,hsa00564,207,MBOAT7,"LCLAT1, 1AGPAT8, AGPAT8, ALCAT1, HSRG1849, LPLAT6, LYCAT, UNQ1849...",162,663,46,17,139,654,185,672
Mus musculus,hsa00564,269,SGMS2,"SAMD8, HEL-177, SMSr...",718,576,46,17,695,568,741,584
Mus musculus,hsa00564,72,PTDSS1,"PTDSS1, LMHD, PSS1, PSSA",521,368,46,17,498,360,544,376
Mus musculus,hsa00564,82,GNPAT,"GNPAT, DAP-AT, DAPAT, DHAPAT, RCDP2",112,306,46,17,89,298,135,314
Mus musculus,hsa00564,88,PCYT1A,"PCYT1A, CCTA, CCTalpha, CGL5, CT, CTA, CTPCT, PCYT1, SMDCRD...",934,335,46,17,911,326,957,344
Mus musculus,hsa00564,89,CHKB,"CHKA, CHK, CK, CKI, EK, NEDMIMS...",1097,325,46,17,1074,316,1120,334
Mus musculus,hsa00564,91,CHAT,"CHAT, CHOACTASE, CMS1A, CMS1A2, CMS6",1262,321,46,17,1239,312,1285,330
Mus musculus,hsa00564,92,PCYT2,"PCYT2, ET, SPG82",934,573,46,17,911,564,957,582
Mus musculus,hsa00564,93,CHKB,"CHKA, CHK, CK, CKI, EK, NEDMIMS...",1097,563,46,17,1074,554,1120,572
Mus musculus,hsa00564,96,PLA2G4A,"PLA2G4B, HsT16992, cPLA2-beta...",840,210,46,17,817,202,863,218
Mus musculus,hsa00564,96,PLA2G6,"PLA2G4B, HsT16992, cPLA2-beta...",840,210,46,17,817,202,863,218
Mus musculus,hsa00564,98,DGKE,DGKK...,424,482,46,17,401,474,447,490
Mus musculus,hsa00564,99,LPIN1,"PLPP4, DPPL2, PPAPDC1, PPAPDC1A...",562,461,46,17,539,452,585,470
Mus musculus,hsa00564,99,LPIN2,"PLPP4, DPPL2, PPAPDC1, PPAPDC1A...",562,461,46,17,539,452,585,470
Mus musculus,hsa00565,60,AGPS,"AGPS, ADAP-S, ADAS, ADHAPS, ADPS, ALDHPSY, RCDP3",396,168,46,17,373,160,419,176
Mus musculus,hsa00565,66,SELENOI,CEPT1...,613,453,46,17,590,444,636,462
Mus musculus,hsa00565,70,PLA2G4A,"PLA2G4B, HsT16992, cPLA2-beta...",271,558,46,17,248,550,294,566
Mus musculus,hsa00565,70,PLA2G6,"PLA2G4B, HsT16992, cPLA2-beta...",271,558,46,17,248,550,294,566
Mus musculus,hsa00565,73,PLA2G4A,"PLA2G4B, HsT16992, cPLA2-beta...",541,575,46,17,518,566,564,584
Mus musculus,hsa00565,73,PLA2G6,"PLA2G4B, HsT16992, cPLA2-beta...",541,575,46,17,518,566,564,584
Mus musculus,hsa00565,77,SELENOI,CEPT1...,593,656,46,17,570,648,616,664
Mus musculus,hsa00590,107,ALOX12B,"ALOX12B, 12R-LOX, ARCI2",1083,323,46,17,1060,314,1106,332
Mus musculus,hsa00590,108,CYP2U1,"CYP2U1, P450TEC, SPG49, SPG56",742,189,46,17,719,180,765,198
Mus musculus,hsa00590,112,GPX4,"GPX4, GPx-4, GSHPx-4, MCSP, PHGPx, SMDS, snGPx, snPHGPx",629,528,46,17,606,520,652,536
Mus musculus,hsa00590,113,ALOXE3,"ALOXE3, ARCI3, E-LOX, LI5, eLOX-3, eLOX3",1313,350,46,17,1290,342,1336,358
Mus musculus,hsa00590,117,ALOXE3,"ALOXE3, ARCI3, E-LOX, LI5, eLOX-3, eLOX3",1262,350,46,17,1239,342,1285,358
Mus musculus,hsa00590,118,CYP2U1,"CYP2U1, P450TEC, SPG49, SPG56",717,252,46,17,694,244,740,260
Mus musculus,hsa00590,125,GPX4,"GPX4, GPx-4, GSHPx-4, MCSP, PHGPx, SMDS, snGPx, snPHGPx",629,259,46,17,606,250,652,268
Mus musculus,hsa00590,130,PLA2G4A,"PLA2G4B, HsT16992, cPLA2-beta...",894,154,46,17,871,146,917,162
Mus musculus,hsa00590,130,PLA2G6,"PLA2G4B, HsT16992, cPLA2-beta...",894,154,46,17,871,146,917,162
Mus musculus,hsa00590,136,GGT1,GGT2...,527,204,46,17,504,196,550,212
Mus musculus,hsa00590,140,TBXAS1,"TBXAS1, BDPLT14, CYP5, CYP5A1, GHOSAL, THAS, TS, TXAS, TXS",332,318,46,17,309,310,355,326
Mus musculus,hsa00590,143,HPGD,"HPGD, 15-PGDH, PGDH, PGDH1, PHOAR1, SDR36C1",215,259,46,17,192,250,238,268
Mus musculus,hsa00590,223,GPX4,"GPX4, GPx-4, GSHPx-4, MCSP, PHGPx, SMDS, snGPx, snPHGPx",1234,254,46,17,1211,246,1257,262
Mus musculus,hsa00590,229,HPGD,"HPGD, 15-PGDH, PGDH, PGDH1, PHOAR1, SDR36C1",131,259,46,17,108,250,154,268
Mus musculus,hsa00590,246,ALOXE3,"ALOXE3, ARCI3, E-LOX, LI5, eLOX-3, eLOX3",1115,285,46,17,1092,276,1138,294
Mus musculus,hsa00590,247,ALOXE3,"ALOXE3, ARCI3, E-LOX, LI5, eLOX-3, eLOX3",1202,284,46,17,1179,276,1225,292
Mus musculus,hsa00591,40,PLA2G4A,"PLA2G4B, HsT16992, cPLA2-beta...",378,204,46,17,355,196,401,212
Mus musculus,hsa00591,40,PLA2G6,"PLA2G4B, HsT16992, cPLA2-beta...",378,204,46,17,355,196,401,212
Mus musculus,hsa00592,30,ACOX1,"ACOX1, ACOX, AOX, MITCH, PALMCOX, SCOX...",139,661,46,17,116,652,162,670
Mus musculus,hsa00592,31,ACOX1,"ACOX1, ACOX, AOX, MITCH, PALMCOX, SCOX...",403,628,46,17,380,620,426,636
Mus musculus,hsa00592,64,ACOX1,"ACOX1, ACOX, AOX, MITCH, PALMCOX, SCOX...",644,590,46,17,621,582,667,598
Mus musculus,hsa00592,70,PLA2G4A,"PLA2G4B, HsT16992, cPLA2-beta...",221,148,46,17,198,140,244,156
Mus musculus,hsa00592,70,PLA2G6,"PLA2G4B, HsT16992, cPLA2-beta...",221,148,46,17,198,140,244,156
Mus musculus,hsa00600,124,SGMS2,"SGMS2, CDL, SMS2...",756,318,46,17,733,310,779,326
Mus musculus,hsa00600,128,PSAP,"PSAP, GLBA, PARK24, PSAPD, SAP1, SAP2...",583,542,46,17,560,534,606,550
Mus musculus,hsa00600,136,ARSA,"ARSA, ASA, MLD",341,530,46,17,318,522,364,538
Mus musculus,hsa00600,140,B4GALNT1,"B4GALNT1, GALGT, GALNACT, GalNAc-T, SPG26",385,640,46,17,362,632,408,648
Mus musculus,hsa00600,141,HEXA,"HEXA, TSD...",341,620,46,17,318,612,364,628
Mus musculus,hsa00600,141,HEXB,"HEXA, TSD...",341,620,46,17,318,612,364,628
Mus musculus,hsa00600,144,GLA,"GLA, GALA",281,550,46,17,258,542,304,558
Mus musculus,hsa00600,147,GALC,GALC,896,169,46,17,873,160,919,178
Mus musculus,hsa00600,150,GBA2,"GBA1, GBA, GCB, GLUC...",966,169,46,17,943,160,989,178
Mus musculus,hsa00600,156,GLB1,"GLB1, EBP, ELNR1, MPS4B",212,710,46,17,189,702,235,718
Mus musculus,hsa00600,157,HEXA,"HEXA, TSD...",212,626,46,17,189,618,235,634
Mus musculus,hsa00600,157,HEXB,"HEXA, TSD...",212,626,46,17,189,618,235,634
Mus musculus,hsa00600,163,HEXA,"HEXA, TSD...",143,626,46,17,120,618,166,634
Mus musculus,hsa00600,163,HEXB,"HEXA, TSD...",143,626,46,17,120,618,166,634
Mus musculus,hsa00600,164,GLB1,"GLB1, EBP, ELNR1, MPS4B",143,710,46,17,120,702,166,718
Mus musculus,hsa00600,167,NEU1,"NEU3, SIAL3...",212,550,46,17,189,542,235,558
Mus musculus,hsa00600,169,HEXA,"HEXA, TSD...",281,626,46,17,258,618,304,634
Mus musculus,hsa00600,169,HEXB,"HEXA, TSD...",281,626,46,17,258,618,304,634
Mus musculus,hsa00600,172,GM2A,"GM2A, GM2-AP, GM2AP, SAP-3",212,603,46,17,189,594,235,612
Mus musculus,hsa00600,173,GM2A,"GM2A, GM2-AP, GM2AP, SAP-3",143,603,46,17,120,594,166,612
Mus musculus,hsa00600,35,ACER3,"ACER3, APHC, PHCA, PLDECO",450,405,46,17,427,396,473,414
Mus musculus,hsa00600,41,ASAH1,"ASAH1, AC, ACDase, ASAH, PHP, PHP32, SMAPME...",450,384,46,17,427,376,473,392
Mus musculus,hsa00600,42,ASAH1,"ASAH1, AC, ACDase, ASAH, PHP, PHP32, SMAPME...",450,266,46,17,427,258,473,274
Mus musculus,hsa00600,43,CERS1,"CERS1, EPM8, GDF-1, GDF1, LAG1, LASS1, UOG1...",450,359,46,17,427,350,473,368
Mus musculus,hsa00600,43,CERS2,"CERS1, EPM8, GDF-1, GDF1, LAG1, LASS1, UOG1...",450,359,46,17,427,350,473,368
Mus musculus,hsa00600,43,CERS3,"CERS1, EPM8, GDF-1, GDF1, LAG1, LASS1, UOG1...",450,359,46,17,427,350,473,368
Mus musculus,hsa00600,44,DEGS1,"DEGS2, C14orf66, DES2, FADS8...",574,347,46,17,551,338,597,356
Mus musculus,hsa00600,46,DEGS1,"DEGS2, C14orf66, DES2, FADS8...",510,322,46,17,487,314,533,330
Mus musculus,hsa00600,47,DEGS1,"DEGS2, C14orf66, DES2, FADS8...",388,322,46,17,365,314,411,330
Mus musculus,hsa00600,48,SMPD1,"ENPP7, ALK-SMase, E-NPP 7, NPP-7, NPP7...",756,358,46,17,733,350,779,366
Mus musculus,hsa00600,48,SMPD4,"ENPP7, ALK-SMase, E-NPP 7, NPP-7, NPP7...",756,358,46,17,733,350,779,366
Mus musculus,hsa00600,49,CERS1,"CERS1, EPM8, GDF-1, GDF1, LAG1, LASS1, UOG1...",600,263,46,17,577,254,623,272
Mus musculus,hsa00600,49,CERS2,"CERS1, EPM8, GDF-1, GDF1, LAG1, LASS1, UOG1...",600,263,46,17,577,254,623,272
Mus musculus,hsa00600,49,CERS3,"CERS1, EPM8, GDF-1, GDF1, LAG1, LASS1, UOG1...",600,263,46,17,577,254,623,272
Mus musculus,hsa00600,51,SGMS2,"SAMD8, HEL-177, SMSr...",756,266,46,17,733,258,779,274
Mus musculus,hsa00600,67,SPTLC1,"SPTLC1, ALS27, HSAN1, HSN1, LBC1, LCB1, SPT1, SPTI...",198,349,46,17,175,340,221,358
Mus musculus,hsa00600,67,SPTLC2,"SPTLC1, ALS27, HSAN1, HSN1, LBC1, LCB1, SPT1, SPTI...",198,349,46,17,175,340,221,358
Mus musculus,hsa00600,68,KDSR,"KDSR, DHSR, EKVP4, FVT1, SDR35C1",307,358,46,17,284,350,330,366
Mus musculus,hsa00600,70,GLA,"GLA, GALA",649,634,46,17,626,626,672,642
Mus musculus,hsa00600,72,NEU1,"NEU3, SIAL3...",601,586,46,17,578,578,624,594
Mus musculus,hsa00600,74,GLB1,"GLB1, EBP, ELNR1, MPS4B",450,506,46,17,427,498,473,514
Mus musculus,hsa00600,75,GBA2,"GBA1, GBA, GCB, GLUC...",583,493,49,17,558,484,608,502
Mus musculus,hsa00600,76,UGCG,"UGCG, GCS, GLCT1",580,439,46,17,557,430,603,448
Mus musculus,hsa00600,77,ASAH1,"ACER1, ALKCDase1, ASAH3...",672,244,46,17,649,236,695,252
Mus musculus,hsa00600,82,SGPL1,"SGPL1, NPHS14, RENI, S1PL, SPL",583,120,46,17,560,112,606,128
Mus musculus,hsa00600,83,SGPL1,"SGPL1, NPHS14, RENI, S1PL, SPL",450,129,46,17,427,120,473,138
Mus musculus,hsa00600,85,GALC,GALC,648,514,46,17,625,506,671,522
Mus musculus,hsa00600,88,ARSA,"ARSA, ASA, MLD",756,633,46,17,733,624,779,642
Mus musculus,hsa00601,136,B4GALT1,"B4GALT1, B4GAL-T1, CDG2D, CLDLFIB, GGTB2, GT1, GTB, beta4Gal-T1",914,410,46,17,891,402,937,418
Mus musculus,hsa00601,146,B4GALT1,"B4GALT1, B4GAL-T1, CDG2D, CLDLFIB, GGTB2, GT1, GTB, beta4Gal-T1",489,182,46,17,466,174,512,190
Mus musculus,hsa00601,186,ST3GAL3,"ST3GAL3, DEE15, EIEE15, MRT12, SIAT6, ST3GALII, ST3Gal_III, ST3GalIII, ST3N",277,265,46,17,254,256,300,274
Mus musculus,hsa00601,236,A4GALT,"A4GALT, A14GALT, A4GALT1, Gb3S, P(k), P1, P1PK, PK",713,280,46,17,690,272,736,288
Mus musculus,hsa00603,36,NAGA,"NAGA, D22S674, GALB",387,264,46,17,364,256,410,272
Mus musculus,hsa00603,37,A4GALT,"A4GALT, A14GALT, A4GALT1, Gb3S, P(k), P1, P1PK, PK",162,250,46,17,139,242,185,258
Mus musculus,hsa00603,39,HEXA,"HEXA, TSD...",274,265,46,17,251,256,297,274
Mus musculus,hsa00603,39,HEXB,"HEXA, TSD...",274,265,46,17,251,256,297,274
Mus musculus,hsa00603,44,GLA,"GLA, GALA",162,208,46,17,139,200,185,216
Mus musculus,hsa00603,85,A4GALT,"A4GALT, A14GALT, A4GALT1, Gb3S, P(k), P1, P1PK, PK",388,292,46,17,365,284,411,300
Mus musculus,hsa00603,92,A4GALT,"A4GALT, A14GALT, A4GALT1, Gb3S, P(k), P1, P1PK, PK",610,292,46,17,587,284,633,300
Mus musculus,hsa00604,35,GLB1,"GLB1, EBP, ELNR1, MPS4B",398,351,46,17,375,342,421,360
Mus musculus,hsa00604,36,HEXA,"HEXA, TSD...",398,245,46,17,375,236,421,254
Mus musculus,hsa00604,36,HEXB,"HEXA, TSD...",398,245,46,17,375,236,421,254
Mus musculus,hsa00604,57,SLC33A1,"SLC33A1, ACATN, AT-1, AT1, CCHLND, SPG42",698,148,46,17,675,140,721,156
Mus musculus,hsa00604,59,B4GALNT1,"B4GALNT1, GALGT, GALNACT, GalNAc-T, SPG26",698,224,46,17,675,216,721,232
Mus musculus,hsa00604,71,SLC33A1,"SLC33A1, ACATN, AT-1, AT1, CCHLND, SPG42",536,148,46,17,513,140,559,156
Mus musculus,hsa00604,73,ST3GAL5,"ST3GAL5, SATI, SIAT9, SIATGM3S, SPDRS, ST3Gal_V, ST3GalV",287,171,46,17,264,162,310,180
Mus musculus,hsa00604,74,B4GALNT1,"B4GALNT1, GALGT, GALNACT, GalNAc-T, SPG26",214,224,46,17,191,216,237,232
Mus musculus,hsa00604,79,B4GALNT1,"B4GALNT1, GALGT, GALNACT, GalNAc-T, SPG26",353,224,46,17,330,216,376,232
Mus musculus,hsa00604,81,B4GALNT1,"B4GALNT1, GALGT, GALNACT, GalNAc-T, SPG26",536,224,46,17,513,216,559,232
Mus musculus,hsa00620,106,ALDH1B1,"ALDH2, ALDH-E2, ALDHI, ALDM...",776,644,46,17,753,636,799,652
Mus musculus,hsa00620,106,ALDH3A2,"ALDH2, ALDH-E2, ALDHI, ALDM...",776,644,46,17,753,636,799,652
Mus musculus,hsa00620,106,ALDH7A1,"ALDH2, ALDH-E2, ALDHI, ALDM...",776,644,46,17,753,636,799,652
Mus musculus,hsa00620,111,ACAT1,"ACAT1, ACAT, MAT, T2, THIL...",348,793,46,17,325,784,371,802
Mus musculus,hsa00620,111,ACAT2,"ACAT1, ACAT, MAT, T2, THIL...",348,793,46,17,325,784,371,802
Mus musculus,hsa00620,118,ACACA,"ACACA, ACAC, ACACAD, ACACalpha, ACC, ACC1, ACCA, ACCalpha, Acac1, hACC1...",465,832,46,17,442,824,488,840
Mus musculus,hsa00620,118,ACACB,"ACACA, ACAC, ACACAD, ACACalpha, ACC, ACC1, ACCA, ACCalpha, Acac1, hACC1...",465,832,46,17,442,824,488,840
Mus musculus,hsa00620,124,GRHPR,"GRHPR, GLXR, GLYD, PH2",709,138,46,17,686,130,732,146
Mus musculus,hsa00620,125,PDHA1,"PDHA1, E1alpha, PDHA, PDHAD, PDHCE1A, PHE1A...",405,397,46,17,382,388,428,406
Mus musculus,hsa00620,125,PDHA2,"PDHA1, E1alpha, PDHA, PDHAD, PDHCE1A, PHE1A...",405,397,46,17,382,388,428,406
Mus musculus,hsa00620,125,PDHB,"PDHA1, E1alpha, PDHA, PDHAD, PDHCE1A, PHE1A...",405,397,46,17,382,388,428,406
Mus musculus,hsa00620,126,DLAT,"DLAT, DLTA, E2, PBC, PDC-E2, PDCE2",406,529,46,17,383,520,429,538
Mus musculus,hsa00620,127,DLD,"DLD, DLDD, DLDH, E3, GCSL, LAD, OGDC-E3, PHE3",367,495,46,17,344,486,390,504
Mus musculus,hsa00620,189,FH,"FH, FMRD, HLRCC, HsFH, LRCC, MCL, MCUL1",211,654,46,17,188,646,234,662
Mus musculus,hsa00620,57,PDHA1,"PDHA1, E1alpha, PDHA, PDHAD, PDHCE1A, PHE1A...",406,457,46,17,383,448,429,466
Mus musculus,hsa00620,57,PDHA2,"PDHA1, E1alpha, PDHA, PDHAD, PDHCE1A, PHE1A...",406,457,46,17,383,448,429,466
Mus musculus,hsa00620,57,PDHB,"PDHA1, E1alpha, PDHA, PDHAD, PDHCE1A, PHE1A...",406,457,46,17,383,448,429,466
Mus musculus,hsa00620,62,PCK1,"PCK1, PCKDC, PEPCK-C, PEPCK1, PEPCKC...",221,155,46,17,198,146,244,164
Mus musculus,hsa00620,62,PCK2,"PCK1, PCKDC, PEPCK-C, PEPCK1, PEPCKC...",221,155,46,17,198,146,244,164
Mus musculus,hsa00620,67,PKLR,"PKLR, CNSHA2, PK1, PKL, PKRL, RPK...",386,252,46,17,363,244,409,260
Mus musculus,hsa00620,75,LDHD,"LDHD, DLACD, DLD",522,269,46,17,499,260,545,278
Mus musculus,hsa00620,81,PC,"PC, PCB",160,417,46,17,137,408,183,426
Mus musculus,hsa00620,88,MDH1,"MDH1, DEE88, EIEE88, HEL-S-32, KAR, MDH-s, MDHA, MGC:1375, MOR2...",136,559,46,17,113,550,159,568
Mus musculus,hsa00620,88,MDH2,"MDH1, DEE88, EIEE88, HEL-S-32, KAR, MDH-s, MDHA, MGC:1375, MOR2...",136,559,46,17,113,550,159,568
Mus musculus,hsa00620,95,LDHA,"LDHAL6A, LDH6A...",644,341,46,17,621,332,667,350
Mus musculus,hsa00620,95,LDHB,"LDHAL6A, LDH6A...",644,341,46,17,621,332,667,350
Mus musculus,hsa00630,102,HAO1,"HAO2, GIG16, HAOX2...",817,564,46,17,794,556,840,572
Mus musculus,hsa00630,103,GRHPR,"GRHPR, GLXR, GLYD, PH2",796,657,46,17,773,648,819,666
Mus musculus,hsa00630,118,GRHPR,"GRHPR, GLXR, GLYD, PH2",362,658,46,17,339,650,385,666
Mus musculus,hsa00630,119,GRHPR,"GRHPR, GLXR, GLYD, PH2",362,637,46,17,339,628,385,646
Mus musculus,hsa00630,131,MDH1,"MDH1, DEE88, EIEE88, HEL-S-32, KAR, MDH-s, MDHA, MGC:1375, MOR2...",550,169,46,17,527,160,573,178
Mus musculus,hsa00630,131,MDH2,"MDH1, DEE88, EIEE88, HEL-S-32, KAR, MDH-s, MDHA, MGC:1375, MOR2...",550,169,46,17,527,160,573,178
Mus musculus,hsa00630,208,ACAT1,"ACAT1, ACAT, MAT, T2, THIL...",633,173,46,17,610,164,656,182
Mus musculus,hsa00630,208,ACAT2,"ACAT1, ACAT, MAT, T2, THIL...",633,173,46,17,610,164,656,182
Mus musculus,hsa00630,217,MCEE,"MCEE, GLOD2, MCE, MMCE",698,362,46,17,675,354,721,370
Mus musculus,hsa00630,218,PCCA,PCCA...,697,423,46,17,674,414,720,432
Mus musculus,hsa00630,218,PCCB,PCCA...,697,423,46,17,674,414,720,432
Mus musculus,hsa00630,219,MMUT,"MMUT, MCM, MUT",698,289,46,17,675,280,721,298
Mus musculus,hsa00630,228,AGXT,"AGXT, AGT, AGT1, AGXT1, PH1, SPAT, SPT, Ser-PyrAT, TLH6",698,973,46,17,675,964,721,982
Mus musculus,hsa00630,230,SHMT2,"SHMT1, CSHMT, SHMT...",772,941,46,17,749,932,795,950
Mus musculus,hsa00630,231,AMT,"DLD, DLDD, DLDH, E3, GCSL, LAD, OGDC-E3, PHE3...",580,912,46,17,557,904,603,920
Mus musculus,hsa00630,231,DLD,"DLD, DLDD, DLDH, E3, GCSL, LAD, OGDC-E3, PHE3...",580,912,46,17,557,904,603,920
Mus musculus,hsa00630,231,GCSH,"DLD, DLDD, DLDH, E3, GCSL, LAD, OGDC-E3, PHE3...",580,912,46,17,557,904,603,920
Mus musculus,hsa00630,231,GLDC,"DLD, DLDD, DLDH, E3, GCSL, LAD, OGDC-E3, PHE3...",580,912,46,17,557,904,603,920
Mus musculus,hsa00630,238,CAT,CAT,819,615,46,17,796,606,842,624
Mus musculus,hsa00630,245,GLUL,"GLUL, DEE116, GLNS, GS, PIG43, PIG59",853,837,46,17,830,828,876,846
Mus musculus,hsa00630,250,MCEE,"MCEE, GLOD2, MCE, MMCE",855,265,46,17,832,256,878,274
Mus musculus,hsa00630,264,GLYCTK,"GLYCTK, HBEBP2, HBEBP4, HBeAgBP4A",148,695,46,17,125,686,171,704
Mus musculus,hsa00630,306,AGXT,"AGXT, AGT, AGT1, AGXT1, PH1, SPAT, SPT, Ser-PyrAT, TLH6...",853,936,46,17,830,928,876,944
Mus musculus,hsa00630,306,AGXT2,"AGXT, AGT, AGT1, AGXT1, PH1, SPAT, SPT, Ser-PyrAT, TLH6...",853,936,46,17,830,928,876,944
Mus musculus,hsa00630,84,ACO2,"ACO1, ACONS, HEL60, IREB1, IREBP, IREBP1, IRP1...",1293,388,46,17,1270,380,1316,396
Mus musculus,hsa00630,89,HOGA1,"HOGA1, C10orf65, DHDPS2, DHDPSL, HP3, NPL2",1125,576,46,17,1102,568,1148,584
Mus musculus,hsa00630,98,ACO2,"ACO1, ACONS, HEL60, IREB1, IREBP, IREBP1, IRP1...",1092,125,46,17,1069,116,1115,134
Mus musculus,hsa00640,105,ACADS,"ACADS, ACAD3, SCAD",593,317,46,17,570,308,616,326
Mus musculus,hsa00640,110,MMUT,"MMUT, MCM, MUT",807,577,46,17,784,568,830,586
Mus musculus,hsa00640,119,SUCLA2,"SUCLG2, G-SCS, GBETA, GTPSCS...",865,630,46,17,842,622,888,638
Mus musculus,hsa00640,119,SUCLG1,"SUCLG2, G-SCS, GBETA, GTPSCS...",865,630,46,17,842,622,888,638
Mus musculus,hsa00640,120,SUCLA2,"SUCLG2, G-SCS, GBETA, GTPSCS...",865,609,46,17,842,600,888,618
Mus musculus,hsa00640,120,SUCLG1,"SUCLG2, G-SCS, GBETA, GTPSCS...",865,609,46,17,842,600,888,618
Mus musculus,hsa00640,16,ALDH6A1,"ALDH6A1, MMSADHA, MMSDH",159,325,46,17,136,316,182,334
Mus musculus,hsa00640,18,ACACA,"ACACA, ACAC, ACACAD, ACACalpha, ACC, ACC1, ACCA, ACCalpha, Acac1, hACC1...",159,262,46,17,136,254,182,270
Mus musculus,hsa00640,18,ACACB,"ACACA, ACAC, ACACAD, ACACalpha, ACC, ACC1, ACCA, ACCalpha, Acac1, hACC1...",159,262,46,17,136,254,182,270
Mus musculus,hsa00640,19,MLYCD,"MLYCD, MCD",159,195,46,17,136,186,182,204
Mus musculus,hsa00640,197,DLD,"DLD, DLDD, DLDH, E3, GCSL, LAD, OGDC-E3, PHE3",769,241,46,17,746,232,792,250
Mus musculus,hsa00640,198,BCKDHA,"BCKDHA, BCKDE1A, MSU, MSUD1, MSUD1A, OVD1A...",806,209,46,17,783,200,829,218
Mus musculus,hsa00640,198,BCKDHB,"BCKDHA, BCKDE1A, MSU, MSUD1, MSUD1A, OVD1A...",806,209,46,17,783,200,829,218
Mus musculus,hsa00640,199,BCKDHA,"BCKDHA, BCKDE1A, MSU, MSUD1, MSUD1A, OVD1A...",806,138,46,17,783,130,829,146
Mus musculus,hsa00640,199,BCKDHB,"BCKDHA, BCKDE1A, MSU, MSUD1, MSUD1A, OVD1A...",806,138,46,17,783,130,829,146
Mus musculus,hsa00640,200,DBT,"DBT, BCATE2, BCKAD-E2, BCKADE2, BCKDH-E2, BCOADC-E2, E2, E2B",806,275,46,17,783,266,829,284
Mus musculus,hsa00640,214,ACOX1,"ACOX1, ACOX, AOX, MITCH, PALMCOX, SCOX...",593,338,46,17,570,330,616,346
Mus musculus,hsa00640,26,ABAT,"ABAT, GABA-AT, GABAT, NPD009",276,381,46,17,253,372,299,390
Mus musculus,hsa00640,35,HIBCH,"HIBCH, HIBYLCOAH",377,327,46,17,354,318,400,336
Mus musculus,hsa00640,60,ALDH6A1,"ALDH6A1, MMSADHA, MMSDH",951,409,46,17,928,400,974,418
Mus musculus,hsa00640,63,MCEE,"MCEE, GLOD2, MCE, MMCE",807,494,46,17,784,486,830,502
Mus musculus,hsa00640,64,PCCA,PCCA...,721,390,46,17,698,382,744,398
Mus musculus,hsa00640,64,PCCB,PCCA...,721,390,46,17,698,382,744,398
Mus musculus,hsa00640,77,LDHA,"LDHAL6A, LDH6A...",743,64,46,17,720,56,766,72
Mus musculus,hsa00640,77,LDHB,"LDHAL6A, LDH6A...",743,64,46,17,720,56,766,72
Mus musculus,hsa00640,83,ECHS1,"ECHS1, ECHS1D, SCEH, mECH, mECH1...",468,317,46,17,445,308,491,326
Mus musculus,hsa00640,83,EHHADH,"ECHS1, ECHS1D, SCEH, mECH, mECH1...",468,317,46,17,445,308,491,326
Mus musculus,hsa00640,83,HADHA,"ECHS1, ECHS1D, SCEH, mECH, mECH1...",468,317,46,17,445,308,491,326
Mus musculus,hsa00650,108,L2HGDH,"L2HGDH, C14orf160, L2HGA",946,458,46,17,923,450,969,466
Mus musculus,hsa00650,60,OXCT1,"OXCT1, OXCT, SCOT...",509,663,46,17,486,654,532,672
Mus musculus,hsa00650,62,HMGCL,"HMGCL, HL, HMGCL1...",830,695,46,17,807,686,853,704
Mus musculus,hsa00650,63,HMGCS1,"HMGCS1, HMGCS...",830,647,46,17,807,638,853,656
Mus musculus,hsa00650,63,HMGCS2,"HMGCS1, HMGCS...",830,647,46,17,807,638,853,656
Mus musculus,hsa00650,64,ACAT1,"ACAT1, ACAT, MAT, T2, THIL...",830,609,46,17,807,600,853,618
Mus musculus,hsa00650,64,ACAT2,"ACAT1, ACAT, MAT, T2, THIL...",830,609,46,17,807,600,853,618
Mus musculus,hsa00650,66,EHHADH,"EHHADH, ECHD, FRTS3, L-PBE, LBFP, LBP, MFE1, PBFE...",640,552,46,17,617,544,663,560
Mus musculus,hsa00650,66,HADH,"EHHADH, ECHD, FRTS3, L-PBE, LBFP, LBP, MFE1, PBFE...",640,552,46,17,617,544,663,560
Mus musculus,hsa00650,71,ECHS1,"ECHS1, ECHS1D, SCEH, mECH, mECH1...",640,456,46,17,617,448,663,464
Mus musculus,hsa00650,71,EHHADH,"ECHS1, ECHS1D, SCEH, mECH, mECH1...",640,456,46,17,617,448,663,464
Mus musculus,hsa00650,71,HADHA,"ECHS1, ECHS1D, SCEH, mECH, mECH1...",640,456,46,17,617,448,663,464
Mus musculus,hsa00650,75,ABAT,"ABAT, GABA-AT, GABAT, NPD009",249,401,46,17,226,392,272,410
Mus musculus,hsa00650,76,GAD1,"GAD1, CPSQ1, DEE89, GAD, SCP...",148,412,46,17,125,404,171,420
Mus musculus,hsa00650,79,ACADS,"ACADS, ACAD3, SCAD",739,366,46,17,716,358,762,374
Mus musculus,hsa00650,84,ALDH5A1,"ALDH5A1, SSADH, SSDH",323,300,46,17,300,292,346,308
Mus musculus,hsa00670,101,SHMT2,"SHMT1, CSHMT, SHMT...",308,725,46,17,285,716,331,734
Mus musculus,hsa00670,108,MTR,"MTR, HMAG, MS, cblG",469,810,46,17,446,802,492,818
Mus musculus,hsa00670,112,MTHFD1,"MTHFD1L, FTHFSDC1, MTC1THFS, dJ292B18.2...",380,754,46,17,357,746,403,762
Mus musculus,hsa00670,114,MTHFD1,"MTHFD2, NMDMC...",380,821,46,17,357,812,403,830
Mus musculus,hsa00670,116,MTHFD1,"MTHFD1, CIMAH, MTHFC, MTHFD",293,844,46,17,270,836,316,852
Mus musculus,hsa00670,118,MAT1A,"MAT2B, MAT-II, MATIIbeta, Nbla02999, SDR23E1, TGR...",613,635,46,17,590,626,636,644
Mus musculus,hsa00670,118,MAT2A,"MAT2B, MAT-II, MATIIbeta, Nbla02999, SDR23E1, TGR...",613,635,46,17,590,626,636,644
Mus musculus,hsa00670,120,GNMT,CNPY3-GNMT...,778,635,46,17,755,626,801,644
Mus musculus,hsa00670,124,DMGDH,"DMGDH, DMGDHD, ME2GLYDH",743,714,46,17,720,706,766,722
Mus musculus,hsa00670,160,SARDH,"SARDH, BPR-2, DMGDHL1, SAR, SARD, SDH",834,779,46,17,811,770,857,788
Mus musculus,hsa00670,161,AHCY,"AHCYL1, DCAL, IRBIT, PPP1R78, PRO0233, XPVKONA...",743,924,46,17,720,916,766,932
Mus musculus,hsa00670,162,CBS,"CBS, CBSL...",544,939,46,17,521,930,567,948
Mus musculus,hsa00670,163,CTH,"CTH, CGL, CSE",544,1001,46,17,521,992,567,1010
Mus musculus,hsa00670,164,MTHFR,MTHFR,346,879,46,17,323,870,369,888
Mus musculus,hsa00670,168,ALDH7A1,"ALDH7A1, ATQ1, EPD, EPEO4, PDE",713,879,46,17,690,870,736,888
Mus musculus,hsa00670,182,DHFR,"DHFR, DHFR1, DHFRP1, DYR...",258,569,46,17,235,560,281,578
Mus musculus,hsa00670,186,SARDH,"SARDH, BPR-2, DMGDHL1, SAR, SARD, SDH",512,132,46,17,489,124,535,140
Mus musculus,hsa00670,187,DMGDH,"DMGDH, DMGDHD, ME2GLYDH",487,153,46,17,464,144,510,162
Mus musculus,hsa00670,19,FTCD,"FTCD, LCHC1",461,417,46,17,438,408,484,426
Mus musculus,hsa00670,22,FTCD,"FTCD, LCHC1",615,341,46,17,592,332,638,350
Mus musculus,hsa00670,24,DHFR,"DHFR, DHFR1, DHFRP1, DYR...",261,261,46,17,238,252,284,270
Mus musculus,hsa00670,25,DHFR,"DHFR, DHFR1, DHFRP1, DYR...",207,212,46,17,184,204,230,220
Mus musculus,hsa00670,26,FTCD,"FTCD, LCHC1",512,180,46,17,489,172,535,188
Mus musculus,hsa00670,29,MTHFD1,"MTHFD2, NMDMC...",552,265,46,17,529,256,575,274
Mus musculus,hsa00670,30,MTHFD1,"MTHFD1, CIMAH, MTHFC, MTHFD",682,265,46,17,659,256,705,274
Mus musculus,hsa00670,42,MTHFS,"ST20-MTHFS, MTHFS...",662,200,46,17,639,192,685,208
Mus musculus,hsa00670,43,AMT,"AMT, GCE, GCE2, GCST, GCVT, NKH",618,225,46,17,595,216,641,234
Mus musculus,hsa00670,48,ALDH1L2,"ALDH1L1, 10-FTHFDH, 10-fTHF, FDH, FTHFD...",412,336,46,17,389,328,435,344
Mus musculus,hsa00670,50,MTHFD1,"MTHFD1L, FTHFSDC1, MTC1THFS, dJ292B18.2...",411,265,46,17,388,256,434,274
Mus musculus,hsa00670,52,ATIC,"ATIC, AICAR, AICARFT, HEL-S-70p, IMPCHASE, PURH",411,201,46,17,388,192,434,210
Mus musculus,hsa00670,53,TYMS,"TYMS, DKCD, HST422, TMS, TS",512,499,46,17,489,490,535,508
Mus musculus,hsa00670,55,MTR,"MTR, HMAG, MS, cblG",487,446,46,17,464,438,510,454
Mus musculus,hsa00670,62,SHMT2,"SHMT1, CSHMT, SHMT...",487,107,46,17,464,98,510,116
Mus musculus,hsa00670,65,AMT,"AMT, GCE, GCE2, GCST, GCVT, NKH",560,86,46,17,537,78,583,94
Mus musculus,hsa00670,73,DHFR,"DHFR, DHFR1, DHFRP1, DYR...",256,172,46,17,233,164,279,180
Mus musculus,hsa00670,75,MTHFR,MTHFR,722,393,46,17,699,384,745,402
Mus musculus,hsa00670,93,DHFR,"DHFR, DHFR1, DHFRP1, DYR...",149,609,46,17,126,600,172,618
Mus musculus,hsa00670,94,TYMS,"TYMS, DKCD, HST422, TMS, TS",149,734,46,17,126,726,172,742
Mus musculus,hsa00670,96,AMT,"DLD, DLDD, DLDH, E3, GCSL, LAD, OGDC-E3, PHE3...",188,824,46,17,165,816,211,832
Mus musculus,hsa00670,96,DLD,"DLD, DLDD, DLDH, E3, GCSL, LAD, OGDC-E3, PHE3...",188,824,46,17,165,816,211,832
Mus musculus,hsa00670,96,GCSH,"DLD, DLDD, DLDH, E3, GCSL, LAD, OGDC-E3, PHE3...",188,824,46,17,165,816,211,832
Mus musculus,hsa00670,96,GLDC,"DLD, DLDD, DLDH, E3, GCSL, LAD, OGDC-E3, PHE3...",188,824,46,17,165,816,211,832
Mus musculus,hsa00670,98,DHFR,"DHFR, DHFR1, DHFRP1, DYR...",258,645,46,17,235,636,281,654
Mus musculus,hsa00730,111,ALPI,"ALPI, IAP...",598,633,46,17,575,624,621,642
Mus musculus,hsa00730,111,ALPL,"ALPI, IAP...",598,633,46,17,575,624,621,642
Mus musculus,hsa00730,65,AK1,"AK7, AK_7, CFAP75, FAP75, SPGF27...",835,612,46,17,812,604,858,620
Mus musculus,hsa00730,65,AK2,"AK7, AK_7, CFAP75, FAP75, SPGF27...",835,612,46,17,812,604,858,620
Mus musculus,hsa00730,65,AK7,"AK7, AK_7, CFAP75, FAP75, SPGF27...",835,612,46,17,812,604,858,620
Mus musculus,hsa00730,70,TPK1,"TPK1, HTPK1, PP20, THMD5",705,700,46,17,682,692,728,708
Mus musculus,hsa00730,78,NFS1,"NFS1, COXPD52, HUSSY-08, IscS, NIFS",223,285,46,17,200,276,246,294
Mus musculus,hsa00740,39,FLAD1,"FLAD1, FAD1, FADS, LSMFLAD, PP591",918,206,46,17,895,198,941,214
Mus musculus,hsa00740,78,ENPP1,"ENPP1, ARHR2, COLED, M6S1, NPP1, NPPS, PC-1, PCA1, PDNP1...",918,151,46,17,895,142,941,160
Mus musculus,hsa00750,20,PNPO,"PNPO, HEL-S-302, PDXPO",623,136,46,17,600,128,646,144
Mus musculus,hsa00750,82,PNPO,"PNPO, HEL-S-302, PDXPO",757,136,46,17,734,128,780,144
Mus musculus,hsa00750,84,PDXK,"PDXK, C21orf124, C21orf97, HEL-S-1a, HMSN6C, PKH, PNK, PRED79",682,67,46,17,659,58,705,76
Mus musculus,hsa00750,86,PDXK,"PDXK, C21orf124, C21orf97, HEL-S-1a, HMSN6C, PKH, PNK, PRED79",682,339,46,17,659,330,705,348
Mus musculus,hsa00750,88,PDXK,"PDXK, C21orf124, C21orf97, HEL-S-1a, HMSN6C, PKH, PNK, PRED79",682,203,46,17,659,194,705,212
Mus musculus,hsa00750,91,PSAT1,"PSAT1, EPIP, NLS2, PSA, PSAT, PSATD",592,527,46,17,569,518,615,536
Mus musculus,hsa00750,96,PNPO,"PNPO, HEL-S-302, PDXPO",757,291,46,17,734,282,780,300
Mus musculus,hsa00750,99,PNPO,"PNPO, HEL-S-302, PDXPO",623,291,46,17,600,282,646,300
Mus musculus,hsa00760,100,NMNAT1,"NMNAT2, C1orf15, PNAT2...",935,221,46,17,912,212,958,230
Mus musculus,hsa00760,101,NMNAT1,"NMNAT2, C1orf15, PNAT2...",935,200,46,17,912,192,958,208
Mus musculus,hsa00760,105,PNP,"PNP, NP, PRO1837, PUNP",653,211,46,17,630,202,676,220
Mus musculus,hsa00760,111,NADK2,"NADK2, C5orf33, DECRD, MNADK, NADKD1...",1086,180,46,17,1063,172,1109,188
Mus musculus,hsa00760,113,NNT,"NNT, GCCD4",1164,158,46,17,1141,150,1187,166
Mus musculus,hsa00760,204,NT5E,"NT5C1B-RDH14, AIRP, NT5C1B, cN-IB, cN1B...",789,258,46,17,766,250,812,266
Mus musculus,hsa00760,205,NT5E,"NT5C1B-RDH14, AIRP, NT5C1B, cN-IB, cN1B...",789,383,46,17,766,374,812,392
Mus musculus,hsa00760,86,ENPP1,"ENPP1, ARHR2, COLED, M6S1, NPP1, NPPS, PC-1, PCA1, PDNP1...",935,380,46,17,912,372,958,388
Mus musculus,hsa00760,89,PNP,"PNP, NP, PRO1837, PUNP",653,359,46,17,630,350,676,368
Mus musculus,hsa00760,90,NMNAT1,"NMNAT2, C1orf15, PNAT2...",935,339,46,17,912,330,958,348
Mus musculus,hsa00760,91,NMNAT1,"NMNAT2, C1orf15, PNAT2...",935,318,46,17,912,310,958,326
Mus musculus,hsa00760,92,NADSYN1,"NADSYN1, VCRL3",1037,293,46,17,1014,284,1060,302
Mus musculus,hsa00760,99,ENPP1,"ENPP1, ARHR2, COLED, M6S1, NPP1, NPPS, PC-1, PCA1, PDNP1...",935,257,46,17,912,248,958,266
Mus musculus,hsa00770,107,PPCS,"PPCS, CMD2C",651,385,46,17,628,376,674,394
Mus musculus,hsa00770,114,ALDH1B1,"ALDH2, ALDH-E2, ALDHI, ALDM...",374,538,46,17,351,530,397,546
Mus musculus,hsa00770,114,ALDH3A2,"ALDH2, ALDH-E2, ALDHI, ALDM...",374,538,46,17,351,530,397,546
Mus musculus,hsa00770,67,COASY,"COASY, DPCK, NBIA6, NBP, PCH12, PPAT, UKR1, pOV-2",706,579,46,17,683,570,729,588
Mus musculus,hsa00770,69,ENPP1,"ENPP1, ARHR2, COLED, M6S1, NPP1, NPPS, PC-1, PCA1, PDNP1...",651,540,46,17,628,532,674,548
Mus musculus,hsa00770,71,PANK2,"PANK1, PANK...",566,471,46,17,543,462,589,480
Mus musculus,hsa00770,74,PANK2,"PANK1, PANK...",565,417,46,17,542,408,588,426
Mus musculus,hsa00770,76,PANK2,"PANK1, PANK...",524,339,46,17,501,330,547,348
Mus musculus,hsa00770,77,UPB1,"UPB1, BUP1",278,503,46,17,255,494,301,512
Mus musculus,hsa00770,78,DPYS,"DPYS, DHP, DHPase",191,502,46,17,168,494,214,510
Mus musculus,hsa00770,79,DPYD,"DPYD, DHP, DHPDHASE, DPD, DYPD",105,513,46,17,82,504,128,522
Mus musculus,hsa00770,90,BCAT2,"BCAT1, BCATC, BCT1, ECA39, MECA39, PNAS121, PP18...",596,206,46,17,573,198,619,214
Mus musculus,hsa00770,92,COASY,"COASY, DPCK, NBIA6, NBP, PCH12, PPAT, UKR1, pOV-2",601,540,46,17,578,532,624,548
Mus musculus,hsa00780,27,HLCS,"HLCS, HCS",341,778,46,17,318,770,364,786
Mus musculus,hsa00780,28,HLCS,"HLCS, HCS",330,889,46,17,307,880,353,898
Mus musculus,hsa00780,29,HLCS,"HLCS, HCS",378,889,46,17,355,880,401,898
Mus musculus,hsa00780,30,HLCS,"HLCS, HCS",330,868,46,17,307,860,353,876
Mus musculus,hsa00780,31,HLCS,"HLCS, HCS",389,797,46,17,366,788,412,806
Mus musculus,hsa00780,32,HLCS,"HLCS, HCS",341,797,46,17,318,788,364,806
Mus musculus,hsa00780,39,HLCS,"HLCS, HCS",378,868,46,17,355,860,401,876
Mus musculus,hsa00780,42,HLCS,"HLCS, HCS",389,778,46,17,366,770,412,786
Mus musculus,hsa00780,83,BTD,BTD,281,780,46,17,258,772,304,788
Mus musculus,hsa00785,102,DLD,"DLD, DLDD, DLDH, E3, GCSL, LAD, OGDC-E3, PHE3",848,653,46,17,825,644,871,662
Mus musculus,hsa00785,106,AMT,"AMT, GCE, GCE2, GCST, GCVT, NKH",908,693,46,17,885,684,931,702
Mus musculus,hsa00785,110,GLDC,"GLDC, GCE, GCE1, GCSP, HYGN1",909,572,46,17,886,564,932,580
Mus musculus,hsa00785,114,GCSH,"GCSH, GCE, MMDS7, NKH",878,602,46,17,855,594,901,610
Mus musculus,hsa00785,12,LIAS,"LIAS, HGCLAS, HUSSY-01, LAS, LIP1, LS, PDHLD",276,321,46,17,253,312,299,330
Mus musculus,hsa00785,123,DLD,"DLD, DLDD, DLDH, E3, GCSL, LAD, OGDC-E3, PHE3",282,676,46,17,259,668,305,684
Mus musculus,hsa00785,124,OGDH,"OGDH, AKGDH, E1k, E1o, HsOGDH, KGD1, OGDC, OGDH-E1, OGDH2, OGDHD...",323,569,46,17,300,560,346,578
Mus musculus,hsa00785,124,OGDHL,"OGDH, AKGDH, E1k, E1o, HsOGDH, KGD1, OGDC, OGDH-E1, OGDH2, OGDHD...",323,569,46,17,300,560,346,578
Mus musculus,hsa00785,125,OGDH,"OGDH, AKGDH, E1k, E1o, HsOGDH, KGD1, OGDC, OGDH-E1, OGDH2, OGDHD...",323,637,46,17,300,628,346,646
Mus musculus,hsa00785,125,OGDHL,"OGDH, AKGDH, E1k, E1o, HsOGDH, KGD1, OGDC, OGDH-E1, OGDH2, OGDHD...",323,637,46,17,300,628,346,646
Mus musculus,hsa00785,126,DLST,"DLST, DLTS, KGD2, PGL7, PPGL7",323,713,46,17,300,704,346,722
Mus musculus,hsa00785,144,PDHA1,"PDHA1, E1alpha, PDHA, PDHAD, PDHCE1A, PHE1A...",135,569,46,17,112,560,158,578
Mus musculus,hsa00785,144,PDHA2,"PDHA1, E1alpha, PDHA, PDHAD, PDHCE1A, PHE1A...",135,569,46,17,112,560,158,578
Mus musculus,hsa00785,144,PDHB,"PDHA1, E1alpha, PDHA, PDHAD, PDHCE1A, PHE1A...",135,569,46,17,112,560,158,578
Mus musculus,hsa00785,146,PDHA1,"PDHA1, E1alpha, PDHA, PDHAD, PDHCE1A, PHE1A...",135,637,46,17,112,628,158,646
Mus musculus,hsa00785,146,PDHA2,"PDHA1, E1alpha, PDHA, PDHAD, PDHCE1A, PHE1A...",135,637,46,17,112,628,158,646
Mus musculus,hsa00785,146,PDHB,"PDHA1, E1alpha, PDHA, PDHAD, PDHCE1A, PHE1A...",135,637,46,17,112,628,158,646
Mus musculus,hsa00785,148,DLD,"DLD, DLDD, DLDH, E3, GCSL, LAD, OGDC-E3, PHE3",94,676,46,17,71,668,117,684
Mus musculus,hsa00785,150,DLAT,"DLAT, DLTA, E2, PBC, PDC-E2, PDCE2",135,713,46,17,112,704,158,722
Mus musculus,hsa00785,22,LIPT1,"LIPT1, LIPT1D",646,321,46,17,623,312,669,330
Mus musculus,hsa00785,40,LIAS,"LIAS, HGCLAS, HUSSY-01, LAS, LIP1, LS, PDHLD",373,321,46,17,350,312,396,330
Mus musculus,hsa00785,42,LIPT1,"LIPT1, LIPT1D",339,380,46,17,316,372,362,388
Mus musculus,hsa00785,45,LIPT1,"LIPT1, LIPT1D",300,226,46,17,277,218,323,234
Mus musculus,hsa00785,47,LIPT2,LIPT2,423,226,46,17,400,218,446,234
Mus musculus,hsa00785,69,DLD,"DLD, DLDD, DLDH, E3, GCSL, LAD, OGDC-E3, PHE3",659,676,46,17,636,668,682,684
Mus musculus,hsa00785,70,BCKDHA,"BCKDHA, BCKDE1A, MSU, MSUD1, MSUD1A, OVD1A...",699,637,46,17,676,628,722,646
Mus musculus,hsa00785,70,BCKDHB,"BCKDHA, BCKDE1A, MSU, MSUD1, MSUD1A, OVD1A...",699,637,46,17,676,628,722,646
Mus musculus,hsa00785,71,BCKDHA,"BCKDHA, BCKDE1A, MSU, MSUD1, MSUD1A, OVD1A...",699,569,46,17,676,560,722,578
Mus musculus,hsa00785,71,BCKDHB,"BCKDHA, BCKDE1A, MSU, MSUD1, MSUD1A, OVD1A...",699,569,46,17,676,560,722,578
Mus musculus,hsa00785,72,DBT,"DBT, BCATE2, BCKAD-E2, BCKADE2, BCKDH-E2, BCOADC-E2, E2, E2B",699,713,46,17,676,704,722,722
Mus musculus,hsa00785,90,DLD,"DLD, DLDD, DLDH, E3, GCSL, LAD, OGDC-E3, PHE3",471,676,46,17,448,668,494,684
Mus musculus,hsa00785,91,DHTKD1,"DHTKD1, AAKAD, AMOXAD, CMT2Q, E1a, OADC-E1, OADH-E1",511,637,46,17,488,628,534,646
Mus musculus,hsa00785,92,DHTKD1,"DHTKD1, AAKAD, AMOXAD, CMT2Q, E1a, OADC-E1, OADH-E1",511,569,46,17,488,560,534,578
Mus musculus,hsa00785,93,DLST,"DLST, DLTS, KGD2, PGL7, PPGL7",511,713,46,17,488,704,534,722
Mus musculus,hsa00790,100,MOCS1,"MOCS1, MIG11, MOCOD, MOCS1A, MOCS1B",188,309,46,17,165,300,211,318
Mus musculus,hsa00790,101,MOCS2,"MOCS2, MCBPE, MOCO1, MOCODB, MPTS",188,447,46,17,165,438,211,456
Mus musculus,hsa00790,103,PTS,"PTS, PTPS",604,80,46,17,581,72,627,88
Mus musculus,hsa00790,124,MOCS1,"MOCS1, MIG11, MOCOD, MOCS1A, MOCS1B",188,379,46,17,165,370,211,388
Mus musculus,hsa00790,125,GPHN,"GPHN, GEPH, GPH, GPHRYN, HKPX1, MOCODC",188,516,46,17,165,508,211,524
Mus musculus,hsa00790,129,GPHN,"GPHN, GEPH, GPH, GPHRYN, HKPX1, MOCODC",188,583,46,17,165,574,211,592
Mus musculus,hsa00790,135,MOCOS,"MOCOS, HMCS, MCS, MOS",232,622,46,17,209,614,255,630
Mus musculus,hsa00790,143,PCBD1,"PCBD1, DCOH, PCBD, PCD, PHS...",1136,487,46,17,1113,478,1159,496
Mus musculus,hsa00790,169,PAH,"PAH, PH, PKU, PKU1",1234,410,46,17,1211,402,1257,418
Mus musculus,hsa00790,170,TH,"TH, DYT14, DYT5b, TYH",1284,410,46,17,1261,402,1307,418
Mus musculus,hsa00790,172,SPR,"SPR, SDR38C1",1136,284,46,17,1113,276,1159,292
Mus musculus,hsa00790,188,GCH1,"GCH1, DYT14, DYT5, DYT5a, GCH, GTP-CH-1, GTPCH1, HPABH4B",157,252,46,17,134,244,180,260
Mus musculus,hsa00790,191,SPR,"SPR, SDR38C1",1074,315,46,17,1051,306,1097,324
Mus musculus,hsa00790,195,SPR,"SPR, SDR38C1",990,315,46,17,967,306,1013,324
Mus musculus,hsa00790,197,DHFR,"DHFR, DHFR1, DHFRP1, DYR...",1022,348,46,17,999,340,1045,356
Mus musculus,hsa00790,73,DHFR,"DHFR, DHFR1, DHFRP1, DYR...",547,694,46,17,524,686,570,702
Mus musculus,hsa00790,74,DHFR,"DHFR, DHFR1, DHFRP1, DYR...",501,649,46,17,478,640,524,658
Mus musculus,hsa00790,82,QDPR,"QDPR, DHPR, HDHPR, PKU2, SDR33C1",1136,404,46,17,1113,396,1159,412
Mus musculus,hsa00790,83,GCH1,"GCH1, DYT14, DYT5, DYT5a, GCH, GTP-CH-1, GTPCH1, HPABH4B",376,143,46,17,353,134,399,152
Mus musculus,hsa00790,84,GCH1,"GCH1, DYT14, DYT5, DYT5a, GCH, GTP-CH-1, GTPCH1, HPABH4B",231,143,46,17,208,134,254,152
Mus musculus,hsa00790,85,GCH1,"GCH1, DYT14, DYT5, DYT5a, GCH, GTP-CH-1, GTPCH1, HPABH4B",156,181,46,17,133,172,179,190
Mus musculus,hsa00790,86,DHFR,"DHFR, DHFR1, DHFRP1, DYR...",501,736,46,17,478,728,524,744
Mus musculus,hsa00790,89,ALPI,"ALPI, IAP...",548,189,46,17,525,180,571,198
Mus musculus,hsa00790,89,ALPL,"ALPI, IAP...",548,189,46,17,525,180,571,198
Mus musculus,hsa00790,90,PTS,"PTS, PTPS",1136,167,46,17,1113,158,1159,176
Mus musculus,hsa00830,15,ALDH1A3,"ALDH1A1, ALDC, ALDH-E1, ALDH1, ALDH11, HEL-9, HEL-S-53e, HEL12, PUMB1, RALDH1...",467,218,46,17,444,210,490,226
Mus musculus,hsa00830,25,RDH11,"RDH10, SDR16C4...",269,478,46,17,246,470,292,486
Mus musculus,hsa00830,36,RDH11,"RDH12, LCA13, RP53, SDR7C2...",276,139,46,17,253,130,299,148
Mus musculus,hsa00830,36,RDH12,"RDH12, LCA13, RP53, SDR7C2...",276,139,46,17,253,130,299,148
Mus musculus,hsa00830,46,DGAT1,"AWAT2, ARAT, DC4, DGAT2L4, MFAT, WS...",173,541,46,17,150,532,196,550
Mus musculus,hsa00830,50,DGAT1,"AWAT2, ARAT, DC4, DGAT2L4, MFAT, WS...",173,339,46,17,150,330,196,348
Mus musculus,hsa00830,69,RDH11,"RDH13, SDR7C3...",252,280,46,17,229,272,275,288
Mus musculus,hsa00830,69,RDH12,"RDH13, SDR7C3...",252,280,46,17,229,272,275,288
Mus musculus,hsa00830,89,ALDH1A3,"ALDH1A1, ALDC, ALDH-E1, ALDH1, ALDH11, HEL-9, HEL-S-53e, HEL12, PUMB1, RALDH1...",467,139,46,17,444,130,490,148
Mus musculus,hsa00830,90,UGT1A1,UGT2B11...,617,394,46,17,594,386,640,402
Mus musculus,hsa00830,91,PNPLA4,"PNPLA4, DXS1283E, GS2, iPLA2eta",140,314,46,17,117,306,163,322
Mus musculus,hsa00860,238,GUSB,"GUSB, BG, MPS7",1135,600,46,17,1112,592,1158,608
Mus musculus,hsa00860,239,UGT1A1,UGT2B11...,1033,600,46,17,1010,592,1056,608
Mus musculus,hsa00860,241,BLVRA,"BLVRA, BLVR, BVR, BVRA, BVRalpha...",913,538,46,17,890,530,936,546
Mus musculus,hsa00860,262,HCCS,"HCCS, CCHL, LSDMCA1, MCOPS7, MLS",855,494,46,17,832,486,878,502
Mus musculus,hsa00860,267,COX10,"COX10, MC4DN3",886,326,46,17,863,318,909,334
Mus musculus,hsa00860,268,FECH,"FECH, EPP, EPP1, FCE",745,357,46,17,722,348,768,366
Mus musculus,hsa00860,270,CP,"CP, AB073614, CP-2...",599,150,46,17,576,142,622,158
Mus musculus,hsa00860,270,FTH1,"CP, AB073614, CP-2...",599,150,46,17,576,142,622,158
Mus musculus,hsa00860,270,FTL,"CP, AB073614, CP-2...",599,150,46,17,576,142,622,158
Mus musculus,hsa00860,270,FXN,"CP, AB073614, CP-2...",599,150,46,17,576,142,622,158
Mus musculus,hsa00860,270,HEPHL1,"CP, AB073614, CP-2...",599,150,46,17,576,142,622,158
Mus musculus,hsa00860,273,PPOX,"PPOX, PPO, V290M, VP, VPCO",626,337,46,17,603,328,649,346
Mus musculus,hsa00860,274,UROD,"UROD, PCT, UPD",474,355,46,17,451,346,497,364
Mus musculus,hsa00860,275,UROS,"UROS, Mgu, UROIIIS",392,355,46,17,369,346,415,364
Mus musculus,hsa00860,277,UROD,"UROD, PCT, UPD",474,259,46,17,451,250,497,268
Mus musculus,hsa00860,278,HMBS,"HMBS, ENCEP, LENCEP, PBG-D, PBGD, PORC, UPS",302,356,46,17,279,348,325,364
Mus musculus,hsa00860,279,ALAD,"ALAD, ALADH, PBGS",219,356,46,17,196,348,242,364
Mus musculus,hsa00860,282,ALAS2,"ALAS1, ALAS, ALAS-H, ALAS3, ALASH, MIG4...",80,458,46,17,57,450,103,466
Mus musculus,hsa00860,284,EARS2,"EARS2, COXPD12, MSE1, gluRS, mtGlnRS, mtGluRS...",135,604,46,17,112,596,158,612
Mus musculus,hsa00860,284,EPRS1,"EARS2, COXPD12, MSE1, gluRS, mtGlnRS, mtGluRS...",135,604,46,17,112,596,158,612
Mus musculus,hsa00860,306,MMAB,"MMAB, ATR, CFAP23, cblB, cob",413,1135,46,17,390,1126,436,1144
Mus musculus,hsa00860,309,MMAB,"MMAB, ATR, CFAP23, cblB, cob",532,1266,46,17,509,1258,555,1274
Mus musculus,hsa00860,312,MMAB,"MMAB, ATR, CFAP23, cblB, cob",325,1432,46,17,302,1424,348,1440
Mus musculus,hsa00860,319,COX15,"COX15, CEMCOX2, HAS, MC4DN6",1037,326,46,17,1014,318,1060,334
Mus musculus,hsa00860,330,HMOX1,"HMOX1, HMOX1D, HO-1, HSP32, bK286B10...",874,443,46,17,851,434,897,452
Mus musculus,hsa00860,414,PPOX,"PPOX, PPO, V290M, VP, VPCO",578,278,46,17,555,270,601,286
Mus musculus,hsa00860,418,FECH,"FECH, EPP, EPP1, FCE",745,278,46,17,722,270,768,286
Mus musculus,hsa00860,460,MMAB,"MMAB, ATR, CFAP23, cblB, cob",351,1107,46,17,328,1098,374,1116
Mus musculus,hsa00860,75,CPOX,"CPOX, COX, CPO, CPX, HARPO, HCP",551,345,46,17,528,336,574,354
Mus musculus,hsa00900,114,MVD,"MVD, FP17780, MDDase, MPD, POROK7",435,562,46,17,412,554,458,570
Mus musculus,hsa00900,115,PMVK,"PMVK, HUMPMKI, PMK, PMKA, PMKASE, POROK1",434,491,46,17,411,482,457,500
Mus musculus,hsa00900,117,FDPS,"FDPS, FPPS, FPS, POROK9...",673,741,46,17,650,732,696,750
Mus musculus,hsa00900,117,GGPS1,"FDPS, FPPS, FPS, POROK9...",673,741,46,17,650,732,696,750
Mus musculus,hsa00900,119,FDPS,"FDPS, FPPS, FPS, POROK9...",493,929,46,17,470,920,516,938
Mus musculus,hsa00900,119,GGPS1,"FDPS, FPPS, FPS, POROK9...",493,929,46,17,470,920,516,938
Mus musculus,hsa00900,130,GGPS1,"GGPS1, GGPPS, GGPPS1, MDHLO, MUDHLOV",552,996,46,17,529,988,575,1004
Mus musculus,hsa00900,133,DHDDS,"NUS1, C6orf68, CDG1AA, MGC:7199, MRD55, NgBR, TANGO14...",379,1187,46,17,356,1178,402,1196
Mus musculus,hsa00900,133,NUS1,"NUS1, C6orf68, CDG1AA, MGC:7199, MRD55, NgBR, TANGO14...",379,1187,46,17,356,1178,402,1196
Mus musculus,hsa00900,134,PDSS1,"PDSS1, COQ1, COQ10D2, COQ1A, DPS, SPS, TPRT, TPT, TPT_1, hDPS1...",553,1248,46,17,530,1240,576,1256
Mus musculus,hsa00900,134,PDSS2,"PDSS1, COQ1, COQ10D2, COQ1A, DPS, SPS, TPRT, TPT, TPT_1, hDPS1...",553,1248,46,17,530,1240,576,1256
Mus musculus,hsa00900,84,MVK,"MVK, LRBP, MK, MVLK, POROK3",434,422,46,17,411,414,457,430
Mus musculus,hsa00900,85,ACAT1,"ACAT1, ACAT, MAT, T2, THIL...",499,204,46,17,476,196,522,212
Mus musculus,hsa00900,85,ACAT2,"ACAT1, ACAT, MAT, T2, THIL...",499,204,46,17,476,196,522,212
Mus musculus,hsa00900,86,HMGCS1,"HMGCS1, HMGCS...",434,284,46,17,411,276,457,292
Mus musculus,hsa00900,86,HMGCS2,"HMGCS1, HMGCS...",434,284,46,17,411,276,457,292
Mus musculus,hsa00900,89,HMGCR,"HMGCR, LDLCQ3, LGMDR28, MYPLG",409,353,46,17,386,344,432,362
Mus musculus,hsa00910,69,CA5A,"CA5B, CA-VB, CAVB...",840,200,46,17,817,192,863,208
Mus musculus,hsa00910,72,CPS1,"CPS1, CPSASE1, GATD6, PHN",739,288,46,17,716,280,762,296
Mus musculus,hsa00910,83,GLUL,"GLUL, DEE116, GLNS, GS, PIG43, PIG59",697,368,46,17,674,360,720,376
Mus musculus,hsa00910,93,GLUD1,"GLUD1, GDH, GDH1, GLUD, hGDH1...",722,335,46,17,699,326,745,344
Mus musculus,hsa00920,161,PAPSS2,"PAPSS2, ATPSK2, BCYM4, SK2...",268,998,46,17,245,990,291,1006
Mus musculus,hsa00920,211,SQOR,"SQOR, CGI-44, PRO1975, SQR, SQRDL",659,455,46,17,636,446,682,464
Mus musculus,hsa00920,213,ETHE1,"ETHE1, HSCO, YF13H12",473,455,46,17,450,446,496,464
Mus musculus,hsa00920,33,SUOX,SUOX,198,370,46,17,175,362,221,378
Mus musculus,hsa00920,44,BPNT2,"BPNT1, HEL20, HsPIP, PIP...",171,537,46,17,148,528,194,546
Mus musculus,hsa00920,45,PAPSS2,"PAPSS2, ATPSK2, BCYM4, SK2...",95,537,46,17,72,528,118,546
Mus musculus,hsa00920,48,PAPSS2,"PAPSS2, ATPSK2, BCYM4, SK2...",70,426,46,17,47,418,93,434
Mus musculus,hsa00920,75,SELENBP1,"SELENBP1, EHMTO, HEL-S-134P, LPSB, MTO, SBP56, SP56, hSBP",739,498,46,17,716,490,762,506
Mus musculus,hsa00920,96,MPST,"MPST, MST, TST2, TUM1...",499,236,46,17,476,228,522,244
Mus musculus,hsa00970,147,GATB,"GATC, 15E1.2, COXPD42...",338,245,46,17,315,236,361,254
Mus musculus,hsa00970,147,GATC,"GATC, 15E1.2, COXPD42...",338,245,46,17,315,236,361,254
Mus musculus,hsa00970,147,QRSL1,"GATC, 15E1.2, COXPD42...",338,245,46,17,315,236,361,254
Mus musculus,hsa00970,150,GATB,"GATC, 15E1.2, COXPD42...",337,548,46,17,314,540,360,556
Mus musculus,hsa00970,150,GATC,"GATC, 15E1.2, COXPD42...",337,548,46,17,314,540,360,556
Mus musculus,hsa00970,150,QRSL1,"GATC, 15E1.2, COXPD42...",337,548,46,17,314,540,360,556
Mus musculus,hsa00970,156,SARS1,"SARS2, SARS, SARSM, SERS, SYS, SerRS, SerRSmt, mtSerRS...",271,930,46,17,248,922,294,938
Mus musculus,hsa00970,156,SARS2,"SARS2, SARS, SARSM, SERS, SYS, SerRS, SerRSmt, mtSerRS...",271,930,46,17,248,922,294,938
Mus musculus,hsa00970,163,SEPSECS,"SEPSECS, LP, PCH2D, SLA, SLA-p35, SLA/LP, SecS",480,930,46,17,457,922,503,938
Mus musculus,hsa00970,39,IARS1,"IARS1, GRIDHH, IARS, ILERS, ILRS, IRS, PRO0785...",875,335,46,17,852,326,898,344
Mus musculus,hsa00970,39,IARS2,"IARS1, GRIDHH, IARS, ILERS, ILRS, IRS, PRO0785...",875,335,46,17,852,326,898,344
Mus musculus,hsa00970,76,NARS1,"NARS1, ASNRS, NARS, NEDMILEG, NEDMILG...",271,583,46,17,248,574,294,592
Mus musculus,hsa00970,76,NARS2,"NARS1, ASNRS, NARS, NEDMILEG, NEDMILG...",271,583,46,17,248,574,294,592
Mus musculus,hsa00970,77,HARS1,"HARS2, HARSL, HARSR, HO3, HisRS, PRLTS2...",875,790,46,17,852,782,898,798
Mus musculus,hsa00970,77,HARS2,"HARS2, HARSL, HARSR, HO3, HisRS, PRLTS2...",875,790,46,17,852,782,898,798
Mus musculus,hsa00970,78,FARS2,"FARSB, FARSLB, FRSB, HSPC173, NEDBLLA, PheHB, PheRS, RILDBC, RILDBC1, RJBS...",875,879,46,17,852,870,898,888
Mus musculus,hsa00970,78,FARSA,"FARSB, FARSLB, FRSB, HSPC173, NEDBLLA, PheHB, PheRS, RILDBC, RILDBC1, RJBS...",875,879,46,17,852,870,898,888
Mus musculus,hsa00970,78,FARSB,"FARSB, FARSLB, FRSB, HSPC173, NEDBLLA, PheHB, PheRS, RILDBC, RILDBC1, RJBS...",875,879,46,17,852,870,898,888
Mus musculus,hsa00970,79,RARS1,"RARS2, ArgRS, DALRD2, PCH6, PRO1992, RARSL...",875,611,46,17,852,602,898,620
Mus musculus,hsa00970,79,RARS2,"RARS2, ArgRS, DALRD2, PCH6, PRO1992, RARSL...",875,611,46,17,852,602,898,620
Mus musculus,hsa00970,80,QARS1,"QARS1, GLNRS, MSCCA, PRO2195, QARS",271,281,46,17,248,272,294,290
Mus musculus,hsa00970,81,CARS1,"CARS2, COXPD27, cysRS...",271,1076,46,17,248,1068,294,1084
Mus musculus,hsa00970,81,CARS2,"CARS2, COXPD27, cysRS...",271,1076,46,17,248,1068,294,1084
Mus musculus,hsa00970,82,GARS1,"GARS1, CMT2D, DSMAV, GARS, GlyRS, HMN5, HMN5A, HMND5, SMAD1, SMAJI",271,672,46,17,248,664,294,680
Mus musculus,hsa00970,83,DARS1,"DARS1, DARS, HBSL, aspRS...",271,448,46,17,248,440,294,456
Mus musculus,hsa00970,83,DARS2,"DARS1, DARS, HBSL, aspRS...",271,448,46,17,248,440,294,456
Mus musculus,hsa00970,84,SARS1,"SARS2, SARS, SARSM, SERS, SYS, SerRS, SerRSmt, mtSerRS...",271,850,46,17,248,842,294,858
Mus musculus,hsa00970,84,SARS2,"SARS2, SARS, SARSM, SERS, SYS, SerRS, SerRSmt, mtSerRS...",271,850,46,17,248,842,294,858
Mus musculus,hsa00970,85,MARS1,"MARS1, CMT2U, ILFS2, ILLD, MARS, METRS, MRS, MTRNS, SPG70, TTD9...",271,1165,46,17,248,1156,294,1174
Mus musculus,hsa00970,85,MARS2,"MARS1, CMT2U, ILFS2, ILLD, MARS, METRS, MRS, MTRNS, SPG70, TTD9...",271,1165,46,17,248,1156,294,1174
Mus musculus,hsa00970,86,VARS1,"VARS2, COXPD20, VALRS, VARS2L, VARSL...",875,157,46,17,852,148,898,166
Mus musculus,hsa00970,86,VARS2,"VARS2, COXPD20, VALRS, VARS2L, VARSL...",875,157,46,17,852,148,898,166
Mus musculus,hsa00970,87,AARS1,"AARS1, AARS, CMT2N, DEE29, EIEE29, HDLS2, TTD8...",271,371,46,17,248,362,294,380
Mus musculus,hsa00970,87,AARS2,"AARS1, AARS, CMT2N, DEE29, EIEE29, HDLS2, TTD8...",271,371,46,17,248,362,294,380
Mus musculus,hsa00970,88,KARS1,"KARS1, CMTRIB, DEAPLE, DFNB89, KARS, KARS2, KRS, LEPID",875,424,46,17,852,416,898,432
Mus musculus,hsa00970,89,LARS1,"LARS2, HLASA, LEURS, PRLTS4, mtLeuRS...",875,246,46,17,852,238,898,254
Mus musculus,hsa00970,89,LARS2,"LARS2, HLASA, LEURS, PRLTS4, mtLeuRS...",875,246,46,17,852,238,898,254
Mus musculus,hsa00970,90,TARS1,"TARS3, TARSL2, ThrRS-L...",271,761,46,17,248,752,294,770
Mus musculus,hsa00970,90,TARS2,"TARS3, TARSL2, ThrRS-L...",271,761,46,17,248,752,294,770
Mus musculus,hsa00970,91,WARS1,"WARS2, NEMMLAS, PKDYS3, TrpRS, mtTrpRS...",875,1057,46,17,852,1048,898,1066
Mus musculus,hsa00970,91,WARS2,"WARS2, NEMMLAS, PKDYS3, TrpRS, mtTrpRS...",875,1057,46,17,852,1048,898,1066
Mus musculus,hsa00970,92,MTFMT,"MTFMT, COXPD15, FMT1, MC1DN27",409,1165,46,17,386,1156,432,1174
Mus musculus,hsa00970,93,YARS1,"YARS2, CGI-04, MLASA2, MT-TYRRS, TYRRS...",875,968,46,17,852,960,898,976
Mus musculus,hsa00970,93,YARS2,"YARS2, CGI-04, MLASA2, MT-TYRRS, TYRRS...",875,968,46,17,852,960,898,976
Mus musculus,hsa00970,94,EPRS1,"EPRS1, EARS, EPRS, GLUPRORS, HLD15, PARS, PIG32, QARS, QPRS...",875,701,46,17,852,692,898,710
Mus musculus,hsa00970,94,PARS2,"EPRS1, EARS, EPRS, GLUPRORS, HLD15, PARS, PIG32, QARS, QPRS...",875,701,46,17,852,692,898,710
Mus musculus,hsa00970,95,EARS2,"EARS2, COXPD12, MSE1, gluRS, mtGlnRS, mtGluRS...",271,146,46,17,248,138,294,154
Mus musculus,hsa00970,95,EPRS1,"EARS2, COXPD12, MSE1, gluRS, mtGlnRS, mtGluRS...",271,146,46,17,248,138,294,154
Mus musculus,hsa00980,115,EPHX1,"EPHX1, EPHX, EPOX, HYL1, MEH",986,868,46,17,963,860,1009,876
Mus musculus,hsa00980,126,EPHX1,"EPHX1, EPHX, EPOX, HYL1, MEH",255,876,46,17,232,868,278,884
Mus musculus,hsa00980,177,EPHX1,"EPHX1, EPHX, EPOX, HYL1, MEH",316,176,46,17,293,168,339,184
Mus musculus,hsa00980,186,EPHX1,"EPHX1, EPHX, EPOX, HYL1, MEH",914,123,46,17,891,114,937,132
Mus musculus,hsa00980,199,EPHX1,"EPHX1, EPHX, EPOX, HYL1, MEH",914,236,46,17,891,228,937,244
Mus musculus,hsa00980,230,EPHX1,"EPHX1, EPHX, EPOX, HYL1, MEH",313,529,46,17,290,520,336,538
Mus musculus,hsa00980,264,HSD11B1,"HSD11B1, 11-DH, 11-beta-HSD1, CORTRD2, HDL, HSD11, HSD11B, HSD11L, SDR26C1...",787,464,46,17,764,456,810,472
Mus musculus,hsa00980,291,UGT1A1,UGT2B11...,805,668,46,17,782,660,828,676
Mus musculus,hsa00980,75,UGT1A1,UGT2B11...,445,1153,46,17,422,1144,468,1162
Mus musculus,hsa00980,81,EPHX1,"EPHX1, EPHX, EPOX, HYL1, MEH",290,1345,46,17,267,1336,313,1354
Mus musculus,hsa00982,141,UGT1A1,UGT2B11...,140,506,46,17,117,498,163,514
Mus musculus,hsa00982,142,UGT1A1,UGT2B11...,139,656,46,17,116,648,162,664
Mus musculus,hsa00982,189,MAOA,"MAOA, BRNRS, MAO-A...",1247,217,46,17,1224,208,1270,226
Mus musculus,hsa00982,190,MAOA,"MAOA, BRNRS, MAO-A...",1247,300,46,17,1224,292,1270,308
Mus musculus,hsa00982,191,MAOA,"MAOA, BRNRS, MAO-A...",1247,369,46,17,1224,360,1270,378
Mus musculus,hsa00982,207,UGT1A1,UGT2B11...,139,693,46,17,116,684,162,702
Mus musculus,hsa00982,84,FMO3,FMO1...,140,248,46,17,117,240,163,256
Mus musculus,hsa00983,102,UGT1A1,UGT2B11...,982,238,46,17,959,230,1005,246
Mus musculus,hsa00983,104,GUSB,"GUSB, BG, MPS7",1035,238,46,17,1012,230,1058,246
Mus musculus,hsa00983,128,NME3,"NME6, IPIA-ALPHA, NDK 6, NM23-H6...",270,851,46,17,247,842,293,860
Mus musculus,hsa00983,130,NME3,"NME6, IPIA-ALPHA, NDK 6, NM23-H6...",392,851,46,17,369,842,415,860
Mus musculus,hsa00983,132,RRM1,"RRM2B, MTDPS8A, MTDPS8B, P53R2, RCDFRD...",331,813,46,17,308,804,354,822
Mus musculus,hsa00983,132,RRM2B,"RRM2B, MTDPS8A, MTDPS8B, P53R2, RCDFRD...",331,813,46,17,308,804,354,822
Mus musculus,hsa00983,134,DUT,"DUT, BMFDMS, dUTPase",516,773,46,17,493,764,539,782
Mus musculus,hsa00983,69,TPMT,"TPMT, TPMTD",182,233,46,17,159,224,205,242
Mus musculus,hsa00983,70,TPMT,"TPMT, TPMTD",296,233,46,17,273,224,319,242
Mus musculus,hsa00983,71,TPMT,"TPMT, TPMTD",503,232,46,17,480,224,526,240
Mus musculus,hsa00983,72,HPRT1,"HPRT1, HGPRT, HPRT",238,188,46,17,215,180,261,196
Mus musculus,hsa00983,73,HPRT1,"HPRT1, HGPRT, HPRT",238,271,46,17,215,262,261,280
Mus musculus,hsa00983,74,HPRT1,"HPRT1, HGPRT, HPRT",503,313,46,17,480,304,526,322
Mus musculus,hsa00983,76,ITPA,"ITPA, C20orf37, DEE35, HLC14-06-P, ITPase, My049, NTPase, dJ794I6.3",332,353,46,17,309,344,355,362
Mus musculus,hsa00983,77,XDH,"XDH, XAN1, XO, XOR",182,322,46,17,159,314,205,330
Mus musculus,hsa00983,84,TYMP,"TYMP, ECGF, ECGF1, MEDPS1, MNGIE, MTDPS1, PDECGF, TP, hPD-ECGF",331,663,46,17,308,654,354,672
Mus musculus,hsa00983,85,DPYD,"DPYD, DHP, DHPDHASE, DPD, DYPD",319,611,46,17,296,602,342,620
Mus musculus,hsa00983,86,DPYS,"DPYS, DHP, DHPase",414,611,46,17,391,602,437,620
Mus musculus,hsa00983,87,UPB1,"UPB1, BUP1",515,611,46,17,492,602,538,620
Mus musculus,hsa00983,88,UMPS,"UMPS, ODC, OPRT",270,697,46,17,247,688,293,706
Mus musculus,hsa00983,90,TK2,"TK1, TK2...",392,697,46,17,369,688,415,706
Mus musculus,hsa00983,91,IMPDH1,"IMPDH1, IMPD, IMPD1, IMPDH-I, LCA11, RP10, sWSS2608...",354,272,46,17,331,264,377,280
Mus musculus,hsa00983,91,IMPDH2,"IMPDH1, IMPD, IMPD1, IMPDH-I, LCA11, RP10, sWSS2608...",354,272,46,17,331,264,377,280
Mus musculus,hsa00983,96,TYMP,"TYMP, ECGF, ECGF1, MEDPS1, MNGIE, MTDPS1, PDECGF, TP, hPD-ECGF",270,579,46,17,247,570,293,588
Mus musculus,hsa01040,164,BAAT,"ACOT2, CTE-IA, CTE1A, MTE1, PTE2, PTE2A, ZAP128...",1133,827,46,17,1110,818,1156,836
Mus musculus,hsa01040,165,BAAT,"ACOT2, CTE-IA, CTE1A, MTE1, PTE2, PTE2A, ZAP128...",1133,895,46,17,1110,886,1156,904
Mus musculus,hsa01040,166,BAAT,"ACOT2, CTE-IA, CTE1A, MTE1, PTE2, PTE2A, ZAP128...",1133,953,46,17,1110,944,1156,962
Mus musculus,hsa02010,174,ABCB11,"ABCB11, ABC16, BRIC2, BSEP, PFIC-2, PFIC2, PGY4, SPGP",1485,334,46,17,1462,326,1508,342
Mus musculus,hsa02010,180,ABCG8,"ABCG8, GBD4, STSL, STSL1",1424,1120,46,17,1401,1112,1447,1128
Mus musculus,hsa02010,181,ABCG5,"ABCG5, STSL, STSL2",1424,1095,46,17,1401,1086,1447,1104
Mus musculus,hsa02010,186,ABCD4,"ABCD4, ABC41, EST352188, MAHCJ, P70R, P79R, PMP69, PXMP1L",1299,1048,46,17,1276,1040,1322,1056
Mus musculus,hsa02010,187,ABCD3,"ABCD3, ABC43, CBAS5, PMP70, PXMP1, ZWS2",1299,1023,46,17,1276,1014,1322,1032
Mus musculus,hsa02010,189,ABCD1,"ABCD1, ABC42, ALD, ALDP, AMN",1299,973,46,17,1276,964,1322,982
Mus musculus,hsa02010,197,ABCC8,"ABCC8, ABC36, HHF1, HI, HRINS, MRP8, PHHI, PNDM3, SUR, SUR1, SUR1delta2, TNDM2",1424,704,46,17,1401,696,1447,712
Mus musculus,hsa02010,199,ABCC6,"ABCC6, ABC34, ARA, EST349056, GACI2, MLP1, MOAT-E, MOATE, MRP6, PXE, PXE1, URG7",1299,826,46,17,1276,818,1322,834
Mus musculus,hsa02010,202,ABCC2,"ABCC2, ABC30, CMOAT, DJS, MRP2, cMRP",1299,729,46,17,1276,720,1322,738
Mus musculus,hsa02010,205,ABCB7,"ABCB7, ABC7, ASAT, Atm1p, EST140535",1424,358,46,17,1401,350,1447,366
Mus musculus,hsa02010,206,ABCB6,"ABCB6, ABC, LAN, MTABC3, PRP, umat",1424,334,46,17,1401,326,1447,342
Mus musculus,hsa02010,208,ABCB4,"ABCB4, ABC21, GBD1, ICP3, MDR2, MDR2/3, MDR3, PFIC-3, PGY3",1361,358,46,17,1338,350,1384,366
Mus musculus,hsa02010,221,ABCA12,"ABCA12, ARCI4A, ARCI4B, ICR2B, LI2",1299,262,46,17,1276,254,1322,270
Mus musculus,hsa02010,241,ABCA1,"ABCA1, ABC-1, ABC1, CERP, HDLCQTL13, HDLDT1, HPALP1, TGD",1299,145,46,17,1276,136,1322,154
Mus musculus,hsa03008,259,TCOF1,"TCOF1, MFD1, TCS, TCS1, treacle",326,169,46,17,303,160,349,178
Mus musculus,hsa03008,267,DKC1,"DKC1, CBF5, CHINE1, DKC, DKCX, NAP57, NOLA4, XAP101",506,230,46,17,483,222,529,238
Mus musculus,hsa03008,274,BMS1,"BMS1, ACC, BMS1L",423,391,46,17,400,382,446,400
Mus musculus,hsa03008,280,POP1,"POP7, 0610037N12Rik, RPP2, RPP20...",450,492,46,17,427,484,473,500
Mus musculus,hsa03008,290,EFL1,"EFL1, EFTUD1, FAM42A, HsT19294, RIA1, SDS2",514,877,46,17,491,868,537,886
Mus musculus,hsa03008,297,RMRP,"RMRP, CHH, NME1, RMRPR, RRP2",450,509,46,17,427,500,473,518
Mus musculus,hsa03008,298,EIF6,"EIF6, CAB, EIF3A, ITGB4BP, b(2)gcn, eIF-6, p27(BBP), p27BBP",514,802,46,17,491,794,537,810
Mus musculus,hsa03008,299,EMG1,"EMG1, C2F, Grcc2f, NEP1",423,369,46,17,400,360,446,378
Mus musculus,hsa03008,301,SBDS,"SBDS, CGI-97, SDO1, SDS, SWDS",514,860,46,17,491,852,537,868
Mus musculus,hsa03010,11,RPS23,"RPS23, BTDD, MABAS, MCINS, PAMAS, S23, uS12",172,646,46,17,149,638,195,654
Mus musculus,hsa03010,120,MRPS7,"MRPS7, COXPD34, MRP-S, MRP-S7, RP-S7, RPMS7, S7mt, bMRP27a, uS7m",369,680,46,17,346,672,392,688
Mus musculus,hsa03010,126,RPS15A,"RPS15A, DBA20, S15a, uS8",861,623,46,17,838,614,884,632
Mus musculus,hsa03010,128,RPS20,"RPS20, S20, uS10",73,646,46,17,50,638,96,654
Mus musculus,hsa03010,129,RPSA,"RPSA2, 37LRP, 67LR, LBP/p40, LRP/LR, LamR, RPSAP58, RPSA_30_1642...",73,623,46,17,50,614,96,632
Mus musculus,hsa03010,13,RPS29,"RPS29, DBA13, S29, uS14",516,647,46,17,493,638,539,656
Mus musculus,hsa03010,134,MRPS14,"MRPS14, COXPD38, DJ262D12.2, HSMRPS14, MRP-S14, S14mt, uS14m",713,680,46,17,690,672,736,688
Mus musculus,hsa03010,140,MRPS16,"MRPS16, CGI-132, COXPD2, MRP-S16, RPMS16, S16mt, bS16m",812,680,46,17,789,672,835,688
Mus musculus,hsa03010,145,MRPS2,"MRPS2, CGI-91, COXPD36, MRP-S2, S2mt, uS2m",122,680,46,17,99,672,145,688
Mus musculus,hsa03010,19,RPS17,"RPS17, DBA4, RPS17L, RPS17L1, RPS17L2, S17, eS17",959,623,46,17,936,614,982,632
Mus musculus,hsa03010,20,RPS19,"RPS19, DBA, DBA1, LOH19CR1, S19, eS19",1058,623,46,17,1035,614,1081,632
Mus musculus,hsa03010,21,RPS24,"RPS24, DBA3, S24, eS24",221,646,46,17,198,638,244,654
Mus musculus,hsa03010,22,RPS27,RPS27L...,369,647,46,17,346,638,392,656
Mus musculus,hsa03010,231,MRPS22,"MRPS22, C3orf5, COXPD5, GIBT, GK002, MRP-S22, ODG7, RPMS22, mS22",122,706,46,17,99,698,145,714
Mus musculus,hsa03010,232,MRPS23,"MRPS23, CGI-138, COXPD46, HSPC329, MRP-S23, mS23",171,706,46,17,148,698,194,714
Mus musculus,hsa03010,234,MRPS25,"MRPS25, COXPD50, MRP-S25, RPMS25, mS25",270,706,46,17,247,698,293,714
Mus musculus,hsa03010,237,MRPS28,"MRPS28, COXPD47, HSPC007, MRP-S28, MRP-S35, MRPS35",418,706,46,17,395,698,441,714
Mus musculus,hsa03010,24,RPS7,"RPS7, DBA8, S7, eS7",418,623,46,17,395,614,441,632
Mus musculus,hsa03010,243,MRPS34,"MRPS34, COXPD32, MRP-S12, MRP-S34, MRPS12, mS34",664,706,46,17,641,698,687,714
Mus musculus,hsa03010,25,RPS10,RPS10-NUDT3...,566,623,46,17,543,614,589,632
Mus musculus,hsa03010,258,MRPL44,"MRPL44, COXPD16, L44MT, MRP-L44, mL44",418,911,46,17,395,902,441,920
Mus musculus,hsa03010,29,RPS26,"RPS26, DBA10, S26, eS26",320,646,46,17,297,638,343,654
Mus musculus,hsa03010,30,RPS28,"RPS28, DBA15, S28, eS28",467,647,46,17,444,638,490,656
Mus musculus,hsa03010,40,RPL11,"RPL11, DBA7, GIG34, L11, uL5",566,779,46,17,543,770,589,788
Mus musculus,hsa03010,48,MRPL3,"MRPL3, COXPD9, MRL3, RPML3, uL3m",171,861,46,17,148,852,194,870
Mus musculus,hsa03010,57,RPL5,"RPL5, L5, MSTP030, PPP1R135, uL18",170,780,46,17,147,772,193,788
Mus musculus,hsa03010,63,RPL26,"RPL26L1, RPL26P1...",318,803,46,17,295,794,341,812
Mus musculus,hsa03010,64,MRPL24,"MRPL24, L24mt, MRP-L18, MRP-L24, uL24m",171,884,46,17,148,876,194,892
Mus musculus,hsa03010,65,RPL35,"RPL35, DBA19, L35, uL29",763,804,46,17,740,796,786,812
Mus musculus,hsa03010,69,RPL15,"RPL15, DBA12, EC45, L15, RPL10, RPLY10, RPYL10, eL15",813,779,46,17,790,770,836,788
Mus musculus,hsa03010,70,RPL18,"RPL18, DBA18, L18, eL18",912,779,46,17,889,770,935,788
Mus musculus,hsa03010,72,RPL21,"RPL21, HYPT12, L21, eL21",72,804,46,17,49,796,95,812
Mus musculus,hsa03010,8,RPL13,"RPL13, BBC1, D16S444E, D16S44E, L13, SEMDIST, eL13",665,779,46,17,642,770,688,788
Mus musculus,hsa03010,82,RPL35A,"RPL35A, DBA5, L35A, eL33",813,804,46,17,790,796,836,812
Mus musculus,hsa03010,88,RPL27,"RPL27, DBA16, L27, eL27",367,804,46,17,344,796,390,812
Mus musculus,hsa03010,94,RPL10,"RPL10L, RPL10_5_1358, SPGF63...",467,779,46,17,444,770,490,788
Mus musculus,hsa03010,98,MRPL12,"MRPL12, 5c5-2, L12mt, MRP-L31/34, MRPL7, MRPL7/L12, RPML12, bL12m",566,860,46,17,543,852,589,868
Mus musculus,hsa03015,86,CLP1,"CLP1, HEAB, hClp1",850,211,46,17,827,202,873,220
Mus musculus,hsa03018,14,ENO3,"ENO1, ENO1-IT1, ENO1L1, HEL-S-17, MPB1, NNE, PPH...",823,684,46,17,800,676,846,692
Mus musculus,hsa03018,15,PNPT1,"PNPT1, COXPD13, DFNB70, OLD35, PNPASE, SCA25, old-35",869,684,46,17,846,676,892,692
Mus musculus,hsa03018,177,PARN,"PNLDC1, HsPNLDC1, SPGF57, Trimmer...",317,953,46,17,294,944,340,962
Mus musculus,hsa03018,178,HSPA9,"HSPA9, CRP40, CSA, EVPLS, GRP-75, GRP75, HEL-S-124m, HSPA9B, MOT, MOT2, MTHSP75, PBP74, SAAN, SIDBA4",732,900,46,17,709,892,755,908
Mus musculus,hsa03018,179,HSPD1,"HSPD1, CPN60, GROEL, HLD4, HSP-60, HSP60, HSP65, HuCHA60, SPG13",784,900,46,17,761,892,807,908
Mus musculus,hsa03018,184,PNPT1,"PNPT1, COXPD13, DFNB70, OLD35, PNPASE, SCA25, old-35",916,833,46,17,893,824,939,842
Mus musculus,hsa03018,203,PFKM,"PFKL, ATP-PFK, PFK-B, PFK-L...",916,850,46,17,893,842,939,858
Mus musculus,hsa03018,204,ENO3,"ENO1, ENO1-IT1, ENO1L1, HEL-S-17, MPB1, NNE, PPH...",870,833,46,17,847,824,893,842
Mus musculus,hsa03020,29,POLR3B,"POLR3B, C128, CMT1I, HLD8, INMAP, RPC2",387,786,46,17,364,778,410,794
Mus musculus,hsa03020,30,POLR3A,"POLR3A, ADDH, C160, HLD7, RPC1, RPC155, WDRTS, hRPC155",387,803,46,17,364,794,410,812
Mus musculus,hsa03020,33,POLR1C,"POLR1C, AC40, HLD11, RPA39, RPA40, RPA5, RPAC1, RPC40, TCS3",433,803,46,17,410,794,456,812
Mus musculus,hsa03020,35,POLR1D,"POLR1D, AC19, POLR1C, RPA16, RPA9, RPAC2, RPC16, RPO1-3, TCS2",433,786,46,17,410,778,456,794
Mus musculus,hsa03020,36,POLR3H,"POLR3H, C25, RPC22.9, RPC8",535,803,46,17,512,794,558,812
Mus musculus,hsa03020,39,POLR1B,"POLR1B, A135, RPA135, RPA2, Rpo1-2, TCS4",741,787,46,17,718,778,764,796
Mus musculus,hsa03020,40,POLR1A,"POLR1A, A190, AFDCIN, RPA1, RPA190, RPA194, RPO1-4, RPO14",741,804,46,17,718,796,764,812
Mus musculus,hsa03020,53,POLR1C,"POLR1C, AC40, HLD11, RPA39, RPA40, RPA5, RPAC1, RPC40, TCS3",787,804,46,17,764,796,810,812
Mus musculus,hsa03020,54,POLR1D,"POLR1D, AC19, POLR1C, RPA16, RPA9, RPAC2, RPC16, RPO1-3, TCS2",787,787,46,17,764,778,810,796
Mus musculus,hsa03030,10,RNASEH2C,"RNASEH2C, AGS3, AYP1",1159,1174,46,17,1136,1166,1182,1182
Mus musculus,hsa03030,103,DNA2,"DNA2, DNA2L, hDNA2",1003,753,46,17,980,744,1026,762
Mus musculus,hsa03030,105,RNASEH1,"RNASEH1, H1RNA, PEOB2, RNH1",1003,1174,46,17,980,1166,1026,1182
Mus musculus,hsa03030,19,SSBP1,"SSBP1, Mt-SSB, OPA13, SOSS-B1, SSBP, mtSSB",1158,309,46,17,1135,300,1181,318
Mus musculus,hsa03030,31,RNASEH1,"RNASEH1, H1RNA, PEOB2, RNH1",1003,366,46,17,980,358,1026,374
Mus musculus,hsa03030,6,DNA2,"DNA2, DNA2L, hDNA2",1003,1230,46,17,980,1222,1026,1238
Mus musculus,hsa03030,7,RNASEH2A,"RNASEH2A, AGS4, JUNB, RNASEHI, RNHIA, RNHL, THSD8",1067,1174,46,17,1044,1166,1090,1182
Mus musculus,hsa03030,8,RNASEH2B,"RNASEH2B, AGS2, DLEU8",1113,1174,46,17,1090,1166,1136,1182
Mus musculus,hsa03030,99,RNASEH1,"RNASEH1, H1RNA, PEOB2, RNH1",1158,679,46,17,1135,670,1181,688
Mus musculus,hsa03060,7,OXA1L,"OXA1L, OXA1, OXA1L1",105,196,46,17,82,188,128,204
Mus musculus,hsa03083,374,OGT,"OGT, HINCUT-1, HRNT1, MRX106, O-GLCNAC, OGT1, XLID106",230,858,46,17,207,850,253,866
Mus musculus,hsa03083,375,HCFC1,"HCFC1, CFF, HCF, HCF-1, HCF1, HFC1, MAHCX, MRX3, PPP1R89, VCAF, XLID3",275,858,46,17,252,850,298,866
Mus musculus,hsa03250,1063,VPS4A,"VPS4A, CIMDAG, SKD1, SKD1A, SKD2, VPS4, VPS4-1...",1513,271,46,17,1490,262,1536,280
Mus musculus,hsa03250,1086,SAMHD1,"SAMHD1, CHBL2, DCIP, HDDC1, MOP-5, SBBI88, hSAMHD1",519,594,46,17,496,586,542,602
Mus musculus,hsa03265,49,NPC1,"NPC1, NPC, POGZ, SLC65A1",647,401,46,17,624,392,670,410
Mus musculus,hsa03272,125,LAMP2,"LAMP1, CD107a, LAMPA, LGP120...",1141,386,46,17,1118,378,1164,394
Mus musculus,hsa03272,130,VPS4A,"VPS4A, CIMDAG, SKD1, SKD1A, SKD2, VPS4, VPS4-1...",1141,529,46,17,1118,520,1164,538
Mus musculus,hsa03272,140,VPS4A,"VPS4A, CIMDAG, SKD1, SKD1A, SKD2, VPS4, VPS4-1...",1144,851,46,17,1121,842,1167,860
Mus musculus,hsa03272,74,SLC10A1,"SLC10A1, FHCA2, NTCP",552,366,46,17,529,358,575,374
Mus musculus,hsa03272,85,SCARB1,"SCARB1, CD36L1, CLA-1, CLA1, HDLCQ6, HDLQTL6, SR-BI, SRB1",551,569,46,17,528,560,574,578
Mus musculus,hsa03272,89,LDLR,"LDLR, FH, FHC, FHCL1, LDLCQ2",551,545,46,17,528,536,574,554
Mus musculus,hsa03273,71,LAMP2,"LAMP1, CD107a, LAMPA, LGP120...",612,330,46,17,589,322,635,338
Mus musculus,hsa03273,74,TFRC,"TFRC, CD71, IMD46, T9, TFR, TFR1, TR, TRFR, p90",613,426,46,17,590,418,636,434
Mus musculus,hsa03320,19,GK,"GK, GK1, GKD...",836,833,46,17,813,824,859,842
Mus musculus,hsa03320,20,PCK1,"PCK1, PCKDC, PEPCK-C, PEPCK1, PEPCKC...",836,810,46,17,813,802,859,818
Mus musculus,hsa03320,20,PCK2,"PCK1, PCKDC, PEPCK-C, PEPCK1, PEPCKC...",836,810,46,17,813,802,859,818
Mus musculus,hsa03320,21,PLIN1,"PLIN2, ADFP, ADRP...",886,626,46,17,863,618,909,634
Mus musculus,hsa03320,21,PLIN5,"PLIN2, ADFP, ADRP...",886,626,46,17,863,618,909,634
Mus musculus,hsa03320,23,SLC27A4,"SLC27A5, ACSB, ACSVL6, BACS, BAL, FACVL3, FATP-5, FATP5, VLACSR, VLCS-H2, VLCSH2...",143,160,46,17,120,152,166,168
Mus musculus,hsa03320,23,SLC27A5,"SLC27A5, ACSB, ACSVL6, BACS, BAL, FACVL3, FATP-5, FATP5, VLACSR, VLCS-H2, VLCSH2...",143,160,46,17,120,152,166,168
Mus musculus,hsa03320,31,SCP2,"SCP2, NLTP, NSL-TP, SCOX, SCP-2, SCP-CHI, SCP-X, SCPX",836,567,46,17,813,558,859,576
Mus musculus,hsa03320,33,ACADM,"ACADM, ACAD1, MCAD, MCADH",886,578,46,17,863,570,909,586
Mus musculus,hsa03320,36,EHHADH,"EHHADH, ECHD, FRTS3, L-PBE, LBFP, LBP, MFE1, PBFE",836,498,46,17,813,490,859,506
Mus musculus,hsa03320,37,CPT2,"CPT2, CPT1, CPTASE, IIAE4",886,532,46,17,863,524,909,540
Mus musculus,hsa03320,38,CPT1A,"CPT1C, CATL1, CPT_I-C, CPT1-B, CPT1P, CPTI-B, CPTIC, SPG73...",886,509,46,17,863,500,909,518
Mus musculus,hsa03320,38,CPT1C,"CPT1C, CATL1, CPT_I-C, CPT1-B, CPT1P, CPTI-B, CPTIC, SPG73...",886,509,46,17,863,500,909,518
Mus musculus,hsa03320,39,ACSL4,"ACSL1, ACS1, FACL1, FACL2, LACS, LACS1, LACS2...",836,458,46,17,813,450,859,466
Mus musculus,hsa03320,41,LPL,"LPL, HDLCQ11, LIPD",836,435,46,17,813,426,859,444
Mus musculus,hsa03320,44,CYP7A1,"CYP7A1, CP7A, CYP7, CYPVII",836,303,46,17,813,294,859,312
Mus musculus,hsa03320,47,SLC27A4,"SLC27A4, ACSVL4, FATP4, IPS...",886,400,46,17,863,392,909,408
Mus musculus,hsa03320,48,HMGCS1,"HMGCS1, HMGCS...",836,114,46,17,813,106,859,122
Mus musculus,hsa03320,48,HMGCS2,"HMGCS1, HMGCS...",836,114,46,17,813,106,859,122
Mus musculus,hsa03320,53,ACOX1,"ACOX1, ACOX, AOX, MITCH, PALMCOX, SCOX...",836,590,46,17,813,582,859,598
Mus musculus,hsa03320,53,ACOX2,"ACOX1, ACOX, AOX, MITCH, PALMCOX, SCOX...",836,590,46,17,813,582,859,598
Mus musculus,hsa03320,68,APOC3,"APOC3, APOCIII, Apo-C3, ApoC-3",836,200,46,17,813,192,859,208
Mus musculus,hsa03320,71,CYP27A1,"CYP27A1, CP27, CTX, CYP27",886,326,46,17,863,318,909,334
Mus musculus,hsa03320,72,APOA1,"APOA1, AMYLD3, HPALP2, apo(a)",836,154,46,17,813,146,859,162
Mus musculus,hsa03320,75,APOA5,"APOA5, APOAV, RAP3",886,166,46,17,863,158,909,174
Mus musculus,hsa03410,226,UNG,"UNG, DGU, HIGM4, HIGM5, UDG, UNG1, UNG15, UNG2",635,219,46,17,612,210,658,228
Mus musculus,hsa03410,459,POLG,"POLG2, HP55, MTDPS16, MTDPS16A, MTDPS16B, MTPOLB, PEOA4, POLB, POLG-BETA, POLGB...",317,657,46,17,294,648,340,666
Mus musculus,hsa03410,459,POLG2,"POLG2, HP55, MTDPS16, MTDPS16A, MTDPS16B, MTPOLB, PEOA4, POLB, POLG-BETA, POLGB...",317,657,46,17,294,648,340,666
Mus musculus,hsa03430,43,SSBP1,"SSBP1, Mt-SSB, OPA13, SOSS-B1, SSBP, mtSSB",146,643,46,17,123,634,169,652
Mus musculus,hsa03440,120,SSBP1,"SSBP1, Mt-SSB, OPA13, SOSS-B1, SSBP, mtSSB",253,202,46,17,230,194,276,210
Mus musculus,hsa03440,65,TOP3A,"TOP3A, MGRISCE2, PEOB5, TOP3, ZGRF7...",636,756,46,17,613,748,659,764
Mus musculus,hsa03460,27,TOP3A,"TOP3A, MGRISCE2, PEOB5, TOP3, ZGRF7...",417,376,46,17,394,368,440,384
Mus musculus,hsa04010,274,INS,EFNA4-EFNA3...,137,311,46,17,114,302,160,320
Mus musculus,hsa04010,30,PLA2G4A,"PLA2G4B, HsT16992, cPLA2-beta...",850,219,46,17,827,210,873,228
Mus musculus,hsa04010,54,INSR,"CSF1R, BANDDOS, C-FMS, CD115, CSF-1R, CSFR, FIM2, FMS, GPSC, HDLS, HDLS1, M-CSF-R...",220,311,46,17,197,302,243,320
Mus musculus,hsa04010,84,AKT2,"AKT3, MPPH, MPPH2, PKB-GAMMA, PKBG, PRKBG, RAC-PK-gamma, RAC-gamma, STK-2...",643,614,46,17,620,606,666,622
Mus musculus,hsa04012,55,PLCG2,"PLCG1, IDAA, NCKAP3, PLC-II, PLC1, PLC148, PLCgamma1...",391,169,46,17,368,160,414,178
Mus musculus,hsa04012,64,PIK3CA,"P3R3URF-PIK3R3, LOC110117498-PIK3R3...",322,650,46,17,299,642,345,658
Mus musculus,hsa04012,64,PIK3CD,"P3R3URF-PIK3R3, LOC110117498-PIK3R3...",322,650,46,17,299,642,345,658
Mus musculus,hsa04012,64,PIK3R1,"P3R3URF-PIK3R3, LOC110117498-PIK3R3...",322,650,46,17,299,642,345,658
Mus musculus,hsa04012,64,PIK3R2,"P3R3URF-PIK3R3, LOC110117498-PIK3R3...",322,650,46,17,299,642,345,658
Mus musculus,hsa04012,65,AKT2,"AKT3, MPPH, MPPH2, PKB-GAMMA, PKBG, PRKBG, RAC-PK-gamma, RAC-gamma, STK-2...",453,650,46,17,430,642,476,658
Mus musculus,hsa04014,127,PIK3CA,"P3R3URF-PIK3R3, LOC110117498-PIK3R3...",596,581,46,17,573,572,619,590
Mus musculus,hsa04014,127,PIK3CD,"P3R3URF-PIK3R3, LOC110117498-PIK3R3...",596,581,46,17,573,572,619,590
Mus musculus,hsa04014,127,PIK3R1,"P3R3URF-PIK3R3, LOC110117498-PIK3R3...",596,581,46,17,573,572,619,590
Mus musculus,hsa04014,127,PIK3R2,"P3R3URF-PIK3R3, LOC110117498-PIK3R3...",596,581,46,17,573,572,619,590
Mus musculus,hsa04014,132,PLCE1,"PLCE1, NPHS3, PLCE, PPLC",596,745,46,17,573,736,619,754
Mus musculus,hsa04014,185,GRIN1,"GRIN1, DEE101, GluN1, MRD8, NDHMSD, NDHMSR, NMD-R1, NMDA1, NMDAR1, NR1...",200,467,46,17,177,458,223,476
Mus musculus,hsa04014,185,GRIN2A,"GRIN1, DEE101, GluN1, MRD8, NDHMSD, NDHMSR, NMD-R1, NMDA1, NMDAR1, NR1...",200,467,46,17,177,458,223,476
Mus musculus,hsa04014,185,GRIN2B,"GRIN1, DEE101, GluN1, MRD8, NDHMSD, NDHMSR, NMD-R1, NMDA1, NMDAR1, NR1...",200,467,46,17,177,458,223,476
Mus musculus,hsa04014,195,PLCG2,"PLCG1, IDAA, NCKAP3, PLC-II, PLC1, PLC148, PLCgamma1...",333,305,46,17,310,296,356,314
Mus musculus,hsa04014,217,TBK1,"TBK1, AIARV, FTDALS4, IIAE8, NAK, T2K",1075,399,46,17,1052,390,1098,408
Mus musculus,hsa04014,23,AKT2,"AKT3, MPPH, MPPH2, PKB-GAMMA, PKBG, PRKBG, RAC-PK-gamma, RAC-gamma, STK-2...",934,283,46,17,911,274,957,292
Mus musculus,hsa04014,24,PIK3CA,"P3R3URF-PIK3R3, LOC110117498-PIK3R3...",807,283,46,17,784,274,830,292
Mus musculus,hsa04014,24,PIK3CD,"P3R3URF-PIK3R3, LOC110117498-PIK3R3...",807,283,46,17,784,274,830,292
Mus musculus,hsa04014,24,PIK3R1,"P3R3URF-PIK3R3, LOC110117498-PIK3R3...",807,283,46,17,784,274,830,292
Mus musculus,hsa04014,24,PIK3R2,"P3R3URF-PIK3R3, LOC110117498-PIK3R3...",807,283,46,17,784,274,830,292
Mus musculus,hsa04014,30,INS,EFNA4-EFNA3...,122,305,46,17,99,296,145,314
Mus musculus,hsa04014,31,INSR,"CSF1R, BANDDOS, C-FMS, CD115, CSF-1R, CSFR, FIM2, FMS, GPSC, HDLS, HDLS1, M-CSF-R...",200,305,46,17,177,296,223,314
Mus musculus,hsa04014,42,PLCE1,"PLCE1, NPHS3, PLCE, PPLC",807,712,46,17,784,704,830,720
Mus musculus,hsa04014,78,PLA2G4A,"PLA2G4B, HsT16992, cPLA2-beta...",1137,533,46,17,1114,524,1160,542
Mus musculus,hsa04014,78,PLA2G6,"PLA2G4B, HsT16992, cPLA2-beta...",1137,533,46,17,1114,524,1160,542
Mus musculus,hsa04015,142,PIK3CA,"P3R3URF-PIK3R3, LOC110117498-PIK3R3...",845,744,46,17,822,736,868,752
Mus musculus,hsa04015,142,PIK3CD,"P3R3URF-PIK3R3, LOC110117498-PIK3R3...",845,744,46,17,822,736,868,752
Mus musculus,hsa04015,142,PIK3R1,"P3R3URF-PIK3R3, LOC110117498-PIK3R3...",845,744,46,17,822,736,868,752
Mus musculus,hsa04015,142,PIK3R2,"P3R3URF-PIK3R3, LOC110117498-PIK3R3...",845,744,46,17,822,736,868,752
Mus musculus,hsa04015,143,AKT2,"AKT3, MPPH, MPPH2, PKB-GAMMA, PKBG, PRKBG, RAC-PK-gamma, RAC-gamma, STK-2...",927,744,46,17,904,736,950,752
Mus musculus,hsa04015,166,GRIN1,"GRIN1, DEE101, GluN1, MRD8, NDHMSD, NDHMSR, NMD-R1, NMDA1, NMDAR1, NR1...",173,283,46,17,150,274,196,292
Mus musculus,hsa04015,166,GRIN2A,"GRIN1, DEE101, GluN1, MRD8, NDHMSD, NDHMSR, NMD-R1, NMDA1, NMDAR1, NR1...",173,283,46,17,150,274,196,292
Mus musculus,hsa04015,166,GRIN2B,"GRIN1, DEE101, GluN1, MRD8, NDHMSD, NDHMSR, NMD-R1, NMDA1, NMDAR1, NR1...",173,283,46,17,150,274,196,292
Mus musculus,hsa04015,17,INS,EFNA4-EFNA3...,96,498,46,17,73,490,119,506
Mus musculus,hsa04015,18,INSR,"CSF1R, BANDDOS, C-FMS, CD115, CSF-1R, CSFR, FIM2, FMS, GPSC, HDLS, HDLS1, M-CSF-R...",173,498,46,17,150,490,196,506
Mus musculus,hsa04015,205,PLCE1,"PLCE1, NPHS3, PLCE, PPLC",845,773,46,17,822,764,868,782
Mus musculus,hsa04015,54,PLCB1,"PLCB1, DEE12, EIEE12, PI-PLC, PLC-154, PLC-I, PLC-beta-1, PLC154, PLCB1A, PLCB1B...",327,393,46,17,304,384,350,402
Mus musculus,hsa04015,54,PLCB3,"PLCB1, DEE12, EIEE12, PI-PLC, PLC-154, PLC-I, PLC-beta-1, PLC154, PLCB1A, PLCB1B...",327,393,46,17,304,384,350,402
Mus musculus,hsa04015,54,PLCB4,"PLCB1, DEE12, EIEE12, PI-PLC, PLC-154, PLC-I, PLC-beta-1, PLC154, PLCB1A, PLCB1B...",327,393,46,17,304,384,350,402
Mus musculus,hsa04020,170,MCOLN1,"MCOLN2, TRP-ML2, TRPML2...",649,711,46,17,626,702,672,720
Mus musculus,hsa04020,54,PLCE1,"PLCE1, NPHS3, PLCE, PPLC",354,564,46,17,331,556,377,572
Mus musculus,hsa04020,58,GRIN1,"CHRNA7, CHRNA7-2, NACHRA7...",182,412,46,17,159,404,205,420
Mus musculus,hsa04020,58,GRIN2A,"CHRNA7, CHRNA7-2, NACHRA7...",182,412,46,17,159,404,205,420
Mus musculus,hsa04020,58,GRIN2B,"CHRNA7, CHRNA7-2, NACHRA7...",182,412,46,17,159,404,205,420
Mus musculus,hsa04020,58,GRIN2D,"CHRNA7, CHRNA7-2, NACHRA7...",182,412,46,17,159,404,205,420
Mus musculus,hsa04020,59,PLCG2,"PLCG1, IDAA, NCKAP3, PLC-II, PLC1, PLC148, PLCgamma1...",354,540,46,17,331,532,377,548
Mus musculus,hsa04020,65,PLCD1,"PLCD3, PLC-delta-3...",354,493,46,17,331,484,377,502
Mus musculus,hsa04020,66,ITPR1,"ITPR1, ACV, CLA4, INSP3R1, IP3R, IP3R1, PPP1R94, SCA15, SCA16, SCA29...",649,536,46,17,626,528,672,544
Mus musculus,hsa04020,66,ITPR2,"ITPR1, ACV, CLA4, INSP3R1, IP3R, IP3R1, PPP1R94, SCA15, SCA16, SCA29...",649,536,46,17,626,528,672,544
Mus musculus,hsa04020,67,PHKA1,"PHKA1, PHKA...",888,336,46,17,865,328,911,344
Mus musculus,hsa04020,67,PHKA2,"PHKA1, PHKA...",888,336,46,17,865,328,911,344
Mus musculus,hsa04020,67,PHKB,"PHKA1, PHKA...",888,336,46,17,865,328,911,344
Mus musculus,hsa04020,67,PHKG2,"PHKA1, PHKA...",888,336,46,17,865,328,911,344
Mus musculus,hsa04020,69,PLCB1,"PLCB1, DEE12, EIEE12, PI-PLC, PLC-154, PLC-I, PLC-beta-1, PLC154, PLCB1A, PLCB1B...",354,516,46,17,331,508,377,524
Mus musculus,hsa04020,69,PLCB3,"PLCB1, DEE12, EIEE12, PI-PLC, PLC-154, PLC-I, PLC-beta-1, PLC154, PLCB1A, PLCB1B...",354,516,46,17,331,508,377,524
Mus musculus,hsa04020,69,PLCB4,"PLCB1, DEE12, EIEE12, PI-PLC, PLC-154, PLC-I, PLC-beta-1, PLC154, PLCB1A, PLCB1B...",354,516,46,17,331,508,377,524
Mus musculus,hsa04020,73,GRM1,"CYSLTR1, CYSLT1, CYSLT1R, CYSLTR, HMTMF81...",182,461,46,17,159,452,205,470
Mus musculus,hsa04020,76,SLC25A4,"SLC25A4, AAC1, ANT, ANT_1, ANT1, MTDPS12, MTDPS12A, PEO2, PEO3, PEOA2, T1...",801,184,46,17,778,176,824,192
Mus musculus,hsa04022,114,PIK3R5,"PIK3R6, C17orf38, HsT41028, p84_PIKAP, p87(PIKAP), p87PIKAP...",349,889,46,17,326,880,372,898
Mus musculus,hsa04022,115,AKT2,"AKT3, MPPH, MPPH2, PKB-GAMMA, PKBG, PRKBG, RAC-PK-gamma, RAC-gamma, STK-2...",426,889,46,17,403,880,449,898
Mus musculus,hsa04022,164,SLC25A4,"PPIF, CYP3, CyP-M, Cyp-D, CypD...",865,667,46,17,842,658,888,676
Mus musculus,hsa04022,179,INSR,"INSR, CD220, HHF5",191,889,46,17,168,880,214,898
Mus musculus,hsa04022,193,INS,"INS, IDDM, IDDM1, IDDM2, ILPR, IRDN, MODY10, PNDM4",113,889,46,17,90,880,136,898
Mus musculus,hsa04022,32,ITPR1,"ITPR1, ACV, CLA4, INSP3R1, IP3R, IP3R1, PPP1R94, SCA15, SCA16, SCA29...",695,418,46,17,672,410,718,426
Mus musculus,hsa04022,32,ITPR2,"ITPR1, ACV, CLA4, INSP3R1, IP3R, IP3R1, PPP1R94, SCA15, SCA16, SCA29...",695,418,46,17,672,410,718,426
Mus musculus,hsa04022,50,PLCB1,"PLCB1, DEE12, EIEE12, PI-PLC, PLC-154, PLC-I, PLC-beta-1, PLC154, PLCB1A, PLCB1B...",581,341,46,17,558,332,604,350
Mus musculus,hsa04022,50,PLCB3,"PLCB1, DEE12, EIEE12, PI-PLC, PLC-154, PLC-I, PLC-beta-1, PLC154, PLCB1A, PLCB1B...",581,341,46,17,558,332,604,350
Mus musculus,hsa04022,50,PLCB4,"PLCB1, DEE12, EIEE12, PI-PLC, PLC-154, PLC-I, PLC-beta-1, PLC154, PLCB1A, PLCB1B...",581,341,46,17,558,332,604,350
Mus musculus,hsa04024,103,MC2R,"ADCYAP1R1, PAC1, PAC1R, PACAPR, PACAPRI...",283,258,46,17,260,250,306,266
Mus musculus,hsa04024,169,LIPE,"LIPE, AOMS4, FPLD6, HSL, LHS, REH",815,744,46,17,792,736,838,752
Mus musculus,hsa04024,180,GRIA2,"GRIA1, GLUH1, GLUR1, GLURA, GluA1, HBGR1, MRD67, MRT76...",589,1072,46,17,566,1064,612,1080
Mus musculus,hsa04024,180,GRIA3,"GRIA1, GLUH1, GLUR1, GLURA, GluA1, HBGR1, MRD67, MRT76...",589,1072,46,17,566,1064,612,1080
Mus musculus,hsa04024,180,GRIA4,"GRIA1, GLUH1, GLUR1, GLURA, GluA1, HBGR1, MRD67, MRT76...",589,1072,46,17,566,1064,612,1080
Mus musculus,hsa04024,181,GRIN1,"GRIN3A, GluN3A, NMDAR-L, NMDAR3A, NR3A...",705,1072,46,17,682,1064,728,1080
Mus musculus,hsa04024,181,GRIN2A,"GRIN3A, GluN3A, NMDAR-L, NMDAR3A, NR3A...",705,1072,46,17,682,1064,728,1080
Mus musculus,hsa04024,181,GRIN2B,"GRIN3A, GluN3A, NMDAR-L, NMDAR3A, NR3A...",705,1072,46,17,682,1064,728,1080
Mus musculus,hsa04024,181,GRIN2D,"GRIN3A, GluN3A, NMDAR-L, NMDAR3A, NR3A...",705,1072,46,17,682,1064,728,1080
Mus musculus,hsa04024,234,ACOX1,"ACOX1, ACOX, AOX, MITCH, PALMCOX, SCOX...",1155,636,46,17,1132,628,1178,644
Mus musculus,hsa04024,36,GABBR2,"CHRM1, HM1, M1, M1R...",283,410,46,17,260,402,306,418
Mus musculus,hsa04024,41,PIK3CA,"P3R3URF-PIK3R3, LOC110117498-PIK3R3...",925,320,46,17,902,312,948,328
Mus musculus,hsa04024,41,PIK3CD,"P3R3URF-PIK3R3, LOC110117498-PIK3R3...",925,320,46,17,902,312,948,328
Mus musculus,hsa04024,41,PIK3R1,"P3R3URF-PIK3R3, LOC110117498-PIK3R3...",925,320,46,17,902,312,948,328
Mus musculus,hsa04024,41,PIK3R2,"P3R3URF-PIK3R3, LOC110117498-PIK3R3...",925,320,46,17,902,312,948,328
Mus musculus,hsa04024,42,AKT2,"AKT3, MPPH, MPPH2, PKB-GAMMA, PKBG, PRKBG, RAC-PK-gamma, RAC-gamma, STK-2...",1007,320,46,17,984,312,1030,328
Mus musculus,hsa04024,77,PLCE1,"PLCE1, NPHS3, PLCE, PPLC",929,117,46,17,906,108,952,126
Mus musculus,hsa04060,559,BMP6,"BMP6, IO, VGR, VGR1",1661,664,46,17,1638,656,1684,672
Mus musculus,hsa04062,108,STAT2,"STAT1, CANDF7, IMD31A, IMD31B, IMD31C, ISGF-3, STAT91...",564,129,46,17,541,120,587,138
Mus musculus,hsa04062,110,AKT2,"AKT3, MPPH, MPPH2, PKB-GAMMA, PKBG, PRKBG, RAC-PK-gamma, RAC-gamma, STK-2...",647,300,46,17,624,292,670,308
Mus musculus,hsa04062,164,PIK3R5,"PIK3R6, C17orf38, HsT41028, p84_PIKAP, p87(PIKAP), p87PIKAP...",445,313,46,17,422,304,468,322
Mus musculus,hsa04062,17,PIK3CA,"P3R3URF-PIK3R3, LOC110117498-PIK3R3...",445,289,46,17,422,280,468,298
Mus musculus,hsa04062,17,PIK3CD,"P3R3URF-PIK3R3, LOC110117498-PIK3R3...",445,289,46,17,422,280,468,298
Mus musculus,hsa04062,17,PIK3R1,"P3R3URF-PIK3R3, LOC110117498-PIK3R3...",445,289,46,17,422,280,468,298
Mus musculus,hsa04062,17,PIK3R2,"P3R3URF-PIK3R3, LOC110117498-PIK3R3...",445,289,46,17,422,280,468,298
Mus musculus,hsa04062,18,PLCB1,"PLCB1, DEE12, EIEE12, PI-PLC, PLC-154, PLC-I, PLC-beta-1, PLC154, PLCB1A, PLCB1B...",363,752,46,17,340,744,386,760
Mus musculus,hsa04062,18,PLCB3,"PLCB1, DEE12, EIEE12, PI-PLC, PLC-154, PLC-I, PLC-beta-1, PLC154, PLCB1A, PLCB1B...",363,752,46,17,340,744,386,760
Mus musculus,hsa04062,18,PLCB4,"PLCB1, DEE12, EIEE12, PI-PLC, PLC-154, PLC-I, PLC-beta-1, PLC154, PLCB1A, PLCB1B...",363,752,46,17,340,744,386,760
Mus musculus,hsa04062,18,PLCG2,"PLCB1, DEE12, EIEE12, PI-PLC, PLC-154, PLC-I, PLC-beta-1, PLC154, PLCB1A, PLCB1B...",363,752,46,17,340,744,386,760
Mus musculus,hsa04064,178,PLCG2,"PLCG2, APLAID, FCAS3, PLC-IV, PLC-gamma-2",399,193,46,17,376,184,422,202
Mus musculus,hsa04066,109,HMOX1,"HMOX1, HMOX1D, HO-1, HSP32, bK286B10",1160,510,46,17,1137,502,1183,518
Mus musculus,hsa04066,16,SLC2A1,"SLC2A1, CSE, DYT17, DYT18, DYT9, EIG12, GLUT, GLUT-1, GLUT1, GLUT1DS, HTLVR, PED, SDCHCN",1099,615,46,17,1076,606,1122,624
Mus musculus,hsa04066,17,INS,"EGF, HOMG4, URG...",87,272,46,17,64,264,110,280
Mus musculus,hsa04066,32,INSR,"EGFR, ERBB, ERBB1, ERRP, HER1, NISBD2, NNCIS, PIG61, mENA...",169,272,46,17,146,264,192,280
Mus musculus,hsa04066,33,PIK3CA,"P3R3URF-PIK3R3, LOC110117498-PIK3R3...",260,310,46,17,237,302,283,318
Mus musculus,hsa04066,33,PIK3CD,"P3R3URF-PIK3R3, LOC110117498-PIK3R3...",260,310,46,17,237,302,283,318
Mus musculus,hsa04066,33,PIK3R1,"P3R3URF-PIK3R3, LOC110117498-PIK3R3...",260,310,46,17,237,302,283,318
Mus musculus,hsa04066,33,PIK3R2,"P3R3URF-PIK3R3, LOC110117498-PIK3R3...",260,310,46,17,237,302,283,318
Mus musculus,hsa04066,34,AKT2,"AKT3, MPPH, MPPH2, PKB-GAMMA, PKBG, PRKBG, RAC-PK-gamma, RAC-gamma, STK-2...",260,353,46,17,237,344,283,362
Mus musculus,hsa04066,40,PLCG2,"PLCG1, IDAA, NCKAP3, PLC-II, PLC1, PLC148, PLCgamma1...",421,526,46,17,398,518,444,534
Mus musculus,hsa04066,53,SLC2A1,"SLC2A1, CSE, DYT17, DYT18, DYT9, EIG12, GLUT, GLUT-1, GLUT1, GLUT1DS, HTLVR, PED, SDCHCN",171,710,46,17,148,702,194,718
Mus musculus,hsa04066,54,LDHA,"LDHAL6A, LDH6A...",1099,809,46,17,1076,800,1122,818
Mus musculus,hsa04066,54,LDHB,"LDHAL6A, LDH6A...",1099,809,46,17,1076,800,1122,818
Mus musculus,hsa04066,60,LDHA,"LDHAL6A, LDH6A...",353,808,46,17,330,800,376,816
Mus musculus,hsa04066,60,LDHB,"LDHAL6A, LDH6A...",353,808,46,17,330,800,376,816
Mus musculus,hsa04066,66,PDHA1,"PDHA1, E1alpha, PDHA, PDHAD, PDHCE1A, PHE1A...",447,695,46,17,424,686,470,704
Mus musculus,hsa04066,66,PDHA2,"PDHA1, E1alpha, PDHA, PDHAD, PDHCE1A, PHE1A...",447,695,46,17,424,686,470,704
Mus musculus,hsa04066,66,PDHB,"PDHA1, E1alpha, PDHA, PDHAD, PDHCE1A, PHE1A...",447,695,46,17,424,686,470,704
Mus musculus,hsa04066,84,HK1,"HK1, CNSHA5, HK, HK1-ta, HK1-tb, HK1-tc, HKD, HKI, HMSNR, HXK1, NEDVIBA, NMSR, RP79, hexokinase...",1099,688,46,17,1076,680,1122,696
Mus musculus,hsa04066,85,PFKM,"PFKL, ATP-PFK, PFK-B, PFK-L...",1160,688,46,17,1137,680,1183,696
Mus musculus,hsa04066,87,ALDOA,"ALDOA, ALDA, GSD12, HEL-S-87p...",1160,719,46,17,1137,710,1183,728
Mus musculus,hsa04066,87,ALDOB,"ALDOA, ALDA, GSD12, HEL-S-87p...",1160,719,46,17,1137,710,1183,728
Mus musculus,hsa04066,88,ENO3,"ENO1, ENO1-IT1, ENO1L1, HEL-S-17, MPB1, NNE, PPH...",1099,749,46,17,1076,740,1122,758
Mus musculus,hsa04066,89,PGK1,"PGK1, HEL-S-68p, MIG10, PGKA...",1160,749,46,17,1137,740,1183,758
Mus musculus,hsa04066,94,TF,"TF, HEL-S-71p, PRO1557, PRO2086, TFQTL1",1099,326,46,17,1076,318,1122,334
Mus musculus,hsa04066,95,TFRC,"TFRC, CD71, IMD46, T9, TFR, TFR1, TR, TRFR, p90",1160,326,46,17,1137,318,1183,334
Mus musculus,hsa04068,115,GRM1,"GRM1, GPRC1A, MGLU1, MGLUR1, PPP1R85, SCA44, SCAR13",164,490,46,17,141,482,187,498
Mus musculus,hsa04068,14,INSR,"INSR, CD220, HHF5",164,392,46,17,141,384,187,400
Mus musculus,hsa04068,16,PCK1,"PCK1, PCKDC, PEPCK-C, PEPCK1, PEPCKC...",1070,517,46,17,1047,508,1093,526
Mus musculus,hsa04068,16,PCK2,"PCK1, PCKDC, PEPCK-C, PEPCK1, PEPCKC...",1070,517,46,17,1047,508,1093,526
Mus musculus,hsa04068,17,G6PC3,"G6PC1, G6PC, G6PT, G6Pase, GSD1, GSD1a...",1142,517,46,17,1119,508,1165,526
Mus musculus,hsa04068,18,AKT2,"AKT3, MPPH, MPPH2, PKB-GAMMA, PKBG, PRKBG, RAC-PK-gamma, RAC-gamma, STK-2...",537,392,46,17,514,384,560,400
Mus musculus,hsa04068,19,PIK3CA,"P3R3URF-PIK3R3, LOC110117498-PIK3R3...",330,392,46,17,307,384,353,400
Mus musculus,hsa04068,19,PIK3CD,"P3R3URF-PIK3R3, LOC110117498-PIK3R3...",330,392,46,17,307,384,353,400
Mus musculus,hsa04068,19,PIK3R1,"P3R3URF-PIK3R3, LOC110117498-PIK3R3...",330,392,46,17,307,384,353,400
Mus musculus,hsa04068,19,PIK3R2,"P3R3URF-PIK3R3, LOC110117498-PIK3R3...",330,392,46,17,307,384,353,400
Mus musculus,hsa04068,61,PTEN,"PTEN, 10q23del, BZS, CWS1, DEC, GLM2, MHAM, MMAC1, PTEN1, PTENbeta, PTENgama, TEP1",456,347,46,17,433,338,479,356
Mus musculus,hsa04068,7,PRKAG2,"PRKAG2, AAKG, AAKG2, CMH6, H91620p, WPWS...",486,225,46,17,463,216,509,234
Mus musculus,hsa04068,8,INS,"INS, IDDM, IDDM1, IDDM2, ILPR, IRDN, MODY10, PNDM4",93,392,46,17,70,384,116,400
Mus musculus,hsa04068,95,CAT,CAT,1070,421,46,17,1047,412,1093,430
Mus musculus,hsa04070,103,PLCB1,"PLCD3, PLC-delta-3...",721,575,46,17,698,566,744,584
Mus musculus,hsa04070,103,PLCB3,"PLCD3, PLC-delta-3...",721,575,46,17,698,566,744,584
Mus musculus,hsa04070,103,PLCB4,"PLCD3, PLC-delta-3...",721,575,46,17,698,566,744,584
Mus musculus,hsa04070,103,PLCD1,"PLCD3, PLC-delta-3...",721,575,46,17,698,566,744,584
Mus musculus,hsa04070,103,PLCE1,"PLCD3, PLC-delta-3...",721,575,46,17,698,566,744,584
Mus musculus,hsa04070,103,PLCG2,"PLCD3, PLC-delta-3...",721,575,46,17,698,566,744,584
Mus musculus,hsa04070,104,INPPL1,"INPP5D, SHIP, SHIP-1, SHIP1, SIP-145, hp51CN, p150Ship...",653,597,46,17,630,588,676,606
Mus musculus,hsa04070,105,MTM1,"MTM1, CNM, CNMX, MTMX, XLMTM...",222,658,46,17,199,650,245,666
Mus musculus,hsa04070,105,MTMR2,"MTM1, CNM, CNMX, MTMX, XLMTM...",222,658,46,17,199,650,245,666
Mus musculus,hsa04070,106,PTEN,"PTEN, 10q23del, BZS, CWS1, DEC, GLM2, MHAM, MMAC1, PTEN1, PTENbeta, PTENgama, TEP1",603,192,46,17,580,184,626,200
Mus musculus,hsa04070,228,MTM1,"MTM1, CNM, CNMX, MTMX, XLMTM...",350,219,46,17,327,210,373,228
Mus musculus,hsa04070,228,MTMR2,"MTM1, CNM, CNMX, MTMX, XLMTM...",350,219,46,17,327,210,373,228
Mus musculus,hsa04070,265,PIK3R1,"P3R3URF-PIK3R3, LOC110117498-PIK3R3...",222,589,46,17,199,580,245,598
Mus musculus,hsa04070,265,PIK3R2,"P3R3URF-PIK3R3, LOC110117498-PIK3R3...",222,589,46,17,199,580,245,598
Mus musculus,hsa04070,267,INPP5E,"INPP5B, 5PTase...",603,597,46,17,580,588,626,606
Mus musculus,hsa04070,267,OCRL,"INPP5B, 5PTase...",603,597,46,17,580,588,626,606
Mus musculus,hsa04070,267,SYNJ1,"INPP5B, 5PTase...",603,597,46,17,580,588,626,606
Mus musculus,hsa04070,45,PTEN,"PTEN, 10q23del, BZS, CWS1, DEC, GLM2, MHAM, MMAC1, PTEN1, PTENbeta, PTENgama, TEP1",222,637,46,17,199,628,245,646
Mus musculus,hsa04070,50,PLCB1,"PLCD3, PLC-delta-3...",731,342,46,17,708,334,754,350
Mus musculus,hsa04070,50,PLCB3,"PLCD3, PLC-delta-3...",731,342,46,17,708,334,754,350
Mus musculus,hsa04070,50,PLCB4,"PLCD3, PLC-delta-3...",731,342,46,17,708,334,754,350
Mus musculus,hsa04070,50,PLCD1,"PLCD3, PLC-delta-3...",731,342,46,17,708,334,754,350
Mus musculus,hsa04070,50,PLCE1,"PLCD3, PLC-delta-3...",731,342,46,17,708,334,754,350
Mus musculus,hsa04070,50,PLCG2,"PLCD3, PLC-delta-3...",731,342,46,17,708,334,754,350
Mus musculus,hsa04070,51,PLCB1,"PLCD3, PLC-delta-3...",681,342,46,17,658,334,704,350
Mus musculus,hsa04070,51,PLCB3,"PLCD3, PLC-delta-3...",681,342,46,17,658,334,704,350
Mus musculus,hsa04070,51,PLCB4,"PLCD3, PLC-delta-3...",681,342,46,17,658,334,704,350
Mus musculus,hsa04070,51,PLCD1,"PLCD3, PLC-delta-3...",681,342,46,17,658,334,704,350
Mus musculus,hsa04070,51,PLCE1,"PLCD3, PLC-delta-3...",681,342,46,17,658,334,704,350
Mus musculus,hsa04070,51,PLCG2,"PLCD3, PLC-delta-3...",681,342,46,17,658,334,704,350
Mus musculus,hsa04070,77,ITPR1,"ITPR1, ACV, CLA4, INSP3R1, IP3R, IP3R1, PPP1R94, SCA15, SCA16, SCA29...",841,794,46,17,818,786,864,802
Mus musculus,hsa04070,77,ITPR2,"ITPR1, ACV, CLA4, INSP3R1, IP3R, IP3R1, PPP1R94, SCA15, SCA16, SCA29...",841,794,46,17,818,786,864,802
Mus musculus,hsa04070,79,PIK3CA,"P3R3URF-PIK3R3, LOC110117498-PIK3R3...",651,192,46,17,628,184,674,200
Mus musculus,hsa04070,79,PIK3CD,"P3R3URF-PIK3R3, LOC110117498-PIK3R3...",651,192,46,17,628,184,674,200
Mus musculus,hsa04070,79,PIK3R1,"P3R3URF-PIK3R3, LOC110117498-PIK3R3...",651,192,46,17,628,184,674,200
Mus musculus,hsa04070,79,PIK3R2,"P3R3URF-PIK3R3, LOC110117498-PIK3R3...",651,192,46,17,628,184,674,200
Mus musculus,hsa04070,80,PIP5K1C,"PIP5K1C, LCCS3, PIP5K-GAMMA, PIP5K1-gamma, PIP5Kgamma...",434,186,46,17,411,178,457,194
Mus musculus,hsa04070,81,PIKFYVE,"PIKFYVE, CFD, FAB1, HEL37, PIP5K, PIP5K3, ZFYVE29",222,144,46,17,199,136,245,152
Mus musculus,hsa04070,82,PI4K2A,"PI4KA, GIDID2, PI4K-ALPHA, PIK4CA, PMGYCHA, SPG84, pi4K230...",230,364,46,17,207,356,253,372
Mus musculus,hsa04070,82,PI4KA,"PI4KA, GIDID2, PI4K-ALPHA, PIK4CA, PMGYCHA, SPG84, pi4K230...",230,364,46,17,207,356,253,372
Mus musculus,hsa04070,83,PIK3C2A,"P3R3URF-PIK3R3, LOC110117498-PIK3R3...",222,610,46,17,199,602,245,618
Mus musculus,hsa04070,83,PIK3R1,"P3R3URF-PIK3R3, LOC110117498-PIK3R3...",222,610,46,17,199,602,245,618
Mus musculus,hsa04070,83,PIK3R2,"P3R3URF-PIK3R3, LOC110117498-PIK3R3...",222,610,46,17,199,602,245,618
Mus musculus,hsa04070,85,DGKE,DGKK...,931,659,46,17,908,650,954,668
Mus musculus,hsa04070,87,PIK3C2A,"P3R3URF-PIK3R3, LOC110117498-PIK3R3...",434,560,46,17,411,552,457,568
Mus musculus,hsa04070,87,PIK3R1,"P3R3URF-PIK3R3, LOC110117498-PIK3R3...",434,560,46,17,411,552,457,568
Mus musculus,hsa04070,87,PIK3R2,"P3R3URF-PIK3R3, LOC110117498-PIK3R3...",434,560,46,17,411,552,457,568
Mus musculus,hsa04070,88,PIKFYVE,"PIKFYVE, CFD, FAB1, HEL37, PIP5K, PIP5K3, ZFYVE29",434,458,46,17,411,450,457,466
Mus musculus,hsa04070,89,INPP5E,"INPP5B, 5PTase...",350,331,46,17,327,322,373,340
Mus musculus,hsa04070,89,OCRL,"INPP5B, 5PTase...",350,331,46,17,327,322,373,340
Mus musculus,hsa04070,89,SYNJ1,"INPP5B, 5PTase...",350,331,46,17,327,322,373,340
Mus musculus,hsa04070,92,MTM1,"MTM1, CNM, CNMX, MTMX, XLMTM",986,430,46,17,963,422,1009,438
Mus musculus,hsa04070,93,BPNT2,"IMPA1, IMP, IMPA, MRT59...",1079,538,46,17,1056,530,1102,546
Mus musculus,hsa04070,94,BPNT2,"IMPA1, IMP, IMPA, MRT59...",1079,430,46,17,1056,422,1102,438
Mus musculus,hsa04070,95,BPNT2,"IMPA1, IMP, IMPA, MRT59...",1079,488,46,17,1056,480,1102,496
Mus musculus,hsa04071,10,PIK3CA,"P3R3URF-PIK3R3, LOC110117498-PIK3R3...",379,681,46,17,356,672,402,690
Mus musculus,hsa04071,10,PIK3CD,"P3R3URF-PIK3R3, LOC110117498-PIK3R3...",379,681,46,17,356,672,402,690
Mus musculus,hsa04071,10,PIK3R1,"P3R3URF-PIK3R3, LOC110117498-PIK3R3...",379,681,46,17,356,672,402,690
Mus musculus,hsa04071,10,PIK3R2,"P3R3URF-PIK3R3, LOC110117498-PIK3R3...",379,681,46,17,356,672,402,690
Mus musculus,hsa04071,117,SGPL1,"SGPL1, NPHS14, RENI, S1PL, SPL",499,564,46,17,476,556,522,572
Mus musculus,hsa04071,119,SGMS2,"SGMS2, CDL, SMS2...",466,263,46,17,443,254,489,272
Mus musculus,hsa04071,158,PIK3CA,"P3R3URF-PIK3R3, LOC110117498-PIK3R3...",253,409,46,17,230,400,276,418
Mus musculus,hsa04071,158,PIK3CD,"P3R3URF-PIK3R3, LOC110117498-PIK3R3...",253,409,46,17,230,400,276,418
Mus musculus,hsa04071,158,PIK3R1,"P3R3URF-PIK3R3, LOC110117498-PIK3R3...",253,409,46,17,230,400,276,418
Mus musculus,hsa04071,158,PIK3R2,"P3R3URF-PIK3R3, LOC110117498-PIK3R3...",253,409,46,17,230,400,276,418
Mus musculus,hsa04071,171,PLCB1,"PLCB1, DEE12, EIEE12, PI-PLC, PLC-154, PLC-I, PLC-beta-1, PLC154, PLCB1A, PLCB1B...",263,514,46,17,240,506,286,522
Mus musculus,hsa04071,171,PLCB3,"PLCB1, DEE12, EIEE12, PI-PLC, PLC-154, PLC-I, PLC-beta-1, PLC154, PLCB1A, PLCB1B...",263,514,46,17,240,506,286,522
Mus musculus,hsa04071,171,PLCB4,"PLCB1, DEE12, EIEE12, PI-PLC, PLC-154, PLC-I, PLC-beta-1, PLC154, PLCB1A, PLCB1B...",263,514,46,17,240,506,286,522
Mus musculus,hsa04071,30,PLCB1,"PLCB1, DEE12, EIEE12, PI-PLC, PLC-154, PLC-I, PLC-beta-1, PLC154, PLCB1A, PLCB1B...",378,779,46,17,355,770,401,788
Mus musculus,hsa04071,30,PLCB3,"PLCB1, DEE12, EIEE12, PI-PLC, PLC-154, PLC-I, PLC-beta-1, PLC154, PLCB1A, PLCB1B...",378,779,46,17,355,770,401,788
Mus musculus,hsa04071,30,PLCB4,"PLCB1, DEE12, EIEE12, PI-PLC, PLC-154, PLC-I, PLC-beta-1, PLC154, PLCB1A, PLCB1B...",378,779,46,17,355,770,401,788
Mus musculus,hsa04071,33,PTEN,"PTEN, 10q23del, BZS, CWS1, DEC, GLM2, MHAM, MMAC1, PTEN1, PTENbeta, PTENgama, TEP1",550,866,46,17,527,858,573,874
Mus musculus,hsa04071,49,SPTLC1,"SPTLC1, ALS27, HSAN1, HSN1, LBC1, LCB1, SPT1, SPTI...",809,175,46,17,786,166,832,184
Mus musculus,hsa04071,49,SPTLC2,"SPTLC1, ALS27, HSAN1, HSN1, LBC1, LCB1, SPT1, SPTI...",809,175,46,17,786,166,832,184
Mus musculus,hsa04071,50,CERS1,"CERS1, EPM8, GDF-1, GDF1, LAG1, LASS1, UOG1...",700,175,46,17,677,166,723,184
Mus musculus,hsa04071,50,CERS2,"CERS1, EPM8, GDF-1, GDF1, LAG1, LASS1, UOG1...",700,175,46,17,677,166,723,184
Mus musculus,hsa04071,50,CERS3,"CERS1, EPM8, GDF-1, GDF1, LAG1, LASS1, UOG1...",700,175,46,17,677,166,723,184
Mus musculus,hsa04071,51,DEGS1,"DEGS2, C14orf66, DES2, FADS8...",603,175,46,17,580,166,626,184
Mus musculus,hsa04071,56,ASAH1,"ACER1, ALKCDase1, ASAH3...",401,417,46,17,378,408,424,426
Mus musculus,hsa04071,61,CTSD,"CTSD, CLN10, CPSD, HEL-S-130P",559,350,46,17,536,342,582,358
Mus musculus,hsa04071,68,SMPD1,"SMPD1, ASM, ASMASE, NPD",588,261,46,17,565,252,611,270
Mus musculus,hsa04071,78,CERS1,"CERS1, EPM8, GDF-1, GDF1, LAG1, LASS1, UOG1...",467,417,46,17,444,408,490,426
Mus musculus,hsa04071,78,CERS2,"CERS1, EPM8, GDF-1, GDF1, LAG1, LASS1, UOG1...",467,417,46,17,444,408,490,426
Mus musculus,hsa04071,78,CERS3,"CERS1, EPM8, GDF-1, GDF1, LAG1, LASS1, UOG1...",467,417,46,17,444,408,490,426
Mus musculus,hsa04071,9,AKT2,"AKT3, MPPH, MPPH2, PKB-GAMMA, PKBG, PRKBG, RAC-PK-gamma, RAC-gamma, STK-2...",597,681,46,17,574,672,620,690
Mus musculus,hsa04071,97,AKT2,"AKT3, MPPH, MPPH2, PKB-GAMMA, PKBG, PRKBG, RAC-PK-gamma, RAC-gamma, STK-2...",761,460,46,17,738,452,784,468
Mus musculus,hsa04072,104,PLA2G4A,"PLA2G4B, HsT16992, cPLA2-beta...",863,385,46,17,840,376,886,394
Mus musculus,hsa04072,106,DGKE,DGKK...,905,537,46,17,882,528,928,546
Mus musculus,hsa04072,127,INS,"INS, IDDM, IDDM1, IDDM2, ILPR, IRDN, MODY10, PNDM4",113,377,46,17,90,368,136,386
Mus musculus,hsa04072,130,DNM1,"DNM1, DEE31, DEE31A, DEE31B, DNM, EIEE31...",200,723,46,17,177,714,223,732
Mus musculus,hsa04072,130,DNM2,"DNM1, DEE31, DEE31A, DEE31B, DNM, EIEE31...",200,723,46,17,177,714,223,732
Mus musculus,hsa04072,131,DNM1,"DNM1, DEE31, DEE31A, DEE31B, DNM, EIEE31...",200,759,46,17,177,750,223,768
Mus musculus,hsa04072,131,DNM2,"DNM1, DEE31, DEE31A, DEE31B, DNM, EIEE31...",200,759,46,17,177,750,223,768
Mus musculus,hsa04072,157,AGPAT2,"AGPAT1, 1-AGPAT1, G15, LPAAT-alpha, LPAATA, LPLAT1...",928,363,46,17,905,354,951,372
Mus musculus,hsa04072,18,AKT2,"AKT3, MPPH, MPPH2, PKB-GAMMA, PKBG, PRKBG, RAC-PK-gamma, RAC-gamma, STK-2...",605,263,46,17,582,254,628,272
Mus musculus,hsa04072,19,PIK3CA,"P3R3URF-PIK3R3, LOC110117498-PIK3R3...",394,263,46,17,371,254,417,272
Mus musculus,hsa04072,19,PIK3CD,"P3R3URF-PIK3R3, LOC110117498-PIK3R3...",394,263,46,17,371,254,417,272
Mus musculus,hsa04072,19,PIK3R1,"P3R3URF-PIK3R3, LOC110117498-PIK3R3...",394,263,46,17,371,254,417,272
Mus musculus,hsa04072,19,PIK3R2,"P3R3URF-PIK3R3, LOC110117498-PIK3R3...",394,263,46,17,371,254,417,272
Mus musculus,hsa04072,24,INSR,"EGFR, ERBB, ERBB1, ERRP, HER1, NISBD2, NNCIS, PIG61, mENA...",200,343,46,17,177,334,223,352
Mus musculus,hsa04072,36,GRM1,"LPAR6, ARWH1, HYPT8, LAH3, LPA-6, P2RY5, P2Y5...",200,640,46,17,177,632,223,648
Mus musculus,hsa04072,36,GRM6,"LPAR6, ARWH1, HYPT8, LAH3, LPA-6, P2RY5, P2Y5...",200,640,46,17,177,632,223,648
Mus musculus,hsa04072,36,LPAR6,"LPAR6, ARWH1, HYPT8, LAH3, LPA-6, P2RY5, P2Y5...",200,640,46,17,177,632,223,648
Mus musculus,hsa04072,37,PLCG2,"PLCG1, IDAA, NCKAP3, PLC-II, PLC1, PLC148, PLCgamma1...",392,345,46,17,369,336,415,354
Mus musculus,hsa04072,54,PLCB1,"PLCB1, DEE12, EIEE12, PI-PLC, PLC-154, PLC-I, PLC-beta-1, PLC154, PLCB1A, PLCB1B...",396,499,46,17,373,490,419,508
Mus musculus,hsa04072,54,PLCB3,"PLCB1, DEE12, EIEE12, PI-PLC, PLC-154, PLC-I, PLC-beta-1, PLC154, PLCB1A, PLCB1B...",396,499,46,17,373,490,419,508
Mus musculus,hsa04072,54,PLCB4,"PLCB1, DEE12, EIEE12, PI-PLC, PLC-154, PLC-I, PLC-beta-1, PLC154, PLCB1A, PLCB1B...",396,499,46,17,373,490,419,508
Mus musculus,hsa04072,78,PIP5K1C,"PIP5K1C, LCCS3, PIP5K-GAMMA, PIP5K1-gamma, PIP5Kgamma...",839,506,46,17,816,498,862,514
Mus musculus,hsa04072,83,PIK3R5,"PIK3R6, C17orf38, HsT41028, p84_PIKAP, p87(PIKAP), p87PIKAP...",477,565,46,17,454,556,500,574
Mus musculus,hsa04080,105,LPAR6,"LPAR6, ARWH1, HYPT8, LAH3, LPA-6, P2RY5, P2Y5...",612,998,46,17,589,990,635,1006
Mus musculus,hsa04080,128,MC2R,"MC1R, CMM5, MSH-R, SHEP2...",405,265,46,17,382,256,428,274
Mus musculus,hsa04080,242,CHRNE,"CHRNA1, ACHRA, ACHRD, CHRNA, CMS1A, CMS1B, CMS2A, FCCMS, SCCMS...",1232,251,46,17,1209,242,1255,260
Mus musculus,hsa04080,41,NR3C1,"NR3C1, GCCR, GCR, GCRST, GR, GRL",1232,772,46,17,1209,764,1255,780
Mus musculus,hsa04080,44,GLRA1,"GLRA1, HKPX1, STHE...",1233,517,46,17,1210,508,1256,526
Mus musculus,hsa04080,44,GLRB,"GLRA1, HKPX1, STHE...",1233,517,46,17,1210,508,1256,526
Mus musculus,hsa04080,45,GRIA2,"GRIN3A, GluN3A, NMDAR-L, NMDAR3A, NR3A...",1232,404,46,17,1209,396,1255,412
Mus musculus,hsa04080,45,GRIA3,"GRIN3A, GluN3A, NMDAR-L, NMDAR3A, NR3A...",1232,404,46,17,1209,396,1255,412
Mus musculus,hsa04080,45,GRIA4,"GRIN3A, GluN3A, NMDAR-L, NMDAR3A, NR3A...",1232,404,46,17,1209,396,1255,412
Mus musculus,hsa04080,45,GRID2,"GRIN3A, GluN3A, NMDAR-L, NMDAR3A, NR3A...",1232,404,46,17,1209,396,1255,412
Mus musculus,hsa04080,45,GRIN1,"GRIN3A, GluN3A, NMDAR-L, NMDAR3A, NR3A...",1232,404,46,17,1209,396,1255,412
Mus musculus,hsa04080,45,GRIN2A,"GRIN3A, GluN3A, NMDAR-L, NMDAR3A, NR3A...",1232,404,46,17,1209,396,1255,412
Mus musculus,hsa04080,45,GRIN2B,"GRIN3A, GluN3A, NMDAR-L, NMDAR3A, NR3A...",1232,404,46,17,1209,396,1255,412
Mus musculus,hsa04080,45,GRIN2D,"GRIN3A, GluN3A, NMDAR-L, NMDAR3A, NR3A...",1232,404,46,17,1209,396,1255,412
Mus musculus,hsa04080,47,GABRA1,GABRR3...,1232,196,46,17,1209,188,1255,204
Mus musculus,hsa04080,47,GABRA6,GABRR3...,1232,196,46,17,1209,188,1255,204
Mus musculus,hsa04080,47,GABRB1,GABRR3...,1232,196,46,17,1209,188,1255,204
Mus musculus,hsa04080,47,GABRB2,GABRR3...,1232,196,46,17,1209,188,1255,204
Mus musculus,hsa04080,47,GABRB3,GABRR3...,1232,196,46,17,1209,188,1255,204
Mus musculus,hsa04080,47,GABRD,GABRR3...,1232,196,46,17,1209,188,1255,204
Mus musculus,hsa04080,47,GABRG2,GABRR3...,1232,196,46,17,1209,188,1255,204
Mus musculus,hsa04080,48,GRIN1,"GRIN3A, GluN3A, NMDAR-L, NMDAR3A, NR3A...",1232,151,46,17,1209,142,1255,160
Mus musculus,hsa04080,48,GRIN2A,"GRIN3A, GluN3A, NMDAR-L, NMDAR3A, NR3A...",1232,151,46,17,1209,142,1255,160
Mus musculus,hsa04080,48,GRIN2B,"GRIN3A, GluN3A, NMDAR-L, NMDAR3A, NR3A...",1232,151,46,17,1209,142,1255,160
Mus musculus,hsa04080,48,GRIN2D,"GRIN3A, GluN3A, NMDAR-L, NMDAR3A, NR3A...",1232,151,46,17,1209,142,1255,160
Mus musculus,hsa04080,71,GABBR2,"GPR156, DFNB121, GABABL, PGR28...",1027,932,46,17,1004,924,1050,940
Mus musculus,hsa04080,72,GRM1,"GRM1, GPRC1A, MGLU1, MGLUR1, PPP1R85, SCA44, SCAR13...",1027,881,46,17,1004,872,1050,890
Mus musculus,hsa04080,72,GRM6,"GRM1, GPRC1A, MGLU1, MGLUR1, PPP1R85, SCA44, SCAR13...",1027,881,46,17,1004,872,1050,890
Mus musculus,hsa04081,170,PLCB1,"PLCB1, DEE12, EIEE12, PI-PLC, PLC-154, PLC-I, PLC-beta-1, PLC154, PLCB1A, PLCB1B...",357,527,46,17,334,518,380,536
Mus musculus,hsa04081,170,PLCB3,"PLCB1, DEE12, EIEE12, PI-PLC, PLC-154, PLC-I, PLC-beta-1, PLC154, PLCB1A, PLCB1B...",357,527,46,17,334,518,380,536
Mus musculus,hsa04081,170,PLCB4,"PLCB1, DEE12, EIEE12, PI-PLC, PLC-154, PLC-I, PLC-beta-1, PLC154, PLCB1A, PLCB1B...",357,527,46,17,334,518,380,536
Mus musculus,hsa04081,18,PLCB1,"PLCB1, DEE12, EIEE12, PI-PLC, PLC-154, PLC-I, PLC-beta-1, PLC154, PLCB1A, PLCB1B...",1041,365,46,17,1018,356,1064,374
Mus musculus,hsa04081,18,PLCB3,"PLCB1, DEE12, EIEE12, PI-PLC, PLC-154, PLC-I, PLC-beta-1, PLC154, PLCB1A, PLCB1B...",1041,365,46,17,1018,356,1064,374
Mus musculus,hsa04081,18,PLCB4,"PLCB1, DEE12, EIEE12, PI-PLC, PLC-154, PLC-I, PLC-beta-1, PLC154, PLCB1A, PLCB1B...",1041,365,46,17,1018,356,1064,374
Mus musculus,hsa04081,234,PLCB1,"PLCB1, DEE12, EIEE12, PI-PLC, PLC-154, PLC-I, PLC-beta-1, PLC154, PLCB1A, PLCB1B...",357,435,46,17,334,426,380,444
Mus musculus,hsa04081,234,PLCB3,"PLCB1, DEE12, EIEE12, PI-PLC, PLC-154, PLC-I, PLC-beta-1, PLC154, PLCB1A, PLCB1B...",357,435,46,17,334,426,380,444
Mus musculus,hsa04081,234,PLCB4,"PLCB1, DEE12, EIEE12, PI-PLC, PLC-154, PLC-I, PLC-beta-1, PLC154, PLCB1A, PLCB1B...",357,435,46,17,334,426,380,444
Mus musculus,hsa04081,288,HAMP,"HAMP, HEPC, HFE2B, LEAP1, PLTR",808,447,46,17,785,438,831,456
Mus musculus,hsa04081,289,SLC40A1,"SLC40A1, FPN, FPN1, HFE4, IREG1, MST079, MSTP079, MTP1, SLC11A3",889,458,46,17,866,450,912,466
Mus musculus,hsa04081,294,PIK3CA,"P3R3URF-PIK3R3, LOC110117498-PIK3R3...",1041,513,46,17,1018,504,1064,522
Mus musculus,hsa04081,294,PIK3CD,"P3R3URF-PIK3R3, LOC110117498-PIK3R3...",1041,513,46,17,1018,504,1064,522
Mus musculus,hsa04081,294,PIK3R1,"P3R3URF-PIK3R3, LOC110117498-PIK3R3...",1041,513,46,17,1018,504,1064,522
Mus musculus,hsa04081,294,PIK3R2,"P3R3URF-PIK3R3, LOC110117498-PIK3R3...",1041,513,46,17,1018,504,1064,522
Mus musculus,hsa04081,331,ESR1,"ESR1, ER, ESR, ESRA, ESTRR, Era, NR3A1...",889,1142,46,17,866,1134,912,1150
Mus musculus,hsa04081,331,ESR2,"ESR1, ER, ESR, ESRA, ESTRR, Era, NR3A1...",889,1142,46,17,866,1134,912,1150
Mus musculus,hsa04081,335,PIK3CA,"P3R3URF-PIK3R3, LOC110117498-PIK3R3...",1041,1142,46,17,1018,1134,1064,1150
Mus musculus,hsa04081,335,PIK3CD,"P3R3URF-PIK3R3, LOC110117498-PIK3R3...",1041,1142,46,17,1018,1134,1064,1150
Mus musculus,hsa04081,335,PIK3R1,"P3R3URF-PIK3R3, LOC110117498-PIK3R3...",1041,1142,46,17,1018,1134,1064,1150
Mus musculus,hsa04081,335,PIK3R2,"P3R3URF-PIK3R3, LOC110117498-PIK3R3...",1041,1142,46,17,1018,1134,1064,1150
Mus musculus,hsa04081,342,APPL1,"APPL1, APPL, DIP13alpha, MODY14",965,1200,46,17,942,1192,988,1208
Mus musculus,hsa04081,349,INS,"INS, IDDM, IDDM1, IDDM2, ILPR, IRDN, MODY10, PNDM4",808,549,46,17,785,540,831,558
Mus musculus,hsa04081,35,PLCB1,"PLCB1, DEE12, EIEE12, PI-PLC, PLC-154, PLC-I, PLC-beta-1, PLC154, PLCB1A, PLCB1B...",357,124,46,17,334,116,380,132
Mus musculus,hsa04081,35,PLCB3,"PLCB1, DEE12, EIEE12, PI-PLC, PLC-154, PLC-I, PLC-beta-1, PLC154, PLCB1A, PLCB1B...",357,124,46,17,334,116,380,132
Mus musculus,hsa04081,35,PLCB4,"PLCB1, DEE12, EIEE12, PI-PLC, PLC-154, PLC-I, PLC-beta-1, PLC154, PLCB1A, PLCB1B...",357,124,46,17,334,116,380,132
Mus musculus,hsa04081,350,INSR,"INSR, CD220, HHF5",889,549,46,17,866,540,912,558
Mus musculus,hsa04081,367,PLCB1,"PLCB1, DEE12, EIEE12, PI-PLC, PLC-154, PLC-I, PLC-beta-1, PLC154, PLCB1A, PLCB1B...",357,1250,46,17,334,1242,380,1258
Mus musculus,hsa04081,367,PLCB3,"PLCB1, DEE12, EIEE12, PI-PLC, PLC-154, PLC-I, PLC-beta-1, PLC154, PLCB1A, PLCB1B...",357,1250,46,17,334,1242,380,1258
Mus musculus,hsa04081,367,PLCB4,"PLCB1, DEE12, EIEE12, PI-PLC, PLC-154, PLC-I, PLC-beta-1, PLC154, PLCB1A, PLCB1B...",357,1250,46,17,334,1242,380,1258
Mus musculus,hsa04081,396,PLCB1,"PLCB1, DEE12, EIEE12, PI-PLC, PLC-154, PLC-I, PLC-beta-1, PLC154, PLCB1A, PLCB1B...",1041,216,46,17,1018,208,1064,224
Mus musculus,hsa04081,396,PLCB3,"PLCB1, DEE12, EIEE12, PI-PLC, PLC-154, PLC-I, PLC-beta-1, PLC154, PLCB1A, PLCB1B...",1041,216,46,17,1018,208,1064,224
Mus musculus,hsa04081,396,PLCB4,"PLCB1, DEE12, EIEE12, PI-PLC, PLC-154, PLC-I, PLC-beta-1, PLC154, PLCB1A, PLCB1B...",1041,216,46,17,1018,208,1064,224
Mus musculus,hsa04081,40,PLCB1,"PLCB1, DEE12, EIEE12, PI-PLC, PLC-154, PLC-I, PLC-beta-1, PLC154, PLCB1A, PLCB1B...",357,238,46,17,334,230,380,246
Mus musculus,hsa04081,40,PLCB3,"PLCB1, DEE12, EIEE12, PI-PLC, PLC-154, PLC-I, PLC-beta-1, PLC154, PLCB1A, PLCB1B...",357,238,46,17,334,230,380,246
Mus musculus,hsa04081,40,PLCB4,"PLCB1, DEE12, EIEE12, PI-PLC, PLC-154, PLC-I, PLC-beta-1, PLC154, PLCB1A, PLCB1B...",357,238,46,17,334,230,380,246
Mus musculus,hsa04081,426,PLCB1,"PLCB1, DEE12, EIEE12, PI-PLC, PLC-154, PLC-I, PLC-beta-1, PLC154, PLCB1A, PLCB1B...",1041,755,46,17,1018,746,1064,764
Mus musculus,hsa04081,426,PLCB3,"PLCB1, DEE12, EIEE12, PI-PLC, PLC-154, PLC-I, PLC-beta-1, PLC154, PLCB1A, PLCB1B...",1041,755,46,17,1018,746,1064,764
Mus musculus,hsa04081,426,PLCB4,"PLCB1, DEE12, EIEE12, PI-PLC, PLC-154, PLC-I, PLC-beta-1, PLC154, PLCB1A, PLCB1B...",1041,755,46,17,1018,746,1064,764
Mus musculus,hsa04081,429,PLCB1,"PLCB1, DEE12, EIEE12, PI-PLC, PLC-154, PLC-I, PLC-beta-1, PLC154, PLCB1A, PLCB1B...",1041,812,46,17,1018,804,1064,820
Mus musculus,hsa04081,429,PLCB3,"PLCB1, DEE12, EIEE12, PI-PLC, PLC-154, PLC-I, PLC-beta-1, PLC154, PLCB1A, PLCB1B...",1041,812,46,17,1018,804,1064,820
Mus musculus,hsa04081,429,PLCB4,"PLCB1, DEE12, EIEE12, PI-PLC, PLC-154, PLC-I, PLC-beta-1, PLC154, PLCB1A, PLCB1B...",1041,812,46,17,1018,804,1064,820
Mus musculus,hsa04081,434,PLCB1,"PLCB1, DEE12, EIEE12, PI-PLC, PLC-154, PLC-I, PLC-beta-1, PLC154, PLCB1A, PLCB1B...",1041,406,46,17,1018,398,1064,414
Mus musculus,hsa04081,434,PLCB3,"PLCB1, DEE12, EIEE12, PI-PLC, PLC-154, PLC-I, PLC-beta-1, PLC154, PLCB1A, PLCB1B...",1041,406,46,17,1018,398,1064,414
Mus musculus,hsa04081,434,PLCB4,"PLCB1, DEE12, EIEE12, PI-PLC, PLC-154, PLC-I, PLC-beta-1, PLC154, PLCB1A, PLCB1B...",1041,406,46,17,1018,398,1064,414
Mus musculus,hsa04081,443,HEPHL1,"HEPHL1, HJDD, ZP...",889,484,46,17,866,476,912,492
Mus musculus,hsa04081,446,PIK3CA,"P3R3URF-PIK3R3, LOC110117498-PIK3R3...",1041,549,46,17,1018,540,1064,558
Mus musculus,hsa04081,446,PIK3CD,"P3R3URF-PIK3R3, LOC110117498-PIK3R3...",1041,549,46,17,1018,540,1064,558
Mus musculus,hsa04081,446,PIK3R1,"P3R3URF-PIK3R3, LOC110117498-PIK3R3...",1041,549,46,17,1018,540,1064,558
Mus musculus,hsa04081,446,PIK3R2,"P3R3URF-PIK3R3, LOC110117498-PIK3R3...",1041,549,46,17,1018,540,1064,558
Mus musculus,hsa04081,55,PLCB1,"PLCB1, DEE12, EIEE12, PI-PLC, PLC-154, PLC-I, PLC-beta-1, PLC154, PLCB1A, PLCB1B...",357,491,46,17,334,482,380,500
Mus musculus,hsa04081,55,PLCB3,"PLCB1, DEE12, EIEE12, PI-PLC, PLC-154, PLC-I, PLC-beta-1, PLC154, PLCB1A, PLCB1B...",357,491,46,17,334,482,380,500
Mus musculus,hsa04081,55,PLCB4,"PLCB1, DEE12, EIEE12, PI-PLC, PLC-154, PLC-I, PLC-beta-1, PLC154, PLCB1A, PLCB1B...",357,491,46,17,334,482,380,500
Mus musculus,hsa04081,584,PLCB1,"PLCB1, DEE12, EIEE12, PI-PLC, PLC-154, PLC-I, PLC-beta-1, PLC154, PLCB1A, PLCB1B...",357,648,46,17,334,640,380,656
Mus musculus,hsa04081,584,PLCB3,"PLCB1, DEE12, EIEE12, PI-PLC, PLC-154, PLC-I, PLC-beta-1, PLC154, PLCB1A, PLCB1B...",357,648,46,17,334,640,380,656
Mus musculus,hsa04081,584,PLCB4,"PLCB1, DEE12, EIEE12, PI-PLC, PLC-154, PLC-I, PLC-beta-1, PLC154, PLCB1A, PLCB1B...",357,648,46,17,334,640,380,656
Mus musculus,hsa04081,594,PLCB1,"PLCB1, DEE12, EIEE12, PI-PLC, PLC-154, PLC-I, PLC-beta-1, PLC154, PLCB1A, PLCB1B...",281,1071,46,17,258,1062,304,1080
Mus musculus,hsa04081,594,PLCB3,"PLCB1, DEE12, EIEE12, PI-PLC, PLC-154, PLC-I, PLC-beta-1, PLC154, PLCB1A, PLCB1B...",281,1071,46,17,258,1062,304,1080
Mus musculus,hsa04081,594,PLCB4,"PLCB1, DEE12, EIEE12, PI-PLC, PLC-154, PLC-I, PLC-beta-1, PLC154, PLCB1A, PLCB1B...",281,1071,46,17,258,1062,304,1080
Mus musculus,hsa04081,60,PLCB1,"PLCB1, DEE12, EIEE12, PI-PLC, PLC-154, PLC-I, PLC-beta-1, PLC154, PLCB1A, PLCB1B...",357,589,46,17,334,580,380,598
Mus musculus,hsa04081,60,PLCB3,"PLCB1, DEE12, EIEE12, PI-PLC, PLC-154, PLC-I, PLC-beta-1, PLC154, PLCB1A, PLCB1B...",357,589,46,17,334,580,380,598
Mus musculus,hsa04081,60,PLCB4,"PLCB1, DEE12, EIEE12, PI-PLC, PLC-154, PLC-I, PLC-beta-1, PLC154, PLCB1A, PLCB1B...",357,589,46,17,334,580,380,598
Mus musculus,hsa04081,713,PLCB1,"PLCB1, DEE12, EIEE12, PI-PLC, PLC-154, PLC-I, PLC-beta-1, PLC154, PLCB1A, PLCB1B...",357,1174,46,17,334,1166,380,1182
Mus musculus,hsa04081,713,PLCB3,"PLCB1, DEE12, EIEE12, PI-PLC, PLC-154, PLC-I, PLC-beta-1, PLC154, PLCB1A, PLCB1B...",357,1174,46,17,334,1166,380,1182
Mus musculus,hsa04081,713,PLCB4,"PLCB1, DEE12, EIEE12, PI-PLC, PLC-154, PLC-I, PLC-beta-1, PLC154, PLCB1A, PLCB1B...",357,1174,46,17,334,1166,380,1182
Mus musculus,hsa04081,749,PLCB1,"PLCB1, DEE12, EIEE12, PI-PLC, PLC-154, PLC-I, PLC-beta-1, PLC154, PLCB1A, PLCB1B...",1041,602,46,17,1018,594,1064,610
Mus musculus,hsa04081,749,PLCB3,"PLCB1, DEE12, EIEE12, PI-PLC, PLC-154, PLC-I, PLC-beta-1, PLC154, PLCB1A, PLCB1B...",1041,602,46,17,1018,594,1064,610
Mus musculus,hsa04081,749,PLCB4,"PLCB1, DEE12, EIEE12, PI-PLC, PLC-154, PLC-I, PLC-beta-1, PLC154, PLCB1A, PLCB1B...",1041,602,46,17,1018,594,1064,610
Mus musculus,hsa04081,765,PLCB1,"PLCB1, DEE12, EIEE12, PI-PLC, PLC-154, PLC-I, PLC-beta-1, PLC154, PLCB1A, PLCB1B...",1041,728,46,17,1018,720,1064,736
Mus musculus,hsa04081,765,PLCB3,"PLCB1, DEE12, EIEE12, PI-PLC, PLC-154, PLC-I, PLC-beta-1, PLC154, PLCB1A, PLCB1B...",1041,728,46,17,1018,720,1064,736
Mus musculus,hsa04081,765,PLCB4,"PLCB1, DEE12, EIEE12, PI-PLC, PLC-154, PLC-I, PLC-beta-1, PLC154, PLCB1A, PLCB1B...",1041,728,46,17,1018,720,1064,736
Mus musculus,hsa04081,781,PLCB1,"PLCB1, DEE12, EIEE12, PI-PLC, PLC-154, PLC-I, PLC-beta-1, PLC154, PLCB1A, PLCB1B...",1041,959,46,17,1018,950,1064,968
Mus musculus,hsa04081,781,PLCB3,"PLCB1, DEE12, EIEE12, PI-PLC, PLC-154, PLC-I, PLC-beta-1, PLC154, PLCB1A, PLCB1B...",1041,959,46,17,1018,950,1064,968
Mus musculus,hsa04081,781,PLCB4,"PLCB1, DEE12, EIEE12, PI-PLC, PLC-154, PLC-I, PLC-beta-1, PLC154, PLCB1A, PLCB1B...",1041,959,46,17,1018,950,1064,968
Mus musculus,hsa04081,791,PLCB1,"PLCB1, DEE12, EIEE12, PI-PLC, PLC-154, PLC-I, PLC-beta-1, PLC154, PLCB1A, PLCB1B...",1041,1037,46,17,1018,1028,1064,1046
Mus musculus,hsa04081,791,PLCB3,"PLCB1, DEE12, EIEE12, PI-PLC, PLC-154, PLC-I, PLC-beta-1, PLC154, PLCB1A, PLCB1B...",1041,1037,46,17,1018,1028,1064,1046
Mus musculus,hsa04081,791,PLCB4,"PLCB1, DEE12, EIEE12, PI-PLC, PLC-154, PLC-I, PLC-beta-1, PLC154, PLCB1A, PLCB1B...",1041,1037,46,17,1018,1028,1064,1046
Mus musculus,hsa04081,82,PLCB1,"PLCB1, DEE12, EIEE12, PI-PLC, PLC-154, PLC-I, PLC-beta-1, PLC154, PLCB1A, PLCB1B...",357,321,46,17,334,312,380,330
Mus musculus,hsa04081,82,PLCB3,"PLCB1, DEE12, EIEE12, PI-PLC, PLC-154, PLC-I, PLC-beta-1, PLC154, PLCB1A, PLCB1B...",357,321,46,17,334,312,380,330
Mus musculus,hsa04081,82,PLCB4,"PLCB1, DEE12, EIEE12, PI-PLC, PLC-154, PLC-I, PLC-beta-1, PLC154, PLCB1A, PLCB1B...",357,321,46,17,334,312,380,330
Mus musculus,hsa04081,842,MC2R,"MC1R, CMM5, MSH-R, SHEP2...",205,893,46,17,182,884,228,902
Mus musculus,hsa04081,856,PLCB1,"PLCB1, DEE12, EIEE12, PI-PLC, PLC-154, PLC-I, PLC-beta-1, PLC154, PLCB1A, PLCB1B...",357,842,46,17,334,834,380,850
Mus musculus,hsa04081,856,PLCB3,"PLCB1, DEE12, EIEE12, PI-PLC, PLC-154, PLC-I, PLC-beta-1, PLC154, PLCB1A, PLCB1B...",357,842,46,17,334,834,380,850
Mus musculus,hsa04081,856,PLCB4,"PLCB1, DEE12, EIEE12, PI-PLC, PLC-154, PLC-I, PLC-beta-1, PLC154, PLCB1A, PLCB1B...",357,842,46,17,334,834,380,850
Mus musculus,hsa04081,878,PLCB1,"PLCB1, DEE12, EIEE12, PI-PLC, PLC-154, PLC-I, PLC-beta-1, PLC154, PLCB1A, PLCB1B...",357,710,46,17,334,702,380,718
Mus musculus,hsa04081,878,PLCB3,"PLCB1, DEE12, EIEE12, PI-PLC, PLC-154, PLC-I, PLC-beta-1, PLC154, PLCB1A, PLCB1B...",357,710,46,17,334,702,380,718
Mus musculus,hsa04081,878,PLCB4,"PLCB1, DEE12, EIEE12, PI-PLC, PLC-154, PLC-I, PLC-beta-1, PLC154, PLCB1A, PLCB1B...",357,710,46,17,334,702,380,718
Mus musculus,hsa04081,885,PLCB1,"PLCB1, DEE12, EIEE12, PI-PLC, PLC-154, PLC-I, PLC-beta-1, PLC154, PLCB1A, PLCB1B...",357,914,46,17,334,906,380,922
Mus musculus,hsa04081,885,PLCB3,"PLCB1, DEE12, EIEE12, PI-PLC, PLC-154, PLC-I, PLC-beta-1, PLC154, PLCB1A, PLCB1B...",357,914,46,17,334,906,380,922
Mus musculus,hsa04081,885,PLCB4,"PLCB1, DEE12, EIEE12, PI-PLC, PLC-154, PLC-I, PLC-beta-1, PLC154, PLCB1A, PLCB1B...",357,914,46,17,334,906,380,922
Mus musculus,hsa04082,106,SLC6A3,"SLC6A3, DAT, DAT1, PKDYS, PKDYS1",302,1005,46,17,279,996,325,1014
Mus musculus,hsa04082,107,SLC18A2,"SLC18A1, CGAT, VAT1, VMAT1...",526,1005,46,17,503,996,549,1014
Mus musculus,hsa04082,117,PLCB1,"PLCB1, DEE12, EIEE12, PI-PLC, PLC-154, PLC-I, PLC-beta-1, PLC154, PLCB1A, PLCB1B...",473,894,46,17,450,886,496,902
Mus musculus,hsa04082,117,PLCB3,"PLCB1, DEE12, EIEE12, PI-PLC, PLC-154, PLC-I, PLC-beta-1, PLC154, PLCB1A, PLCB1B...",473,894,46,17,450,886,496,902
Mus musculus,hsa04082,117,PLCB4,"PLCB1, DEE12, EIEE12, PI-PLC, PLC-154, PLC-I, PLC-beta-1, PLC154, PLCB1A, PLCB1B...",473,894,46,17,450,886,496,902
Mus musculus,hsa04082,154,SLC18A2,"SLC18A1, CGAT, VAT1, VMAT1...",526,1250,46,17,503,1242,549,1258
Mus musculus,hsa04082,156,PLCB1,"PLCB1, DEE12, EIEE12, PI-PLC, PLC-154, PLC-I, PLC-beta-1, PLC154, PLCB1A, PLCB1B...",473,1087,46,17,450,1078,496,1096
Mus musculus,hsa04082,156,PLCB3,"PLCB1, DEE12, EIEE12, PI-PLC, PLC-154, PLC-I, PLC-beta-1, PLC154, PLCB1A, PLCB1B...",473,1087,46,17,450,1078,496,1096
Mus musculus,hsa04082,156,PLCB4,"PLCB1, DEE12, EIEE12, PI-PLC, PLC-154, PLC-I, PLC-beta-1, PLC154, PLCB1A, PLCB1B...",473,1087,46,17,450,1078,496,1096
Mus musculus,hsa04082,174,PLCB1,"PLCB1, DEE12, EIEE12, PI-PLC, PLC-154, PLC-I, PLC-beta-1, PLC154, PLCB1A, PLCB1B...",1113,135,46,17,1090,126,1136,144
Mus musculus,hsa04082,174,PLCB3,"PLCB1, DEE12, EIEE12, PI-PLC, PLC-154, PLC-I, PLC-beta-1, PLC154, PLCB1A, PLCB1B...",1113,135,46,17,1090,126,1136,144
Mus musculus,hsa04082,174,PLCB4,"PLCB1, DEE12, EIEE12, PI-PLC, PLC-154, PLC-I, PLC-beta-1, PLC154, PLCB1A, PLCB1B...",1113,135,46,17,1090,126,1136,144
Mus musculus,hsa04082,194,SLC6A2,"SLC6A2, NAT1, NET, NET1, SLC6A5",942,246,46,17,919,238,965,254
Mus musculus,hsa04082,200,SLC18A2,"SLC18A1, CGAT, VAT1, VMAT1...",1166,246,46,17,1143,238,1189,254
Mus musculus,hsa04082,202,PLCB1,"PLCB1, DEE12, EIEE12, PI-PLC, PLC-154, PLC-I, PLC-beta-1, PLC154, PLCB1A, PLCB1B...",1113,540,46,17,1090,532,1136,548
Mus musculus,hsa04082,202,PLCB3,"PLCB1, DEE12, EIEE12, PI-PLC, PLC-154, PLC-I, PLC-beta-1, PLC154, PLCB1A, PLCB1B...",1113,540,46,17,1090,532,1136,548
Mus musculus,hsa04082,202,PLCB4,"PLCB1, DEE12, EIEE12, PI-PLC, PLC-154, PLC-I, PLC-beta-1, PLC154, PLCB1A, PLCB1B...",1113,540,46,17,1090,532,1136,548
Mus musculus,hsa04082,21,GRIA2,"GRIA1, GLUH1, GLUR1, GLURA, GluA1, HBGR1, MRD67, MRT76...",303,275,46,17,280,266,326,284
Mus musculus,hsa04082,21,GRIA3,"GRIA1, GLUH1, GLUR1, GLURA, GluA1, HBGR1, MRD67, MRT76...",303,275,46,17,280,266,326,284
Mus musculus,hsa04082,21,GRIA4,"GRIA1, GLUH1, GLUR1, GLURA, GluA1, HBGR1, MRD67, MRT76...",303,275,46,17,280,266,326,284
Mus musculus,hsa04082,22,GRIN1,"GRIN3A, GluN3A, NMDAR-L, NMDAR3A, NR3A...",303,241,46,17,280,232,326,250
Mus musculus,hsa04082,22,GRIN2A,"GRIN3A, GluN3A, NMDAR-L, NMDAR3A, NR3A...",303,241,46,17,280,232,326,250
Mus musculus,hsa04082,22,GRIN2B,"GRIN3A, GluN3A, NMDAR-L, NMDAR3A, NR3A...",303,241,46,17,280,232,326,250
Mus musculus,hsa04082,22,GRIN2D,"GRIN3A, GluN3A, NMDAR-L, NMDAR3A, NR3A...",303,241,46,17,280,232,326,250
Mus musculus,hsa04082,23,GRM1,"GRM1, GPRC1A, MGLU1, MGLUR1, PPP1R85, SCA44, SCAR13...",302,141,46,17,279,132,325,150
Mus musculus,hsa04082,24,GRM6,"GRM2, GLUR2, GPRC1B, MGLUR2, mGlu2...",302,197,46,17,279,188,325,206
Mus musculus,hsa04082,256,PLCB1,"PLCB1, DEE12, EIEE12, PI-PLC, PLC-154, PLC-I, PLC-beta-1, PLC154, PLCB1A, PLCB1B...",1113,344,46,17,1090,336,1136,352
Mus musculus,hsa04082,256,PLCB3,"PLCB1, DEE12, EIEE12, PI-PLC, PLC-154, PLC-I, PLC-beta-1, PLC154, PLCB1A, PLCB1B...",1113,344,46,17,1090,336,1136,352
Mus musculus,hsa04082,256,PLCB4,"PLCB1, DEE12, EIEE12, PI-PLC, PLC-154, PLC-I, PLC-beta-1, PLC154, PLCB1A, PLCB1B...",1113,344,46,17,1090,336,1136,352
Mus musculus,hsa04082,283,SLC18A2,"SLC18A1, CGAT, VAT1, VMAT1...",1165,450,46,17,1142,442,1188,458
Mus musculus,hsa04082,286,GLRA1,"GLRA1, HKPX1, STHE...",302,570,46,17,279,562,325,578
Mus musculus,hsa04082,286,GLRB,"GLRA1, HKPX1, STHE...",302,570,46,17,279,562,325,578
Mus musculus,hsa04082,288,SLC6A5,"SLC6A9, GCENSG, GLYT1...",302,615,46,17,279,606,325,624
Mus musculus,hsa04082,288,SLC6A9,"SLC6A9, GCENSG, GLYT1...",302,615,46,17,279,606,325,624
Mus musculus,hsa04082,31,PLCB1,"PLCB1, DEE12, EIEE12, PI-PLC, PLC-154, PLC-I, PLC-beta-1, PLC154, PLCB1A, PLCB1B...",473,125,46,17,450,116,496,134
Mus musculus,hsa04082,31,PLCB3,"PLCB1, DEE12, EIEE12, PI-PLC, PLC-154, PLC-I, PLC-beta-1, PLC154, PLCB1A, PLCB1B...",473,125,46,17,450,116,496,134
Mus musculus,hsa04082,31,PLCB4,"PLCB1, DEE12, EIEE12, PI-PLC, PLC-154, PLC-I, PLC-beta-1, PLC154, PLCB1A, PLCB1B...",473,125,46,17,450,116,496,134
Mus musculus,hsa04082,328,PLCB1,"PLCB1, DEE12, EIEE12, PI-PLC, PLC-154, PLC-I, PLC-beta-1, PLC154, PLCB1A, PLCB1B...",1113,1067,46,17,1090,1058,1136,1076
Mus musculus,hsa04082,328,PLCB3,"PLCB1, DEE12, EIEE12, PI-PLC, PLC-154, PLC-I, PLC-beta-1, PLC154, PLCB1A, PLCB1B...",1113,1067,46,17,1090,1058,1136,1076
Mus musculus,hsa04082,328,PLCB4,"PLCB1, DEE12, EIEE12, PI-PLC, PLC-154, PLC-I, PLC-beta-1, PLC154, PLCB1A, PLCB1B...",1113,1067,46,17,1090,1058,1136,1076
Mus musculus,hsa04082,362,CHAT,"CHAT, CHOACTASE, CMS1A, CMS1A2, CMS6",431,813,46,17,408,804,454,822
Mus musculus,hsa04082,46,SLC1A1,"SLC1A1, DCBXA, EAAC1, EAAT3, SCZD18, hEAAC1...",302,350,46,17,279,342,325,358
Mus musculus,hsa04082,46,SLC1A2,"SLC1A1, DCBXA, EAAC1, EAAT3, SCZD18, hEAAC1...",302,350,46,17,279,342,325,358
Mus musculus,hsa04082,46,SLC1A3,"SLC1A1, DCBXA, EAAC1, EAAT3, SCZD18, hEAAC1...",302,350,46,17,279,342,325,358
Mus musculus,hsa04082,58,GABBR2,"GABBR1, GABABR1, GABBR1-3, GB1, GPRC3A, NEDLC...",302,420,46,17,279,412,325,428
Mus musculus,hsa04082,62,SLC6A1,"SLC6A1, GABATHG, GABATR, GAT1, MAE, hGAT-1...",302,501,46,17,279,492,325,510
Mus musculus,hsa04082,64,GABRA1,GABRR3...,302,461,46,17,279,452,325,470
Mus musculus,hsa04082,64,GABRA6,GABRR3...,302,461,46,17,279,452,325,470
Mus musculus,hsa04082,64,GABRB1,GABRR3...,302,461,46,17,279,452,325,470
Mus musculus,hsa04082,64,GABRB2,GABRR3...,302,461,46,17,279,452,325,470
Mus musculus,hsa04082,64,GABRB3,GABRR3...,302,461,46,17,279,452,325,470
Mus musculus,hsa04082,64,GABRD,GABRR3...,302,461,46,17,279,452,325,470
Mus musculus,hsa04082,64,GABRG2,GABRR3...,302,461,46,17,279,452,325,470
Mus musculus,hsa04082,86,PLCB1,"PLCB1, DEE12, EIEE12, PI-PLC, PLC-154, PLC-I, PLC-beta-1, PLC154, PLCB1A, PLCB1B...",473,676,46,17,450,668,496,684
Mus musculus,hsa04082,86,PLCB3,"PLCB1, DEE12, EIEE12, PI-PLC, PLC-154, PLC-I, PLC-beta-1, PLC154, PLCB1A, PLCB1B...",473,676,46,17,450,668,496,684
Mus musculus,hsa04082,86,PLCB4,"PLCB1, DEE12, EIEE12, PI-PLC, PLC-154, PLC-I, PLC-beta-1, PLC154, PLCB1A, PLCB1B...",473,676,46,17,450,668,496,684
Mus musculus,hsa04082,97,SLC5A7,"SLC5A7, CHT, CHT1, CMS20, DHMNVP, HMN7A, HMND7, hCHT1",302,801,46,17,279,792,325,810
Mus musculus,hsa04114,105,ITPR1,"ITPR1, ACV, CLA4, INSP3R1, IP3R, IP3R1, PPP1R94, SCA15, SCA16, SCA29...",1130,341,46,17,1107,332,1153,350
Mus musculus,hsa04114,105,ITPR2,"ITPR1, ACV, CLA4, INSP3R1, IP3R, IP3R1, PPP1R94, SCA15, SCA16, SCA29...",1130,341,46,17,1107,332,1153,350
Mus musculus,hsa04114,181,AR,"AR, AIS, AR8, DHTR, HUMARA, HYSP1, KD, NR3C4, SBMA, SMAX1, TFM",255,154,46,17,232,146,278,162
Mus musculus,hsa04114,183,INS,"INS, IDDM, IDDM1, IDDM2, ILPR, IRDN, MODY10, PNDM4",73,103,46,17,50,94,96,112
Mus musculus,hsa04115,142,GORAB,"GORAB, GO, NTKLBP1, SCYL1BP1",305,381,46,17,282,372,328,390
Mus musculus,hsa04115,22,RRM2B,"RRM2B, MTDPS8A, MTDPS8B, P53R2, RCDFRD...",617,590,46,17,594,582,640,598
Mus musculus,hsa04115,24,STEAP3,"STEAP3, AHMIO2, STMP3, TSAP6, dudlin-2, dudulin-2, pHyde",564,670,46,17,541,662,587,678
Mus musculus,hsa04115,25,PTEN,"PTEN, 10q23del, BZS, CWS1, DEC, GLM2, MHAM, MMAC1, PTEN1, PTENbeta, TEP1",564,631,46,17,541,622,587,640
Mus musculus,hsa04115,47,CYCS,"CYCS, CYC, HCS, THC4",907,342,46,17,884,334,930,350
Mus musculus,hsa04120,78,NHLRC1,"NHLRC1, EPM2A, EPM2B, MALIN, MELF2, bA204B7.2",885,649,46,17,862,640,908,658
Mus musculus,hsa04120,88,PRKN,"PRKN, AR-JP, LPRS2, PARK2, PDJ",735,627,46,17,712,618,758,636
Mus musculus,hsa04122,115,NFS1,"NFS1, COXPD52, HUSSY-08, IscS, NIFS",818,435,46,17,795,426,841,444
Mus musculus,hsa04122,116,MOCS2,"MOCS2, MCBPE, MOCO1, MOCODB, MPTS",888,472,46,17,865,464,911,480
Mus musculus,hsa04122,117,MOCS3,"MOCS3, UBA4",818,471,46,17,795,462,841,480
Mus musculus,hsa04122,37,MOCS3,"MOCS3, UBA4",294,471,46,17,271,462,317,480
Mus musculus,hsa04122,39,NFS1,"NFS1, COXPD52, HUSSY-08, IscS, NIFS",293,398,46,17,270,390,316,406
Mus musculus,hsa04122,43,MPST,"MPST, MST, TST2, TUM1...",292,434,46,17,269,426,315,442
Mus musculus,hsa04122,65,NFS1,"NFS1, COXPD52, HUSSY-08, IscS, NIFS",294,592,46,17,271,584,317,600
Mus musculus,hsa04122,81,NFS1,"NFS1, COXPD52, HUSSY-08, IscS, NIFS",818,683,46,17,795,674,841,692
Mus musculus,hsa04122,92,NFS1,"NFS1, COXPD52, HUSSY-08, IscS, NIFS",818,552,46,17,795,544,841,560
Mus musculus,hsa04122,93,MOCS2,"MOCS2, MCBPE, MOCO1, MOCODB, MPTS",888,588,46,17,865,580,911,596
Mus musculus,hsa04130,117,VAMP1,"VAMP1, CMS25, SAX1, SPAX1, SYB1, VAMP-1...",143,297,46,17,120,288,166,306
Mus musculus,hsa04130,117,VAMP2,"VAMP1, CMS25, SAX1, SPAX1, SYB1, VAMP-1...",143,297,46,17,120,288,166,306
Mus musculus,hsa04130,54,GOSR2,"GOSR2, Bos1, EPM6, GS27, MYOS",281,547,46,17,258,538,304,556
Mus musculus,hsa04130,56,SNAP29,"SNAP29, CEDNIK, SNAP-29",330,453,46,17,307,444,353,462
Mus musculus,hsa04130,59,STX11,STX19...,281,433,46,17,258,424,304,442
Mus musculus,hsa04130,69,STX1B,"STX1B, GEFSP9, STX1B1, STX1B2...",257,167,46,17,234,158,280,176
Mus musculus,hsa04130,70,STX1B,"STX1B, GEFSP9, STX1B1, STX1B2...",109,200,46,17,86,192,132,208
Mus musculus,hsa04136,65,ATG5,"ATG5, APG5, APG5-LIKE, APG5L, ASP, SCAR25, hAPG5",388,541,46,17,365,532,411,550
Mus musculus,hsa04136,67,ATG5,"ATG5, APG5, APG5-LIKE, APG5L, ASP, SCAR25, hAPG5",590,549,46,17,567,540,613,558
Mus musculus,hsa04136,69,ATG5,"ATG5, APG5, APG5-LIKE, APG5L, ASP, SCAR25, hAPG5",301,586,46,17,278,578,324,594
Mus musculus,hsa04137,153,PINK1,"PINK1, BRPK, PARK6",334,251,46,17,311,242,357,260
Mus musculus,hsa04137,154,PRKN,"PRKN, AR-JP, LPRS2, PARK2, PDJ",490,251,46,17,467,242,513,260
Mus musculus,hsa04137,158,TBK1,"TBK1, AIARV, FTDALS4, IIAE8, NAK, T2K",728,255,46,17,705,246,751,264
Mus musculus,hsa04137,243,MFN2,"FKBP8, FKBP38, FKBPr38...",664,287,46,17,641,278,687,296
Mus musculus,hsa04137,243,TOMM70,"FKBP8, FKBP38, FKBPr38...",664,287,46,17,641,278,687,296
Mus musculus,hsa04137,244,MFN2,"MFN2, CMT2A, CMT2A2, CMT2A2A, CMT2A2B, CPRP1, HMSN6A, HSG, MARF, MSL",739,417,46,17,716,408,762,426
Mus musculus,hsa04137,246,OPA1,"OPA1, BERHS, MGM1, MTDPS14, NPG, NTG, largeG",739,388,46,17,716,380,762,396
Mus musculus,hsa04137,285,RAB7A,"RAB7B, RAB7...",745,894,46,17,722,886,768,902
Mus musculus,hsa04137,286,RAB7A,"RAB7B, RAB7...",824,894,46,17,801,886,847,902
Mus musculus,hsa04137,300,PRKN,"PRKN, AR-JP, LPRS2, PARK2, PDJ",234,906,46,17,211,898,257,914
Mus musculus,hsa04137,302,PRKN,"PRKN, AR-JP, LPRS2, PARK2, PDJ",439,655,46,17,416,646,462,664
Mus musculus,hsa04137,315,TOMM70,"TOMM70, TOMM70A, Tom70",357,296,46,17,334,288,380,304
Mus musculus,hsa04140,253,INS,"INS, IDDM, IDDM1, IDDM2, ILPR, IRDN, MODY10, PNDM4",78,137,46,17,55,128,101,146
Mus musculus,hsa04140,255,PIK3CA,"P3R3URF-PIK3R3, LOC110117498-PIK3R3...",235,146,46,17,212,138,258,154
Mus musculus,hsa04140,255,PIK3CD,"P3R3URF-PIK3R3, LOC110117498-PIK3R3...",235,146,46,17,212,138,258,154
Mus musculus,hsa04140,255,PIK3R1,"P3R3URF-PIK3R3, LOC110117498-PIK3R3...",235,146,46,17,212,138,258,154
Mus musculus,hsa04140,255,PIK3R2,"P3R3URF-PIK3R3, LOC110117498-PIK3R3...",235,146,46,17,212,138,258,154
Mus musculus,hsa04140,256,PTEN,"PTEN, 10q23del, BZS, CWS1, DEC, GLM2, MHAM, MMAC1, PTEN1, PTENbeta, PTENgama, TEP1",302,113,46,17,279,104,325,122
Mus musculus,hsa04140,258,AKT2,"AKT3, MPPH, MPPH2, PKB-GAMMA, PKBG, PRKBG, RAC-PK-gamma, RAC-gamma, STK-2...",456,147,46,17,433,138,479,156
Mus musculus,hsa04140,289,WDR45,"WDR45, JM5, NBIA4, NBIA5, WDRX1, WIPI-4, WIPI4...",1064,351,46,17,1041,342,1087,360
Mus musculus,hsa04140,302,ITPR1,"ITPR1, ACV, CLA4, INSP3R1, IP3R, IP3R1, PPP1R94, SCA15, SCA16, SCA29",630,558,46,17,607,550,653,566
Mus musculus,hsa04140,315,RUBCN,"RUBCN, KIAA0226, RUBICON, SCAR15",959,609,46,17,936,600,982,618
Mus musculus,hsa04140,327,ATG5,"ATG5, APG5, APG5-LIKE, APG5L, ASP, SCAR25, hAPG5",772,808,46,17,749,800,795,816
Mus musculus,hsa04140,331,ATG5,"ATG5, APG5, APG5-LIKE, APG5L, ASP, SCAR25, hAPG5",1023,817,46,17,1000,808,1046,826
Mus musculus,hsa04140,332,ATG5,"ATG5, APG5, APG5-LIKE, APG5L, ASP, SCAR25, hAPG5",688,854,46,17,665,846,711,862
Mus musculus,hsa04140,349,CTSD,"CTSD, CLN10, CPSD, HEL-S-130P",779,1251,46,17,756,1242,802,1260
Mus musculus,hsa04140,351,CTSB,"CTSB, APPS, CPSB, KWE, RECEUP",779,1311,46,17,756,1302,802,1320
Mus musculus,hsa04140,377,TBK1,"TBK1, AIARV, FTDALS4, IIAE8, NAK, T2K",880,230,46,17,857,222,903,238
Mus musculus,hsa04140,387,EPG5,"EPG5, HEEW1, KIAA1632, VICIS",1012,1192,46,17,989,1184,1035,1200
Mus musculus,hsa04140,388,RAB7A,"RAB7B, RAB7...",1083,1213,46,17,1060,1204,1106,1222
Mus musculus,hsa04140,391,VPS11,"VPS39, TLP, VAM6, hVam6p...",1012,1234,46,17,989,1226,1035,1242
Mus musculus,hsa04140,391,VPS33A,"VPS39, TLP, VAM6, hVam6p...",1012,1234,46,17,989,1226,1035,1242
Mus musculus,hsa04140,394,LAMP2,"LAMP1, CD107a, LAMPA, LGP120...",1083,1276,46,17,1060,1268,1106,1284
Mus musculus,hsa04140,407,SNAP29,"SNAP29, CEDNIK, SNAP-29",1012,1132,46,17,989,1124,1035,1140
Mus musculus,hsa04140,411,SNAP29,"SNAP29, CEDNIK, SNAP-29",1012,1155,46,17,989,1146,1035,1164
Mus musculus,hsa04141,105,MAN1B1,"MAN1A2, MAN1B...",594,400,46,17,571,392,617,408
Mus musculus,hsa04141,137,MBTPS1,"MBTPS1, CAOP, PCSK8, S1P, SEDKF, SKI-1",451,535,46,17,428,526,474,544
Mus musculus,hsa04141,165,NGLY1,"NGLY1, CDDG, CDG1V, PNG-1, PNG1, PNGase",1010,410,46,17,987,402,1033,418
Mus musculus,hsa04141,183,DNAJC5,"DNAJA2, CPR3, DJ3, DJA2, DNAJ, DNJ3, HIRIP4, PRO3015, RDJ2...",1018,604,46,17,995,596,1041,612
Mus musculus,hsa04141,191,DNAJC5,"DNAJA2, CPR3, DJ3, DJA2, DNAJ, DNJ3, HIRIP4, PRO3015, RDJ2...",917,285,46,17,894,276,940,294
Mus musculus,hsa04141,208,NFE2L2,"NFE2L2, HEBP1, IMDDHH, NRF2, Nrf-2",350,535,46,17,327,526,373,544
Mus musculus,hsa04141,212,SAR1B,"SAR1B, ANDD, CMRD, GTBPB, SARA2...",748,160,46,17,725,152,771,168
Mus musculus,hsa04141,227,PRKN,"PRKN, AR-JP, LPRS2, PARK2, PDJ",1074,621,46,17,1051,612,1097,630
Mus musculus,hsa04141,238,MOGS,"MOGS, CDG2B, CWH41, DER7, GCS1",137,246,46,17,114,238,160,254
Mus musculus,hsa04141,241,BCAP31,"BCAP31, 6C6-AG, BAP31, CDM, DDCH, DELXQ28, DXS1357E, MICRODELXq28...",767,400,46,17,744,392,790,408
Mus musculus,hsa04141,242,SSR3,"SSR1, TRAPA...",721,430,46,17,698,422,744,438
Mus musculus,hsa04141,242,SSR4,"SSR1, TRAPA...",721,430,46,17,698,422,744,438
Mus musculus,hsa04141,65,DDOST,"DAD1, OST2...",137,230,46,17,114,222,160,238
Mus musculus,hsa04141,65,MAGT1,"DAD1, OST2...",137,230,46,17,114,222,160,238
Mus musculus,hsa04141,65,OSTC,"DAD1, OST2...",137,230,46,17,114,222,160,238
Mus musculus,hsa04141,65,STT3A,"DAD1, OST2...",137,230,46,17,114,222,160,238
Mus musculus,hsa04141,65,STT3B,"DAD1, OST2...",137,230,46,17,114,222,160,238
Mus musculus,hsa04141,65,TUSC3,"DAD1, OST2...",137,230,46,17,114,222,160,238
Mus musculus,hsa04141,80,SEC23A,"SEC24B, SEC24...",794,160,46,17,771,152,817,168
Mus musculus,hsa04141,80,SEC23B,"SEC24B, SEC24...",794,160,46,17,771,152,817,168
Mus musculus,hsa04141,84,LMAN1,"LMAN1, ERGIC-53, ERGIC53, F5F8D, FMFD1, MCFD1, MR60, gp58",665,198,46,17,642,190,688,206
Mus musculus,hsa04141,92,MAN1B1,"MAN1A2, MAN1B...",566,178,46,17,543,170,589,186
Mus musculus,hsa04141,93,GANAB,"GANAB, G2AN, GIIA, GIIalpha, GLUII, PKD3...",367,178,46,17,344,170,390,186
Mus musculus,hsa04141,93,PRKCSH,"GANAB, G2AN, GIIA, GIIalpha, GLUII, PKD3...",367,178,46,17,344,170,390,186
Mus musculus,hsa04141,94,GANAB,"GANAB, G2AN, GIIA, GIIalpha, GLUII, PKD3...",502,276,46,17,479,268,525,284
Mus musculus,hsa04141,94,PRKCSH,"GANAB, G2AN, GIIA, GIIalpha, GLUII, PKD3...",502,276,46,17,479,268,525,284
Mus musculus,hsa04141,95,MOGS,"MOGS, CDG2B, CWH41, DER7, GCS1",367,144,46,17,344,136,390,152
Mus musculus,hsa04142,332,CTSA,"CTSC, CPPI, DPP-I, DPP1, DPPI, HMS, JP, JPD, PALS, PDON1, PLS...",469,1268,46,17,446,1260,492,1276
Mus musculus,hsa04142,332,CTSB,"CTSC, CPPI, DPP-I, DPP1, DPPI, HMS, JP, JPD, PALS, PDON1, PLS...",469,1268,46,17,446,1260,492,1276
Mus musculus,hsa04142,332,CTSC,"CTSC, CPPI, DPP-I, DPP1, DPPI, HMS, JP, JPD, PALS, PDON1, PLS...",469,1268,46,17,446,1260,492,1276
Mus musculus,hsa04142,332,CTSD,"CTSC, CPPI, DPP-I, DPP1, DPPI, HMS, JP, JPD, PALS, PDON1, PLS...",469,1268,46,17,446,1260,492,1276
Mus musculus,hsa04142,332,CTSF,"CTSC, CPPI, DPP-I, DPP1, DPPI, HMS, JP, JPD, PALS, PDON1, PLS...",469,1268,46,17,446,1260,492,1276
Mus musculus,hsa04142,332,CTSK,"CTSC, CPPI, DPP-I, DPP1, DPPI, HMS, JP, JPD, PALS, PDON1, PLS...",469,1268,46,17,446,1260,492,1276
Mus musculus,hsa04142,335,TPP1,"TPP1, CLN2, GIG1, LPIC, SCAR7, TPP-1",634,1268,46,17,611,1260,657,1276
Mus musculus,hsa04142,336,GLA,"GLA, GALA",469,1310,46,17,446,1302,492,1318
Mus musculus,hsa04142,337,GLB1,"GLB1, EBP, ELNR1, MPS4B",524,1310,46,17,501,1302,547,1318
Mus musculus,hsa04142,338,GAA,"GAA, LYAG",579,1310,46,17,556,1302,602,1318
Mus musculus,hsa04142,340,HEXA,"HEXA, TSD...",469,1356,46,17,446,1348,492,1364
Mus musculus,hsa04142,340,HEXB,"HEXA, TSD...",469,1356,46,17,446,1348,492,1364
Mus musculus,hsa04142,341,MANBA,"MANBA, MANB1",524,1356,46,17,501,1348,547,1364
Mus musculus,hsa04142,342,MAN2B1,"MAN2B1, LAMAN, MANB",579,1356,46,17,556,1348,602,1364
Mus musculus,hsa04142,343,NAGA,"NAGA, D22S674, GALB",469,1333,46,17,446,1324,492,1342
Mus musculus,hsa04142,344,GUSB,"GUSB, BG, MPS7",634,1333,46,17,611,1324,657,1342
Mus musculus,hsa04142,345,NEU1,"NEU1, NANH, NEU, SIAL1",634,1356,46,17,611,1348,657,1364
Mus musculus,hsa04142,346,GALC,GALC,579,1333,46,17,556,1324,602,1342
Mus musculus,hsa04142,347,NAGLU,"NAGLU, CMT2V, MPS-IIIB, MPS3B, NAG, UFHSD",524,1333,46,17,501,1324,547,1342
Mus musculus,hsa04142,348,IDUA,"IDUA, IDA, MPS1, MPSI",689,1310,46,17,666,1302,712,1318
Mus musculus,hsa04142,349,FUCA1,"FUCA1, FUCA...",689,1333,46,17,666,1324,712,1342
Mus musculus,hsa04142,350,ARSA,"ARSG, USH4...",469,1398,46,17,446,1390,492,1406
Mus musculus,hsa04142,350,ARSB,"ARSG, USH4...",469,1398,46,17,446,1390,492,1406
Mus musculus,hsa04142,350,ARSG,"ARSG, USH4...",469,1398,46,17,446,1390,492,1406
Mus musculus,hsa04142,351,GNS,"GNS, G6S",579,1398,46,17,556,1390,602,1406
Mus musculus,hsa04142,352,IDS,"IDS, ID2S, MPS2, SIDS",634,1398,46,17,611,1390,657,1406
Mus musculus,hsa04142,353,SGSH,"SGSH, HSS, MPS3A, SFMD",689,1398,46,17,666,1390,712,1406
Mus musculus,hsa04142,354,GALNS,"GALNS, GALNAC6S, GAS, GalN6S, MPS4A",524,1398,46,17,501,1390,547,1406
Mus musculus,hsa04142,355,LIPA,"LIPA, CESD, LAL",469,1440,46,17,446,1432,492,1448
Mus musculus,hsa04142,359,SMPD1,"SMPD1, ASM, ASMASE, NPD",469,1482,46,17,446,1474,492,1490
Mus musculus,hsa04142,360,ASAH1,"ASAH1, AC, ACDase, ASAH, PHP, PHP32, SMAPME",579,1482,46,17,556,1474,602,1490
Mus musculus,hsa04142,361,AGA,"AGA, AGU, ASRG, GA",689,1482,46,17,666,1474,712,1490
Mus musculus,hsa04142,362,GM2A,"GM2A, GM2-AP, GM2AP, SAP-3",541,1528,46,17,518,1520,564,1536
Mus musculus,hsa04142,363,PSAP,"PSAP, GLBA, PARK24, PSAPD, SAP1, SAP2...",486,1528,46,17,463,1520,509,1536
Mus musculus,hsa04142,364,PPT1,"PPT1, CLN1, INCL, PPT...",596,1528,46,17,573,1520,619,1536
Mus musculus,hsa04142,365,LAMP2,"LAMP5, BAD-LAMP, BADLAMP, C20orf103, LAMP-5, UNC-46...",792,1187,46,17,769,1178,815,1196
Mus musculus,hsa04142,366,SCARB2,"SCARB2, AMRF, CD36L2, EPM4, HLGP85, LGP85, LIMP-2, LIMPII, SR-BII...",809,1213,46,17,786,1204,832,1222
Mus musculus,hsa04142,367,CTNS,"CTNS, CTNS-LSB, PQLC4, SLC66A4",246,1391,46,17,223,1382,269,1400
Mus musculus,hsa04142,368,SLC17A5,"SLC17A5, AST, ISSD, NSD, SD, SIALIN, SIASD, SLD, VEAT",142,1433,46,17,119,1424,165,1442
Mus musculus,hsa04142,372,SLC11A2,"SLC11A2, AHMIO1, DCT1, DMT1, NRAMP2...",245,1197,46,17,222,1188,268,1206
Mus musculus,hsa04142,373,NPC1,"NPC1, NPC, POGZ, SLC65A1",143,1303,46,17,120,1294,166,1312
Mus musculus,hsa04142,377,MFSD8,"MFSD8, CCMD, CLN7, SLC74A1",296,1197,46,17,273,1188,319,1206
Mus musculus,hsa04142,380,HYAL1,"HYAL4, CSHY, HYAL-4...",689,1356,46,17,666,1348,712,1364
Mus musculus,hsa04142,381,MCOLN1,"MCOLN2, TRP-ML2, TRPML2...",142,1197,46,17,119,1188,165,1206
Mus musculus,hsa04142,386,ATP6AP1,ATP6V1FP2...,570,1141,46,17,547,1132,593,1150
Mus musculus,hsa04142,386,ATP6V0A2,ATP6V1FP2...,570,1141,46,17,547,1132,593,1150
Mus musculus,hsa04142,386,ATP6V1A,ATP6V1FP2...,570,1141,46,17,547,1132,593,1150
Mus musculus,hsa04142,386,ATP6V1E1,ATP6V1FP2...,570,1141,46,17,547,1132,593,1150
Mus musculus,hsa04142,408,GNPTAB,"GNPTAB, GNPTA, ICD...",211,905,46,17,188,896,234,914
Mus musculus,hsa04142,408,GNPTG,"GNPTAB, GNPTA, ICD...",211,905,46,17,188,896,234,914
Mus musculus,hsa04142,411,CLTC,"CLTA, LCA...",454,625,46,17,431,616,477,634
Mus musculus,hsa04142,416,AP1B1,"AP1M2, AP1-mu2, HSMU1B, MU-1B, MU1B, mu2...",483,658,46,17,460,650,506,666
Mus musculus,hsa04142,416,AP1S1,"AP1M2, AP1-mu2, HSMU1B, MU-1B, MU1B, mu2...",483,658,46,17,460,650,506,666
Mus musculus,hsa04142,416,AP1S2,"AP1M2, AP1-mu2, HSMU1B, MU-1B, MU1B, mu2...",483,658,46,17,460,650,506,666
Mus musculus,hsa04142,417,AP3B1,"AP3S2, AP3S3, sigma3b...",533,658,46,17,510,650,556,666
Mus musculus,hsa04142,417,AP3B2,"AP3S2, AP3S3, sigma3b...",533,658,46,17,510,650,556,666
Mus musculus,hsa04142,417,AP3D1,"AP3S2, AP3S3, sigma3b...",533,658,46,17,510,650,556,666
Mus musculus,hsa04142,418,AP1B1,"AP1M2, AP1-mu2, HSMU1B, MU-1B, MU1B, mu2...",314,474,46,17,291,466,337,482
Mus musculus,hsa04142,418,AP1S1,"AP1M2, AP1-mu2, HSMU1B, MU-1B, MU1B, mu2...",314,474,46,17,291,466,337,482
Mus musculus,hsa04142,418,AP1S2,"AP1M2, AP1-mu2, HSMU1B, MU-1B, MU1B, mu2...",314,474,46,17,291,466,337,482
Mus musculus,hsa04142,422,AP3B1,"AP3S2, AP3S3, sigma3b...",775,396,46,17,752,388,798,404
Mus musculus,hsa04142,422,AP3B2,"AP3S2, AP3S3, sigma3b...",775,396,46,17,752,388,798,404
Mus musculus,hsa04142,422,AP3D1,"AP3S2, AP3S3, sigma3b...",775,396,46,17,752,388,798,404
Mus musculus,hsa04142,423,AP4B1,"AP4B1, BETA-4, CPSQ5, SPG47...",534,679,46,17,511,670,557,688
Mus musculus,hsa04142,423,AP4E1,"AP4B1, BETA-4, CPSQ5, SPG47...",534,679,46,17,511,670,557,688
Mus musculus,hsa04142,423,AP4M1,"AP4B1, BETA-4, CPSQ5, SPG47...",534,679,46,17,511,670,557,688
Mus musculus,hsa04142,423,AP4S1,"AP4B1, BETA-4, CPSQ5, SPG47...",534,679,46,17,511,670,557,688
Mus musculus,hsa04142,425,SUMF1,"SUMF1, AAPA3037, FGE, UNQ3037",128,775,46,17,105,766,151,784
Mus musculus,hsa04142,426,MCOLN1,"MCOLN1, LECD, MG-2, ML1, ML4, MLIV, MST080, MSTP080, TRP-ML1, TRPM-L1, TRPML1",800,659,46,17,777,650,823,668
Mus musculus,hsa04142,433,CLN8,"CLN8, C8orf61, EPMR, TLCD6",127,850,46,17,104,842,150,858
Mus musculus,hsa04142,434,CLN6,"CLN6, CLN4A, CLN6A, HsT18960, nclf",127,872,46,17,104,864,150,880
Mus musculus,hsa04142,437,SCARB2,"SCARB2, AMRF, CD36L2, EPM4, HLGP85, LGP85, LIMP-2, LIMPII, SR-BII",510,750,46,17,487,742,533,758
Mus musculus,hsa04142,438,AP5Z1,"AP5S1, C20orf29...",640,658,46,17,617,650,663,666
Mus musculus,hsa04142,439,SPG11,"SPG11, ALS5, CMT2X, KIAA1840",640,675,46,17,617,666,663,684
Mus musculus,hsa04142,440,ZFYVE26,"ZFYVE26, FYVE-CENT, SPG15",640,692,46,17,617,684,663,700
Mus musculus,hsa04142,441,CLN3,"CLN3, BTN1, BTS, JNCL, SLC29B1",619,528,46,17,596,520,642,536
Mus musculus,hsa04142,442,CLN5,CLN5,573,528,46,17,550,520,596,536
Mus musculus,hsa04142,443,RAB7A,"RAB7A, CMT2B, PRO2706, RAB7",619,545,46,17,596,536,642,554
Mus musculus,hsa04142,446,BLOC1S3,"SNAPIN, BLOC1S7, BLOS7, BORCS3, SNAPAP...",775,418,46,17,752,410,798,426
Mus musculus,hsa04142,446,BLOC1S6,"SNAPIN, BLOC1S7, BLOS7, BORCS3, SNAPAP...",775,418,46,17,752,410,798,426
Mus musculus,hsa04142,446,DTNBP1,"SNAPIN, BLOC1S7, BLOS7, BORCS3, SNAPAP...",775,418,46,17,752,410,798,426
Mus musculus,hsa04142,448,FIG4,"FIG4, ALS11, BOP, BTOP, CMT4J, KIAA0274, SAC3, YVS, dJ249I4.1",142,1487,46,17,119,1478,165,1496
Mus musculus,hsa04142,449,PIKFYVE,"PIKFYVE, CFD, FAB1, HEL37, PIP5K, PIP5K3, ZFYVE29",194,1487,46,17,171,1478,217,1496
Mus musculus,hsa04142,450,HGSNAT,"HGSNAT, HGNAT, MPS3C, RP73, TMEM76",296,1487,46,17,273,1478,319,1496
Mus musculus,hsa04142,454,NPC2,"NPC2, EDDM1, HE1",393,1304,46,17,370,1296,416,1312
Mus musculus,hsa04142,456,SLC29A1,"SLC29A1, AUG, ENT1, hENT1...",221,1348,46,17,198,1340,244,1356
Mus musculus,hsa04142,456,SLC29A3,"SLC29A1, AUG, ENT1, hENT1...",221,1348,46,17,198,1340,244,1356
Mus musculus,hsa04142,457,SLC36A2,"SLC36A4, PAT4...",143,1391,46,17,120,1382,166,1400
Mus musculus,hsa04142,470,RAB7A,"RAB7A, CMT2B, PRO2706, RAB7",891,1350,46,17,868,1342,914,1358
Mus musculus,hsa04142,473,VPS13A,"VPS13A, BLTP5A, CHAC, CHOREIN...",247,1303,46,17,224,1294,270,1312
Mus musculus,hsa04142,473,VPS13C,"VPS13A, BLTP5A, CHAC, CHOREIN...",247,1303,46,17,224,1294,270,1312
Mus musculus,hsa04142,475,VPS11,"VPS39, TLP, VAM6, hVam6p...",891,1395,46,17,868,1386,914,1404
Mus musculus,hsa04142,475,VPS33A,"VPS39, TLP, VAM6, hVam6p...",891,1395,46,17,868,1386,914,1404
Mus musculus,hsa04142,483,AP2S1,"AP2M1, AP50, CLAPM1, MRD60, mu2...",142,402,46,17,119,394,165,410
Mus musculus,hsa04142,484,CLTC,"CLTA, LCA...",142,418,46,17,119,410,165,426
Mus musculus,hsa04142,486,SNAP29,"SNAP29, CEDNIK, SNAP-29",795,489,46,17,772,480,818,498
Mus musculus,hsa04142,490,ATP6AP1,ATP6V1FP2...,922,308,46,17,899,300,945,316
Mus musculus,hsa04142,490,ATP6V0A2,ATP6V1FP2...,922,308,46,17,899,300,945,316
Mus musculus,hsa04142,490,ATP6V1A,ATP6V1FP2...,922,308,46,17,899,300,945,316
Mus musculus,hsa04142,490,ATP6V1E1,ATP6V1FP2...,922,308,46,17,899,300,945,316
Mus musculus,hsa04142,491,ATP6AP1,ATP6V1FP2...,703,333,46,17,680,324,726,342
Mus musculus,hsa04142,491,ATP6V0A2,ATP6V1FP2...,703,333,46,17,680,324,726,342
Mus musculus,hsa04142,491,ATP6V1A,ATP6V1FP2...,703,333,46,17,680,324,726,342
Mus musculus,hsa04142,491,ATP6V1E1,ATP6V1FP2...,703,333,46,17,680,324,726,342
Mus musculus,hsa04142,492,ATP6AP1,ATP6V1FP2...,430,343,46,17,407,334,453,352
Mus musculus,hsa04142,492,ATP6V0A2,ATP6V1FP2...,430,343,46,17,407,334,453,352
Mus musculus,hsa04142,492,ATP6V1A,ATP6V1FP2...,430,343,46,17,407,334,453,352
Mus musculus,hsa04142,492,ATP6V1E1,ATP6V1FP2...,430,343,46,17,407,334,453,352
Mus musculus,hsa04144,111,VPS4A,"VPS4A, CIMDAG, SKD1, SKD1A, SKD2, VPS4, VPS4-1...",916,715,46,17,893,706,939,724
Mus musculus,hsa04144,135,TFRC,"TFRC, CD71, IMD46, T9, TFR, TFR1, TR, TRFR, p90",143,181,46,17,120,172,166,190
Mus musculus,hsa04144,145,LDLRAP1,"LDLRAP1, ARH, ARH1, ARH2, FHCB1, FHCB2, FHCL4",532,247,46,17,509,238,555,256
Mus musculus,hsa04144,161,PIP5K1C,"PIP5KL1, PIPKH...",880,123,46,17,857,114,903,132
Mus musculus,hsa04144,162,PIP5K1C,"PIP5KL1, PIPKH...",445,123,46,17,422,114,468,132
Mus musculus,hsa04144,172,ARFGEF2,"ARFGEF2, BIG2, PVNH2, dJ1164I10.1...",170,554,46,17,147,546,193,562
Mus musculus,hsa04144,181,RBSN,"RBSN, KAREVS, MFANDO, ZFYVE20",767,545,46,17,744,536,790,554
Mus musculus,hsa04144,194,VPS45,"VPS45, H1, H1VPS45, SCN5, VPS45A, VPS45B, VPS54A, VSP45, VSP45A",824,545,46,17,801,536,847,554
Mus musculus,hsa04144,203,RAB7A,"RAB7A, CMT2B, PRO2706, RAB7",460,728,46,17,437,720,483,736
Mus musculus,hsa04144,212,RAB7A,"RAB7A, CMT2B, PRO2706, RAB7",723,924,46,17,700,916,746,932
Mus musculus,hsa04144,260,FOLR1,"FOLR1, FBP, FOLR, FRalpha, NCFTD...",1119,182,46,17,1096,174,1142,190
Mus musculus,hsa04144,298,KIF5A,"KIF5A, ALS25, D12S1889, MY050, NEIMY, NKHC, SPG10...",804,459,46,17,781,450,827,468
Mus musculus,hsa04144,298,KIF5C,"KIF5A, ALS25, D12S1889, MY050, NEIMY, NKHC, SPG10...",804,459,46,17,781,450,827,468
Mus musculus,hsa04144,89,DNM1,"DNM1, DEE31, DEE31A, DEE31B, DNM, EIEE31...",270,181,46,17,247,172,293,190
Mus musculus,hsa04144,89,DNM2,"DNM1, DEE31, DEE31A, DEE31B, DNM, EIEE31...",270,181,46,17,247,172,293,190
Mus musculus,hsa04144,91,LDLR,"LDLR, FH, FHC, FHCL1, LDLCQ2",533,181,46,17,510,172,556,190
Mus musculus,hsa04144,92,CLTC,"CLTA, LCA...",292,269,46,17,269,260,315,278
Mus musculus,hsa04144,93,AP2S1,"AP2M1, AP50, CLAPM1, MRD60, mu2...",292,286,46,17,269,278,315,294
Mus musculus,hsa04144,99,DNAJC6,"DNAJC6, DJC6, PARK19",385,484,46,17,362,476,408,492
Mus musculus,hsa04145,108,DYNC1H1,"DYNC1H1, CDCBM13, CMT2O, DHC1, DHC1a, DNCH1, DNCL, DNECL, DYHC, Dnchc1, HL-3, SMALED1, p22...",353,495,46,17,330,486,376,504
Mus musculus,hsa04145,118,ATP6AP1,ATP6V1FP2...,438,358,46,17,415,350,461,366
Mus musculus,hsa04145,118,ATP6V0A2,ATP6V1FP2...,438,358,46,17,415,350,461,366
Mus musculus,hsa04145,118,ATP6V1A,ATP6V1FP2...,438,358,46,17,415,350,461,366
Mus musculus,hsa04145,118,ATP6V1E1,ATP6V1FP2...,438,358,46,17,415,350,461,366
Mus musculus,hsa04145,119,LAMP2,"LAMP1, CD107a, LAMPA, LGP120...",353,614,46,17,330,606,376,622
Mus musculus,hsa04145,120,ATP6AP1,ATP6V1FP2...,439,702,46,17,416,694,462,710
Mus musculus,hsa04145,120,ATP6V0A2,ATP6V1FP2...,439,702,46,17,416,694,462,710
Mus musculus,hsa04145,120,ATP6V1A,ATP6V1FP2...,439,702,46,17,416,694,462,710
Mus musculus,hsa04145,120,ATP6V1E1,ATP6V1FP2...,439,702,46,17,416,694,462,710
Mus musculus,hsa04145,125,PIKFYVE,"PIKFYVE, CFD, FAB1, HEL37, PIP5K, PIP5K3, ZFYVE29",353,639,46,17,330,630,376,648
Mus musculus,hsa04145,155,SCARB1,"SCARB1, CD36L1, CLA-1, CLA1, HDLCQ6, HDLQTL6, SR-BI, SRB1",870,456,46,17,847,448,893,464
Mus musculus,hsa04145,240,TFRC,"TFRC, CD71, IMD46, T9, TFR, TFR1, TR, TRFR, p90",353,330,46,17,330,322,376,338
Mus musculus,hsa04145,245,ATP6AP1,ATP6V1FP2...,438,512,46,17,415,504,461,520
Mus musculus,hsa04145,245,ATP6V0A2,ATP6V1FP2...,438,512,46,17,415,504,461,520
Mus musculus,hsa04145,245,ATP6V1A,ATP6V1FP2...,438,512,46,17,415,504,461,520
Mus musculus,hsa04145,245,ATP6V1E1,ATP6V1FP2...,438,512,46,17,415,504,461,520
Mus musculus,hsa04145,90,RAB7A,"RAB7B, RAB7...",353,461,46,17,330,452,376,470
Mus musculus,hsa04146,100,ACSL4,"ACSL1, ACS1, FACL1, FACL2, LACS, LACS1, LACS2...",133,849,46,17,110,840,156,858
Mus musculus,hsa04146,102,IDH1,"IDH1, HEL-216, HEL-S-26, IDCD, IDH, IDP, IDPC, PICD...",523,894,46,17,500,886,546,902
Mus musculus,hsa04146,102,IDH2,"IDH1, HEL-216, HEL-S-26, IDCD, IDH, IDP, IDPC, PICD...",523,894,46,17,500,886,546,902
Mus musculus,hsa04146,103,HAO1,"HAO2, GIG16, HAOX2...",523,914,46,17,500,906,546,922
Mus musculus,hsa04146,105,XDH,"XDH, XAN1, XO, XOR",633,822,46,17,610,814,656,830
Mus musculus,hsa04146,106,FAR1,"FAR2, HEL-S-81, MLSTD1, SDR10E2...",373,694,46,17,350,686,396,702
Mus musculus,hsa04146,116,MPV17,"MPV17L, M-LPH, M-LPH1, M-LPH2, MLPH1, MLPH2, MPV17L1...",366,435,46,17,343,426,389,444
Mus musculus,hsa04146,20,PEX14,"PEX14, NAPP2, PBD13A, Pex14p, dJ734G22.2",617,221,46,17,594,212,640,230
Mus musculus,hsa04146,21,PEX2,"PEX2, PAF1, PBD5A, PBD5B, PMP3, PMP35, PXMP3, RNF72, ZWS3",386,221,46,17,363,212,409,230
Mus musculus,hsa04146,22,PEX1,"PEX1, HMLR1, PBD1A, PBD1B, ZWS, ZWS1",221,193,46,17,198,184,244,202
Mus musculus,hsa04146,23,PEX6,"PEX6, HMLR2, PAF-2, PAF2, PBD4A, PDB4B, PXAAA1",267,193,46,17,244,184,290,202
Mus musculus,hsa04146,24,PEX26,"PEX26, PBD7A, PBD7B, PEX26M1T, Pex26pM1T",267,221,46,17,244,212,290,230
Mus musculus,hsa04146,25,PEX13,"PEX13, NALD, PBD11A, PBD11B, ZWS",571,221,46,17,548,212,594,230
Mus musculus,hsa04146,30,PEX10,"PEX10, NALD, PBD6A, PBD6B, RNF69",431,221,46,17,408,212,454,230
Mus musculus,hsa04146,31,PEX12,"PEX12, PAF-3, PBD3A",476,221,46,17,453,212,499,230
Mus musculus,hsa04146,32,PEX5,"PEX5L, PEX5R, PEX5RP, PXR2, PXR2B, TRIP8b...",619,150,46,17,596,142,642,158
Mus musculus,hsa04146,33,PEX7,"PEX7, PBD9B, PTS2R, RCDP1, RD",550,150,46,17,527,142,573,158
Mus musculus,hsa04146,34,PEX19,"PEX19, D1S2223E, HK33, PBD12A, PMP1, PMPI, PXF, PXMP1",175,302,46,17,152,294,198,310
Mus musculus,hsa04146,35,PEX11B,"PEX11B, PEX11-BETA, PEX11beta, PEX14B...",626,436,46,17,603,428,649,444
Mus musculus,hsa04146,47,PEX16,"PEX16, PBD8A, PBD8B",151,222,46,17,128,214,174,230
Mus musculus,hsa04146,48,PEX3,"PEX3, PBD10A, PBD10B, TRG18",151,239,46,17,128,230,174,248
Mus musculus,hsa04146,49,ABCD3,"ABCD3, ABC43, CBAS5, PMP70, PXMP1, ZWS2",232,302,46,17,209,294,255,310
Mus musculus,hsa04146,52,PEX5,"PEX5L, PEX5R, PEX5RP, PXR2, PXR2B, TRIP8b...",267,170,46,17,244,162,290,178
Mus musculus,hsa04146,60,GNPAT,"GNPAT, DAP-AT, DAPAT, DHAPAT, RCDP2",373,609,46,17,350,600,396,618
Mus musculus,hsa04146,61,AGPS,"AGPS, ADAP-S, ADAS, ADHAPS, ADPS, ALDHPSY, RCDP3",372,649,46,17,349,640,395,658
Mus musculus,hsa04146,62,PHYH,"PHYH, LN1, LNAP1, PAHX, PHYH1, RD",133,609,46,17,110,600,156,618
Mus musculus,hsa04146,64,ACOX1,"ACOX1, ACOX, AOX, MITCH, PALMCOX, SCOX...",73,674,46,17,50,666,96,682
Mus musculus,hsa04146,64,ACOX2,"ACOX1, ACOX, AOX, MITCH, PALMCOX, SCOX...",73,674,46,17,50,666,96,682
Mus musculus,hsa04146,65,HSD17B4,"HSD17B4, DBP, MFE-2, MFP-2, MPF-2, PRLTS1, SDR8C1",73,694,46,17,50,686,96,702
Mus musculus,hsa04146,66,CAT,CAT,633,609,46,17,610,600,656,618
Mus musculus,hsa04146,67,SCP2,"SCP2, NLTP, NSL-TP, SCOX, SCP-2, SCP-CHI, SCP-X, SCPX",73,714,46,17,50,706,96,722
Mus musculus,hsa04146,69,AGXT,"AGXT, AGT, AGT1, AGXT1, PH1, SPAT, SPT, Ser-PyrAT, TLH6",373,894,46,17,350,886,396,902
Mus musculus,hsa04146,70,AMACR,"AMACR, AMACRD, CBAS4, P504S, RACE, RM",73,654,46,17,50,646,96,662
Mus musculus,hsa04146,71,MVK,"MVK, LRBP, MK, MVLK, POROK3",373,771,46,17,350,762,396,780
Mus musculus,hsa04146,76,PMVK,"PMVK, HUMPMKI, PMK, PMKA, PMKASE, POROK1",373,791,46,17,350,782,396,800
Mus musculus,hsa04146,79,BAAT,"BAAT, BACAT, BACD1, BAT, HCHO",73,734,46,17,50,726,96,742
Mus musculus,hsa04146,82,HMGCL,"HMGCL, HL, HMGCL1...",473,914,46,17,450,906,496,922
Mus musculus,hsa04146,85,CRAT,"CRAT, CAT, CAT1, NBIA8",123,914,46,17,100,906,146,922
Mus musculus,hsa04146,89,MLYCD,"MLYCD, MCD",223,914,46,17,200,906,246,922
Mus musculus,hsa04146,91,EHHADH,"EHHADH, ECHD, FRTS3, L-PBE, LBFP, LBP, MFE1, PBFE",73,769,46,17,50,760,96,778
Mus musculus,hsa04146,99,ABCD1,"ABCD1, ABC42, ALD, ALDP, AMN...",133,829,46,17,110,820,156,838
Mus musculus,hsa04146,99,ABCD3,"ABCD1, ABC42, ALD, ALDP, AMN...",133,829,46,17,110,820,156,838
Mus musculus,hsa04146,99,ABCD4,"ABCD1, ABC42, ALD, ALDP, AMN...",133,829,46,17,110,820,156,838
Mus musculus,hsa04148,148,ABCA1,"ABCA1, ABC-1, ABC1, CERP, HDLCQTL13, HDLDT1, HPALP1, TGD",993,973,46,17,970,964,1016,982
Mus musculus,hsa04148,151,VPS11,"VPS8, KIAA0804...",1332,549,46,17,1309,540,1355,558
Mus musculus,hsa04148,151,VPS33A,"VPS8, KIAA0804...",1332,549,46,17,1309,540,1355,558
Mus musculus,hsa04148,152,RAB7A,"RAB7B, RAB7...",1332,643,46,17,1309,634,1355,652
Mus musculus,hsa04148,153,VPS11,"VPS39, TLP, VAM6, hVam6p...",1332,626,46,17,1309,618,1355,634
Mus musculus,hsa04148,153,VPS33A,"VPS39, TLP, VAM6, hVam6p...",1332,626,46,17,1309,618,1355,634
Mus musculus,hsa04148,160,ARG1,ARG1...,1193,615,46,17,1170,606,1216,624
Mus musculus,hsa04148,163,ODC1,"ODC1, BABS, NEDBA, NEDBIA, ODC",1073,615,46,17,1050,606,1096,624
Mus musculus,hsa04148,168,CPT1A,"CPT1C, CATL1, CPT_I-C, CPT1-B, CPT1P, CPTI-B, CPTIC, SPG73...",1245,747,46,17,1222,738,1268,756
Mus musculus,hsa04148,168,CPT1C,"CPT1C, CATL1, CPT_I-C, CPT1-B, CPT1P, CPTI-B, CPTIC, SPG73...",1245,747,46,17,1222,738,1268,756
Mus musculus,hsa04148,171,UQCRFS1,"UQCRFS1, MC3DN10, RIP1, RIS1, RISP, UQCR5",1160,734,46,17,1137,726,1183,742
Mus musculus,hsa04148,243,LIPA,"LIPA, CESD, LAL",1309,774,46,17,1286,766,1332,782
Mus musculus,hsa04148,267,ATP8A2,"ATP8A1, ATPASEII, ATPIA, ATPP2...",947,203,46,17,924,194,970,212
Mus musculus,hsa04148,282,SLC2A1,"SLC2A1, CSE, DYT17, DYT18, DYT9, EIG12, GLUT, GLUT-1, GLUT1, GLUT1DS, HTLVR, PED, SDCHCN",1533,634,46,17,1510,626,1556,642
Mus musculus,hsa04148,288,SLC16A1,"SLC16A1, HHF7, MCT, MCT1, MCT1D",1588,634,46,17,1565,626,1611,642
Mus musculus,hsa04148,304,ABCA1,"ABCA1, ABC-1, ABC1, CERP, HDLCQTL13, HDLDT1, HPALP1, TGD",223,203,46,17,200,194,246,212
Mus musculus,hsa04148,315,PLA2G6,"PLA2G6, CaI-PLA2, GVI, INAD1, IPLA2-VIA, NBIA2, NBIA2A, NBIA2B, PARK14, PLA2, PNPLA9, iPLA2, iPLA2beta",277,170,46,17,254,162,300,178
Mus musculus,hsa04150,107,ATP6V1A,ATP6V1FP2...,360,193,46,17,337,184,383,202
Mus musculus,hsa04150,107,ATP6V1E1,ATP6V1FP2...,360,193,46,17,337,184,383,202
Mus musculus,hsa04150,115,INS,"IGF1, IGF, IGF-I, IGFI, MGF...",67,630,46,17,44,622,90,638
Mus musculus,hsa04150,12,PIK3CA,"P3R3URF-PIK3R3, LOC110117498-PIK3R3...",486,629,46,17,463,620,509,638
Mus musculus,hsa04150,12,PIK3CD,"P3R3URF-PIK3R3, LOC110117498-PIK3R3...",486,629,46,17,463,620,509,638
Mus musculus,hsa04150,12,PIK3R1,"P3R3URF-PIK3R3, LOC110117498-PIK3R3...",486,629,46,17,463,620,509,638
Mus musculus,hsa04150,12,PIK3R2,"P3R3URF-PIK3R3, LOC110117498-PIK3R3...",486,629,46,17,463,620,509,638
Mus musculus,hsa04150,23,PTEN,"PTEN, 10q23del, BZS, CWS1, DEC, GLM2, MHAM, MMAC1, PTEN1, PTENbeta, PTENgama, TEP1",547,587,46,17,524,578,570,596
Mus musculus,hsa04150,28,AKT2,"AKT3, MPPH, MPPH2, PKB-GAMMA, PKBG, PRKBG, RAC-PK-gamma, RAC-gamma, STK-2...",486,494,46,17,463,486,509,502
Mus musculus,hsa04150,37,LPIN1,"LPIN1, PAP1...",936,367,46,17,913,358,959,376
Mus musculus,hsa04150,37,LPIN2,"LPIN1, PAP1...",936,367,46,17,913,358,959,376
Mus musculus,hsa04150,8,INSR,"IGF1R, CD221, IGFIR, IGFR, JTK13...",150,630,46,17,127,622,173,638
Mus musculus,hsa04150,95,SLC7A5,"SLC7A5, 4F2LC, CD98, D16S469E, E16, LAT1, MPE16",150,206,46,17,127,198,173,214
Mus musculus,hsa04151,162,PIK3CA,"P3R3URF-PIK3R3, LOC110117498-PIK3R3...",423,752,46,17,400,744,446,760
Mus musculus,hsa04151,162,PIK3CD,"P3R3URF-PIK3R3, LOC110117498-PIK3R3...",423,752,46,17,400,744,446,760
Mus musculus,hsa04151,162,PIK3R1,"P3R3URF-PIK3R3, LOC110117498-PIK3R3...",423,752,46,17,400,744,446,760
Mus musculus,hsa04151,162,PIK3R2,"P3R3URF-PIK3R3, LOC110117498-PIK3R3...",423,752,46,17,400,744,446,760
Mus musculus,hsa04151,162,PIK3R5,"P3R3URF-PIK3R3, LOC110117498-PIK3R3...",423,752,46,17,400,744,446,760
Mus musculus,hsa04151,163,PTEN,"PTEN, 10q23del, BZS, CWS1, DEC, GLM2, MHAM, MMAC1, PTEN1, PTENbeta, PTENgama, TEP1",423,803,46,17,400,794,446,812
Mus musculus,hsa04151,17,AKT2,"AKT3, MPPH, MPPH2, PKB-GAMMA, PKBG, PRKBG, RAC-PK-gamma, RAC-gamma, STK-2...",583,571,46,17,560,562,606,580
Mus musculus,hsa04151,175,PIK3R5,"PIK3R6, C17orf38, HsT41028, p84_PIKAP, p87(PIKAP), p87PIKAP...",353,633,46,17,330,624,376,642
Mus musculus,hsa04151,19,PIK3CA,"P3R3URF-PIK3R3, LOC110117498-PIK3R3...",355,503,46,17,332,494,378,512
Mus musculus,hsa04151,19,PIK3CD,"P3R3URF-PIK3R3, LOC110117498-PIK3R3...",355,503,46,17,332,494,378,512
Mus musculus,hsa04151,19,PIK3R1,"P3R3URF-PIK3R3, LOC110117498-PIK3R3...",355,503,46,17,332,494,378,512
Mus musculus,hsa04151,19,PIK3R2,"P3R3URF-PIK3R3, LOC110117498-PIK3R3...",355,503,46,17,332,494,378,512
Mus musculus,hsa04151,34,PTEN,"PTEN, 10q23del, BZS, CWS1, DEC, GLM2, MHAM, MMAC1, PTEN1, PTENbeta, PTENgama, TEP1",404,651,46,17,381,642,427,660
Mus musculus,hsa04151,43,INSR,"CSF1R, BANDDOS, C-FMS, CD115, CSF-1R, CSFR, FIM2, FMS, GPSC, HDLS, HDLS1, M-CSF-R...",209,342,46,17,186,334,232,350
Mus musculus,hsa04151,44,LPAR6,"LPAR6, ARWH1, HYPT8, LAH3, LPA-6, P2RY5, P2Y5...",209,759,46,17,186,750,232,768
Mus musculus,hsa04151,56,GYS1,"GYS1, GSY, GYS...",872,422,46,17,849,414,895,430
Mus musculus,hsa04151,56,GYS2,"GYS1, GSY, GYS...",872,422,46,17,849,414,895,430
Mus musculus,hsa04151,58,PCK1,"PCK1, PCKDC, PEPCK-C, PEPCK1, PEPCKC...",960,451,46,17,937,442,983,460
Mus musculus,hsa04151,58,PCK2,"PCK1, PCKDC, PEPCK-C, PEPCK1, PEPCKC...",960,451,46,17,937,442,983,460
Mus musculus,hsa04151,59,G6PC3,"G6PC1, G6PC, G6PT, G6Pase, GSD1, GSD1a...",960,472,46,17,937,464,983,480
Mus musculus,hsa04151,95,INS,EFNA4-EFNA3...,121,342,46,17,98,334,144,350
Mus musculus,hsa04152,103,GYS1,"GYS1, GSY, GYS...",641,633,46,17,618,624,664,642
Mus musculus,hsa04152,103,GYS2,"GYS1, GSY, GYS...",641,633,46,17,618,624,664,642
Mus musculus,hsa04152,105,HNF4A,"HNF4A, FRTS4, HNF4, HNF4a7, HNF4a8, HNF4a9, HNF4alpha, MODY, MODY1, NR2A1, NR2A21, TCF, TCF-14, TCF14",654,271,46,17,631,262,677,280
Mus musculus,hsa04152,109,PCK1,"PCK1, PCKDC, PEPCK-C, PEPCK1, PEPCKC...",819,283,46,17,796,274,842,292
Mus musculus,hsa04152,109,PCK2,"PCK1, PCKDC, PEPCK-C, PEPCK1, PEPCKC...",819,283,46,17,796,274,842,292
Mus musculus,hsa04152,11,INSR,"INSR, CD220, HHF5",162,1043,46,17,139,1034,185,1052
Mus musculus,hsa04152,110,G6PC3,"G6PC1, G6PC, G6PT, G6Pase, GSD1, GSD1a...",819,260,46,17,796,252,842,268
Mus musculus,hsa04152,12,AKT2,"AKT3, MPPH, MPPH2, PKB-GAMMA, PKBG, PRKBG, RAC-PK-gamma, RAC-gamma, STK-2...",541,1043,46,17,518,1034,564,1052
Mus musculus,hsa04152,120,ACACA,"ACACA, ACAC, ACACAD, ACACalpha, ACC, ACC1, ACCA, ACCalpha, Acac1, hACC1",854,769,46,17,831,760,877,778
Mus musculus,hsa04152,13,PIK3CA,"P3R3URF-PIK3R3, LOC110117498-PIK3R3...",329,1043,46,17,306,1034,352,1052
Mus musculus,hsa04152,13,PIK3CD,"P3R3URF-PIK3R3, LOC110117498-PIK3R3...",329,1043,46,17,306,1034,352,1052
Mus musculus,hsa04152,13,PIK3R1,"P3R3URF-PIK3R3, LOC110117498-PIK3R3...",329,1043,46,17,306,1034,352,1052
Mus musculus,hsa04152,13,PIK3R2,"P3R3URF-PIK3R3, LOC110117498-PIK3R3...",329,1043,46,17,306,1034,352,1052
Mus musculus,hsa04152,132,ACACB,"ACACB, ACACbeta, ACC-beta, ACC2, ACCB, ACCbeta, HACC275",858,859,46,17,835,850,881,868
Mus musculus,hsa04152,166,G6PC3,"G6PC1, G6PC, G6PT, G6Pase, GSD1, GSD1a...",348,190,46,17,325,182,371,198
Mus musculus,hsa04152,168,PCK1,"PCK1, PCKDC, PEPCK-C, PEPCK1, PEPCKC...",790,80,46,17,767,72,813,88
Mus musculus,hsa04152,168,PCK2,"PCK1, PCKDC, PEPCK-C, PEPCK1, PEPCKC...",790,80,46,17,767,72,813,88
Mus musculus,hsa04152,172,LIPE,"LIPE, AOMS4, FPLD6, HSL, LHS, REH",641,680,46,17,618,672,664,688
Mus musculus,hsa04152,175,HMGCR,"HMGCR, LDLCQ3, LGMDR28, MYPLG",641,721,46,17,618,712,664,730
Mus musculus,hsa04152,217,MLYCD,"MLYCD, MCD",719,930,46,17,696,922,742,938
Mus musculus,hsa04152,57,ACACA,"ACACA, ACAC, ACACAD, ACACalpha, ACC, ACC1, ACCA, ACCalpha, Acac1, hACC1",717,880,46,17,694,872,740,888
Mus musculus,hsa04152,63,CPT1A,"CPT1C, CATL1, CPT_I-C, CPT1-B, CPT1P, CPTI-B, CPTIC, SPG73...",859,937,46,17,836,928,882,946
Mus musculus,hsa04152,63,CPT1C,"CPT1C, CATL1, CPT_I-C, CPT1-B, CPT1P, CPTI-B, CPTIC, SPG73...",859,937,46,17,836,928,882,946
Mus musculus,hsa04152,73,PFKM,"PFKL, ATP-PFK, PFK-B, PFK-L...",624,142,46,17,601,134,647,150
Mus musculus,hsa04152,79,FBP1,"FBP1, FBP...",551,101,46,17,528,92,574,110
Mus musculus,hsa04152,79,FBP2,"FBP1, FBP...",551,101,46,17,528,92,574,110
Mus musculus,hsa04152,8,PRKAG2,"PRKAG2, AAKG, AAKG2, CMH6, H91620p, WPWS...",447,583,46,17,424,574,470,592
Mus musculus,hsa04152,9,INS,"INS, IDDM, IDDM1, IDDM2, ILPR, IRDN, MODY10, PNDM4",92,1043,46,17,69,1034,115,1052
Mus musculus,hsa04210,111,DIABLO,"DIABLO, DFNA64, SMAC",982,497,46,17,959,488,1005,506
Mus musculus,hsa04210,113,HTRA2,"HTRA2, MGCA8, OMI, PARK13, PRSS25",982,539,46,17,959,530,1005,548
Mus musculus,hsa04210,15,AIFM1,"AIFM1, AIF, AUNX1, CMT2D, CMTX4, COWCK, COXPD6, DFNX5, NADMR, NAMSD, PDCD8, SEMDHL",1101,713,46,17,1078,704,1124,722
Mus musculus,hsa04210,180,CTSB,"CTSC, CPPI, DPP-I, DPP1, DPPI, HMS, JP, JPD, PALS, PDON1, PLS...",514,558,46,17,491,550,537,566
Mus musculus,hsa04210,180,CTSC,"CTSC, CPPI, DPP-I, DPP1, DPPI, HMS, JP, JPD, PALS, PDON1, PLS...",514,558,46,17,491,550,537,566
Mus musculus,hsa04210,180,CTSD,"CTSC, CPPI, DPP-I, DPP1, DPPI, HMS, JP, JPD, PALS, PDON1, PLS...",514,558,46,17,491,550,537,566
Mus musculus,hsa04210,180,CTSF,"CTSC, CPPI, DPP-I, DPP1, DPPI, HMS, JP, JPD, PALS, PDON1, PLS...",514,558,46,17,491,550,537,566
Mus musculus,hsa04210,180,CTSK,"CTSC, CPPI, DPP-I, DPP1, DPPI, HMS, JP, JPD, PALS, PDON1, PLS...",514,558,46,17,491,550,537,566
Mus musculus,hsa04210,211,ITPR1,"ITPR1, ACV, CLA4, INSP3R1, IP3R, IP3R1, PPP1R94, SCA15, SCA16, SCA29...",706,172,46,17,683,164,729,180
Mus musculus,hsa04210,211,ITPR2,"ITPR1, ACV, CLA4, INSP3R1, IP3R, IP3R1, PPP1R94, SCA15, SCA16, SCA29...",706,172,46,17,683,164,729,180
Mus musculus,hsa04210,28,CYCS,"CYCS, CYC, HCS, THC4",965,603,46,17,942,594,988,612
Mus musculus,hsa04210,33,AKT2,"AKT3, MPPH, MPPH2, PKB-GAMMA, PKBG, PRKBG, RAC-PK-gamma, RAC-gamma, STK-2...",545,924,46,17,522,916,568,932
Mus musculus,hsa04210,37,PIK3CA,"P3R3URF-PIK3R3, LOC110117498-PIK3R3...",287,924,46,17,264,916,310,932
Mus musculus,hsa04210,37,PIK3CD,"P3R3URF-PIK3R3, LOC110117498-PIK3R3...",287,924,46,17,264,916,310,932
Mus musculus,hsa04210,37,PIK3R1,"P3R3URF-PIK3R3, LOC110117498-PIK3R3...",287,924,46,17,264,916,310,932
Mus musculus,hsa04210,37,PIK3R2,"P3R3URF-PIK3R3, LOC110117498-PIK3R3...",287,924,46,17,264,916,310,932
Mus musculus,hsa04211,153,CAT,CAT,1218,208,46,17,1195,200,1241,216
Mus musculus,hsa04211,154,ATG5,"ATG5, APG5, APG5-LIKE, APG5L, ASP, SCAR25, hAPG5",1218,236,46,17,1195,228,1241,244
Mus musculus,hsa04211,155,APPL1,"APPL1, APPL, DIP13alpha, MODY14",347,581,46,17,324,572,370,590
Mus musculus,hsa04211,34,PRKAG2,"PRKAG2, AAKG, AAKG2, CMH6, H91620p, WPWS...",567,581,46,17,544,572,590,590
Mus musculus,hsa04211,39,INS,"INS, IDDM, IDDM1, IDDM2, ILPR, IRDN, MODY10, PNDM4",177,195,46,17,154,186,200,204
Mus musculus,hsa04211,40,INSR,"INSR, CD220, HHF5",266,195,46,17,243,186,289,204
Mus musculus,hsa04211,7,AKT2,"AKT3, MPPH, MPPH2, PKB-GAMMA, PKBG, PRKBG, RAC-PK-gamma, RAC-gamma, STK-2...",660,205,46,17,637,196,683,214
Mus musculus,hsa04211,8,PIK3CA,"P3R3URF-PIK3R3, LOC110117498-PIK3R3...",443,205,46,17,420,196,466,214
Mus musculus,hsa04211,8,PIK3CD,"P3R3URF-PIK3R3, LOC110117498-PIK3R3...",443,205,46,17,420,196,466,214
Mus musculus,hsa04211,8,PIK3R1,"P3R3URF-PIK3R3, LOC110117498-PIK3R3...",443,205,46,17,420,196,466,214
Mus musculus,hsa04211,8,PIK3R2,"P3R3URF-PIK3R3, LOC110117498-PIK3R3...",443,205,46,17,420,196,466,214
Mus musculus,hsa04213,106,PRKAG2,"PRKAG2, AAKG, AAKG2, CMH6, H91620p, WPWS...",628,282,46,17,605,274,651,290
Mus musculus,hsa04213,113,INS,"INS, IDDM, IDDM1, IDDM2, ILPR, IRDN, MODY10, PNDM4",249,223,46,17,226,214,272,232
Mus musculus,hsa04213,114,INSR,"INSR, CD220, HHF5",339,223,46,17,316,214,362,232
Mus musculus,hsa04213,129,CLPB,"CLPB, ANKCLB, ANKCLP, HSP78, MEGCANN, MGCA7, MGCA7A, SCN9, SKD3",1289,932,46,17,1266,924,1312,940
Mus musculus,hsa04213,162,PRKAG2,"PRKAG2, AAKG, AAKG2, CMH6, H91620p, WPWS...",628,476,46,17,605,468,651,484
Mus musculus,hsa04213,164,CAT,CAT,1289,249,46,17,1266,240,1312,258
Mus musculus,hsa04213,165,ATG5,"ATG5, APG5, APG5-LIKE, APG5L, ASP, SCAR25, hAPG5",1289,274,46,17,1266,266,1312,282
Mus musculus,hsa04213,168,CAT,CAT,1289,690,46,17,1266,682,1312,698
Mus musculus,hsa04213,169,CAT,CAT,1289,906,46,17,1266,898,1312,914
Mus musculus,hsa04213,31,AKT2,"AKT3, MPPH, MPPH2, PKB-GAMMA, PKBG, PRKBG, RAC-PK-gamma, RAC-gamma, STK-2...",716,422,46,17,693,414,739,430
Mus musculus,hsa04213,32,PIK3CA,"P3R3URF-PIK3R3, LOC110117498-PIK3R3...",513,422,46,17,490,414,536,430
Mus musculus,hsa04213,32,PIK3CD,"P3R3URF-PIK3R3, LOC110117498-PIK3R3...",513,422,46,17,490,414,536,430
Mus musculus,hsa04213,32,PIK3R1,"P3R3URF-PIK3R3, LOC110117498-PIK3R3...",513,422,46,17,490,414,536,430
Mus musculus,hsa04213,32,PIK3R2,"P3R3URF-PIK3R3, LOC110117498-PIK3R3...",513,422,46,17,490,414,536,430
Mus musculus,hsa04213,43,INS,"IGF1, IGF, IGF-I, IGFI, MGF...",249,422,46,17,226,414,272,430
Mus musculus,hsa04213,50,AKT2,"AKT3, MPPH, MPPH2, PKB-GAMMA, PKBG, PRKBG, RAC-PK-gamma, RAC-gamma, STK-2...",718,643,46,17,695,634,741,652
Mus musculus,hsa04213,51,PIK3CA,"PIK3CA, CCM4, CLAPO, CLOVE, CWS5, HMH, MCAP, MCM, MCMTC, PI3K, PI3K-alpha, p110-alpha...",513,642,46,17,490,634,536,650
Mus musculus,hsa04213,51,PIK3CD,"PIK3CA, CCM4, CLAPO, CLOVE, CWS5, HMH, MCAP, MCM, MCMTC, PI3K, PI3K-alpha, p110-alpha...",513,642,46,17,490,634,536,650
Mus musculus,hsa04213,59,INSR,"INSR, CD220, HHF5",339,642,46,17,316,634,362,650
Mus musculus,hsa04213,7,AKT2,"AKT3, MPPH, MPPH2, PKB-GAMMA, PKBG, PRKBG, RAC-PK-gamma, RAC-gamma, STK-2...",716,233,46,17,693,224,739,242
Mus musculus,hsa04213,8,PIK3CA,"P3R3URF-PIK3R3, LOC110117498-PIK3R3...",513,233,46,17,490,224,536,242
Mus musculus,hsa04213,8,PIK3CD,"P3R3URF-PIK3R3, LOC110117498-PIK3R3...",513,233,46,17,490,224,536,242
Mus musculus,hsa04213,8,PIK3R1,"P3R3URF-PIK3R3, LOC110117498-PIK3R3...",513,233,46,17,490,224,536,242
Mus musculus,hsa04213,8,PIK3R2,"P3R3URF-PIK3R3, LOC110117498-PIK3R3...",513,233,46,17,490,224,536,242
Mus musculus,hsa04215,19,CYCS,"CYCS, CYC, HCS, THC4",590,173,46,17,567,164,613,182
Mus musculus,hsa04215,26,DIABLO,"DIABLO, DFNA64, SMAC",535,220,46,17,512,212,558,228
Mus musculus,hsa04215,27,HTRA2,"HTRA2, MGCA8, OMI, PARK13, PRSS25",535,243,46,17,512,234,558,252
Mus musculus,hsa04215,62,CYCS,"CYCS, CYC, HCS, THC4",1,1,1,1,0,0,2,2
Mus musculus,hsa04215,79,CYCS,"CYCS, CYC, HCS, THC4",590,837,46,17,567,828,613,846
Mus musculus,hsa04216,103,HMOX1,"HMOX1, HMOX1D, HO-1, HSP32, bK286B10",318,622,46,17,295,614,341,630
Mus musculus,hsa04216,157,SAT1,"SAT2, SSAT-2, SSAT2...",527,215,46,17,504,206,550,224
Mus musculus,hsa04216,162,ACSL4,"ACSL1, ACS1, FACL1, FACL2, LACS, LACS1, LACS2...",348,249,46,17,325,240,371,258
Mus musculus,hsa04216,17,GPX4,"GPX4, GPx-4, GSHPx-4, MCSP, PHGPx, SMDS, snGPx, snPHGPx",694,178,46,17,671,170,717,186
Mus musculus,hsa04216,29,GCLC,"GCLC, GCL, GCS, GLCL, GLCLC...",453,118,46,17,430,110,476,126
Mus musculus,hsa04216,37,TFRC,"TFRC, CD71, IMD46, T9, TFR, TFR1, TR, TRFR, p90",207,370,46,17,184,362,230,378
Mus musculus,hsa04216,39,TF,"TF, HEL-S-71p, PRO1557, PRO2086, TFQTL1",161,370,46,17,138,362,184,378
Mus musculus,hsa04216,42,CP,"CP, AB073614, CP-2",127,456,46,17,104,448,150,464
Mus musculus,hsa04216,51,TFRC,"TFRC, CD71, IMD46, T9, TFR, TFR1, TR, TRFR, p90",448,342,46,17,425,334,471,350
Mus musculus,hsa04216,52,TF,"TF, HEL-S-71p, PRO1557, PRO2086, TFQTL1",448,359,46,17,425,350,471,368
Mus musculus,hsa04216,57,STEAP3,"STEAP3, AHMIO2, STMP3, TSAP6, dudlin-2, dudulin-2, pHyde",394,411,46,17,371,402,417,420
Mus musculus,hsa04216,58,TFRC,"TFRC, CD71, IMD46, T9, TFR, TFR1, TR, TRFR, p90",265,412,46,17,242,404,288,420
Mus musculus,hsa04216,59,TF,"TF, HEL-S-71p, PRO1557, PRO2086, TFQTL1",265,429,46,17,242,420,288,438
Mus musculus,hsa04216,64,GSS,"GSS, GSHS, HEL-S-64p, HEL-S-88n",585,118,46,17,562,110,608,126
Mus musculus,hsa04216,68,SLC40A1,"SLC40A1, FPN, FPN1, HFE4, IREG1, MST079, MSTP079, MTP1, SLC11A3",206,556,46,17,183,548,229,564
Mus musculus,hsa04216,73,FTH1,"FTH1, FHC, FTH, FTHL6, HFE5, NBIA9, PIG15, PLIF...",447,656,46,17,424,648,470,664
Mus musculus,hsa04216,73,FTL,"FTH1, FHC, FTH, FTHL6, HFE5, NBIA9, PIG15, PLIF...",447,656,46,17,424,648,470,664
Mus musculus,hsa04216,78,ATG5,"ATG7, APG7-LIKE, APG7L, GSA7, SCAR31...",537,645,46,17,514,636,560,654
Mus musculus,hsa04216,80,FTH1,"FTH1, FHC, FTH, FTHL6, HFE5, NBIA9, PIG15, PLIF...",686,633,46,17,663,624,709,642
Mus musculus,hsa04216,80,FTL,"FTH1, FHC, FTH, FTHL6, HFE5, NBIA9, PIG15, PLIF...",686,633,46,17,663,624,709,642
Mus musculus,hsa04216,85,SLC39A14,"SLC39A14, HCIN, HMNDYT2, LZT-Hs4, NET34, ZIP14, cig19...",486,475,46,17,463,466,509,484
Mus musculus,hsa04216,85,SLC39A8,"SLC39A14, HCIN, HMNDYT2, LZT-Hs4, NET34, ZIP14, cig19...",486,475,46,17,463,466,509,484
Mus musculus,hsa04216,87,SLC11A2,"SLC11A2, AHMIO1, DCT1, DMT1, NRAMP2",406,475,46,17,383,466,429,484
Mus musculus,hsa04216,92,SLC39A14,"SLC39A14, HCIN, HMNDYT2, LZT-Hs4, NET34, ZIP14, cig19...",206,585,46,17,183,576,229,594
Mus musculus,hsa04216,92,SLC39A8,"SLC39A14, HCIN, HMNDYT2, LZT-Hs4, NET34, ZIP14, cig19...",206,585,46,17,183,576,229,594
Mus musculus,hsa04217,122,PYGL,"PYGB, GPBB...",845,330,46,17,822,322,868,338
Mus musculus,hsa04217,122,PYGM,"PYGB, GPBB...",845,330,46,17,822,322,868,338
Mus musculus,hsa04217,123,GLUL,"GLUL, DEE116, GLNS, GS, PIG43, PIG59",845,291,46,17,822,282,868,300
Mus musculus,hsa04217,124,GLUD1,"GLUD1, GDH, GDH1, GLUD, hGDH1...",930,252,46,17,907,244,953,260
Mus musculus,hsa04217,128,SLC25A4,"SLC25A4, AAC1, ANT, ANT_1, ANT1, MTDPS12, MTDPS12A, PEO2, PEO3, PEOA2, T1...",992,169,46,17,969,160,1015,178
Mus musculus,hsa04217,134,SMPD1,"SMPD1, ASM, ASMASE, NPD",872,464,46,17,849,456,895,472
Mus musculus,hsa04217,141,DNM1L,"DNM1L, DLP1, DRP1, DVLP, DYMPLE, EMPF, EMPF1, HDYNIV, OPA5",1101,526,46,17,1078,518,1124,534
Mus musculus,hsa04217,151,FTH1,"FTH1, FHC, FTH, FTHL6, HFE5, NBIA9, PIG15, PLIF...",985,373,46,17,962,364,1008,382
Mus musculus,hsa04217,151,FTL,"FTH1, FHC, FTH, FTHL6, HFE5, NBIA9, PIG15, PLIF...",985,373,46,17,962,364,1008,382
Mus musculus,hsa04217,164,AIFM1,"AIFM1, AIF, AUNX1, CMT2D, CMTX4, COWCK, COXPD6, DFNX5, NADMR, NAMSD, PDCD8, SEMDHL",631,626,46,17,608,618,654,634
Mus musculus,hsa04217,167,AIFM1,"AIFM1, AIF, AUNX1, CMT2D, CMTX4, COWCK, COXPD6, DFNX5, NADMR, NAMSD, PDCD8, SEMDHL",261,626,46,17,238,618,284,634
Mus musculus,hsa04217,187,PLA2G4A,"PLA2G4B, HsT16992, cPLA2-beta...",985,408,46,17,962,400,1008,416
Mus musculus,hsa04217,200,VPS4A,"RNF103-CHMP3, CGI149, CHMP3, NEDF, RNF103-VPS24, VPS24, hVps24...",631,680,46,17,608,672,654,688
Mus musculus,hsa04217,229,SLC25A4,"SLC25A4, AAC1, ANT, ANT_1, ANT1, MTDPS12, MTDPS12A, PEO2, PEO3, PEOA2, T1...",992,224,46,17,969,216,1015,232
Mus musculus,hsa04217,83,RBCK1,"RBCK1, C20orf18, HOIL-1, HOIL1, PBMEI, PGBM1, RBCK2, RNF54, UBCE7IP3, XAP3, XAP4, ZRANB4...",351,200,46,17,328,192,374,208
Mus musculus,hsa04217,83,RNF31,"RBCK1, C20orf18, HOIL-1, HOIL1, PBMEI, PGBM1, RBCK2, RNF54, UBCE7IP3, XAP3, XAP4, ZRANB4...",351,200,46,17,328,192,374,208
Mus musculus,hsa04217,89,STAT2,"STAT1, CANDF7, IMD31A, IMD31B, IMD31C, ISGF-3, STAT91...",351,363,46,17,328,354,374,372
Mus musculus,hsa04218,179,ITPR1,"ITPR1, ACV, CLA4, INSP3R1, IP3R, IP3R1, PPP1R94, SCA15, SCA16, SCA29...",441,810,46,17,418,802,464,818
Mus musculus,hsa04218,179,ITPR2,"ITPR1, ACV, CLA4, INSP3R1, IP3R, IP3R1, PPP1R94, SCA15, SCA16, SCA29...",441,810,46,17,418,802,464,818
Mus musculus,hsa04218,230,PIK3CA,"P3R3URF-PIK3R3, LOC110117498-PIK3R3...",440,168,46,17,417,160,463,176
Mus musculus,hsa04218,230,PIK3CD,"P3R3URF-PIK3R3, LOC110117498-PIK3R3...",440,168,46,17,417,160,463,176
Mus musculus,hsa04218,230,PIK3R1,"P3R3URF-PIK3R3, LOC110117498-PIK3R3...",440,168,46,17,417,160,463,176
Mus musculus,hsa04218,230,PIK3R2,"P3R3URF-PIK3R3, LOC110117498-PIK3R3...",440,168,46,17,417,160,463,176
Mus musculus,hsa04218,234,PTEN,"PTEN, 10q23del, BZS, CWS1, DEC, GLM2, MHAM, MMAC1, PTEN1, PTENbeta, PTENgama, TEP1",535,270,46,17,512,262,558,278
Mus musculus,hsa04218,273,SLC25A4,"SLC25A4, AAC1, ANT, ANT_1, ANT1, MTDPS12, MTDPS12A, PEO2, PEO3, PEOA2, T1...",729,803,46,17,706,794,752,812
Mus musculus,hsa04218,29,PIK3CA,"P3R3URF-PIK3R3, LOC110117498-PIK3R3...",441,238,46,17,418,230,464,246
Mus musculus,hsa04218,29,PIK3CD,"P3R3URF-PIK3R3, LOC110117498-PIK3R3...",441,238,46,17,418,230,464,246
Mus musculus,hsa04218,29,PIK3R1,"P3R3URF-PIK3R3, LOC110117498-PIK3R3...",441,238,46,17,418,230,464,246
Mus musculus,hsa04218,29,PIK3R2,"P3R3URF-PIK3R3, LOC110117498-PIK3R3...",441,238,46,17,418,230,464,246
Mus musculus,hsa04218,31,AKT2,"AKT3, MPPH, MPPH2, PKB-GAMMA, PKBG, PRKBG, RAC-PK-gamma, RAC-gamma, STK-2...",629,238,46,17,606,230,652,246
Mus musculus,hsa04260,70,SLC9A7,"SLC9A6, MRSA, MRXSCH, NHE6...",830,355,46,17,807,346,853,364
Mus musculus,hsa04260,71,COX4I1,"UQCR11, 0710008D09Rik, QCR10, UQCR...",879,280,46,17,856,272,902,288
Mus musculus,hsa04260,71,COX4I2,"UQCR11, 0710008D09Rik, QCR10, UQCR...",879,280,46,17,856,272,902,288
Mus musculus,hsa04260,71,COX5A,"UQCR11, 0710008D09Rik, QCR10, UQCR...",879,280,46,17,856,272,902,288
Mus musculus,hsa04260,71,COX6A1,"UQCR11, 0710008D09Rik, QCR10, UQCR...",879,280,46,17,856,272,902,288
Mus musculus,hsa04260,71,COX6A2,"UQCR11, 0710008D09Rik, QCR10, UQCR...",879,280,46,17,856,272,902,288
Mus musculus,hsa04260,71,COX6B1,"UQCR11, 0710008D09Rik, QCR10, UQCR...",879,280,46,17,856,272,902,288
Mus musculus,hsa04260,71,COX7B,"UQCR11, 0710008D09Rik, QCR10, UQCR...",879,280,46,17,856,272,902,288
Mus musculus,hsa04260,71,COX8A,"UQCR11, 0710008D09Rik, QCR10, UQCR...",879,280,46,17,856,272,902,288
Mus musculus,hsa04260,71,CYC1,"UQCR11, 0710008D09Rik, QCR10, UQCR...",879,280,46,17,856,272,902,288
Mus musculus,hsa04260,71,UQCRB,"UQCR11, 0710008D09Rik, QCR10, UQCR...",879,280,46,17,856,272,902,288
Mus musculus,hsa04260,71,UQCRC1,"UQCR11, 0710008D09Rik, QCR10, UQCR...",879,280,46,17,856,272,902,288
Mus musculus,hsa04260,71,UQCRC2,"UQCR11, 0710008D09Rik, QCR10, UQCR...",879,280,46,17,856,272,902,288
Mus musculus,hsa04260,71,UQCRFS1,"UQCR11, 0710008D09Rik, QCR10, UQCR...",879,280,46,17,856,272,902,288
Mus musculus,hsa04260,71,UQCRQ,"UQCR11, 0710008D09Rik, QCR10, UQCR...",879,280,46,17,856,272,902,288
Mus musculus,hsa04261,124,PLCB1,"PLCB1, DEE12, EIEE12, PI-PLC, PLC-154, PLC-I, PLC-beta-1, PLC154, PLCB1A, PLCB1B...",910,548,46,17,887,540,933,556
Mus musculus,hsa04261,124,PLCB3,"PLCB1, DEE12, EIEE12, PI-PLC, PLC-154, PLC-I, PLC-beta-1, PLC154, PLCB1A, PLCB1B...",910,548,46,17,887,540,933,556
Mus musculus,hsa04261,124,PLCB4,"PLCB1, DEE12, EIEE12, PI-PLC, PLC-154, PLC-I, PLC-beta-1, PLC154, PLCB1A, PLCB1B...",910,548,46,17,887,540,933,556
Mus musculus,hsa04261,77,PIK3R5,"PIK3R6, C17orf38, HsT41028, p84_PIKAP, p87(PIKAP), p87PIKAP...",929,259,46,17,906,250,952,268
Mus musculus,hsa04261,78,AKT2,"AKT3, MPPH, MPPH2, PKB-GAMMA, PKBG, PRKBG, RAC-PK-gamma, RAC-gamma, STK-2...",1018,259,46,17,995,250,1041,268
Mus musculus,hsa04270,115,ITPR1,"ITPR1, ACV, CLA4, INSP3R1, IP3R, IP3R1, PPP1R94, SCA15, SCA16, SCA29...",564,582,46,17,541,574,587,590
Mus musculus,hsa04270,115,ITPR2,"ITPR1, ACV, CLA4, INSP3R1, IP3R, IP3R1, PPP1R94, SCA15, SCA16, SCA29...",564,582,46,17,541,574,587,590
Mus musculus,hsa04270,25,PLCB1,"PLCB1, DEE12, EIEE12, PI-PLC, PLC-154, PLC-I, PLC-beta-1, PLC154, PLCB1A, PLCB1B...",359,319,46,17,336,310,382,328
Mus musculus,hsa04270,25,PLCB3,"PLCB1, DEE12, EIEE12, PI-PLC, PLC-154, PLC-I, PLC-beta-1, PLC154, PLCB1A, PLCB1B...",359,319,46,17,336,310,382,328
Mus musculus,hsa04270,25,PLCB4,"PLCB1, DEE12, EIEE12, PI-PLC, PLC-154, PLC-I, PLC-beta-1, PLC154, PLCB1A, PLCB1B...",359,319,46,17,336,310,382,328
Mus musculus,hsa04270,29,ITPR1,"ITPR1, ACV, CLA4, INSP3R1, IP3R, IP3R1, PPP1R94, SCA15, SCA16, SCA29...",564,228,46,17,541,220,587,236
Mus musculus,hsa04270,29,ITPR2,"ITPR1, ACV, CLA4, INSP3R1, IP3R, IP3R1, PPP1R94, SCA15, SCA16, SCA29...",564,228,46,17,541,220,587,236
Mus musculus,hsa04270,62,PLA2G4A,"PLA2G4B, HsT16992, cPLA2-beta...",319,266,46,17,296,258,342,274
Mus musculus,hsa04270,62,PLA2G6,"PLA2G4B, HsT16992, cPLA2-beta...",319,266,46,17,296,258,342,274
Mus musculus,hsa04310,25,PLCB1,"PLCB1, DEE12, EIEE12, PI-PLC, PLC-154, PLC-I, PLC-beta-1, PLC154, PLCB1A, PLCB1B...",376,753,46,17,353,744,399,762
Mus musculus,hsa04310,25,PLCB3,"PLCB1, DEE12, EIEE12, PI-PLC, PLC-154, PLC-I, PLC-beta-1, PLC154, PLCB1A, PLCB1B...",376,753,46,17,353,744,399,762
Mus musculus,hsa04310,25,PLCB4,"PLCB1, DEE12, EIEE12, PI-PLC, PLC-154, PLC-I, PLC-beta-1, PLC154, PLCB1A, PLCB1B...",376,753,46,17,353,744,399,762
Mus musculus,hsa04330,33,LFNG,"LFNG, SCDO3...",137,144,46,17,114,136,160,152
Mus musculus,hsa04350,170,BMP6,"BMP2, BDA2, BMP2A, SSFSC, SSFSC1...",153,104,46,17,130,96,176,112
Mus musculus,hsa04350,172,HJV,"HJV, HFE2, HFE2A, JH, RGMC",228,163,46,17,205,154,251,172
Mus musculus,hsa04350,193,HAMP,"HAMP, HEPC, HFE2B, LEAP1, PLTR",769,117,46,17,746,108,792,126
Mus musculus,hsa04350,217,TFR2,"TFR2, HFE3, TFRC2",228,224,46,17,205,216,251,232
Mus musculus,hsa04350,218,HFE,"HFE, HFE1, HH, HLA-H, MVCD7, TFQTL2",228,207,46,17,205,198,251,216
Mus musculus,hsa04350,220,TFRC,"TFRC, CD71, IMD46, T9, TFR, TFR1, TR, TRFR, p90",228,246,46,17,205,238,251,254
Mus musculus,hsa04350,224,TF,"TF, HEL-S-71p, PRO1557, PRO2086, TFQTL1",112,249,46,17,89,240,135,258
Mus musculus,hsa04350,57,BMP6,"GDF7, BMP12...",153,397,46,17,130,388,176,406
Mus musculus,hsa04360,193,PIK3CA,"P3R3URF-PIK3R3, LOC110117498-PIK3R3...",603,1237,46,17,580,1228,626,1246
Mus musculus,hsa04360,193,PIK3CD,"P3R3URF-PIK3R3, LOC110117498-PIK3R3...",603,1237,46,17,580,1228,626,1246
Mus musculus,hsa04360,193,PIK3R1,"P3R3URF-PIK3R3, LOC110117498-PIK3R3...",603,1237,46,17,580,1228,626,1246
Mus musculus,hsa04360,193,PIK3R2,"P3R3URF-PIK3R3, LOC110117498-PIK3R3...",603,1237,46,17,580,1228,626,1246
Mus musculus,hsa04360,268,PLCG2,"PLCG1, IDAA, NCKAP3, PLC-II, PLC1, PLC148, PLCgamma1...",603,223,46,17,580,214,626,232
Mus musculus,hsa04370,13,PLCG2,"PLCG1, IDAA, NCKAP3, PLC-II, PLC1, PLC148, PLCgamma1...",270,230,46,17,247,222,293,238
Mus musculus,hsa04370,18,PLA2G4A,"PLA2G4B, HsT16992, cPLA2-beta...",817,177,46,17,794,168,840,186
Mus musculus,hsa04370,22,AKT2,"AKT3, MPPH, MPPH2, PKB-GAMMA, PKBG, PRKBG, RAC-PK-gamma, RAC-gamma, STK-2...",373,498,46,17,350,490,396,506
Mus musculus,hsa04370,23,PIK3CA,"P3R3URF-PIK3R3, LOC110117498-PIK3R3...",270,419,46,17,247,410,293,428
Mus musculus,hsa04370,23,PIK3CD,"P3R3URF-PIK3R3, LOC110117498-PIK3R3...",270,419,46,17,247,410,293,428
Mus musculus,hsa04370,23,PIK3R1,"P3R3URF-PIK3R3, LOC110117498-PIK3R3...",270,419,46,17,247,410,293,428
Mus musculus,hsa04370,23,PIK3R2,"P3R3URF-PIK3R3, LOC110117498-PIK3R3...",270,419,46,17,247,410,293,428
Mus musculus,hsa04371,11,PRKAG2,"PRKAG2, AAKG, AAKG2, CMH6, H91620p, WPWS...",328,610,46,17,305,602,351,618
Mus musculus,hsa04371,151,PLIN1,"PLIN1, FPLD4, PERI, PLIN",505,550,46,17,482,542,528,558
Mus musculus,hsa04371,161,LIPE,"LIPE, AOMS4, FPLD6, HSL, LHS, REH",956,481,46,17,933,472,979,490
Mus musculus,hsa04371,19,PIK3R5,"PIK3R6, C17orf38, HsT41028, p84_PIKAP, p87(PIKAP), p87PIKAP...",328,418,46,17,305,410,351,426
Mus musculus,hsa04371,20,AKT2,"AKT3, MPPH, MPPH2, PKB-GAMMA, PKBG, PRKBG, RAC-PK-gamma, RAC-gamma, STK-2...",505,418,46,17,482,410,528,426
Mus musculus,hsa04371,27,PLCB1,"PLCB1, DEE12, EIEE12, PI-PLC, PLC-154, PLC-I, PLC-beta-1, PLC154, PLCB1A, PLCB1B...",328,208,46,17,305,200,351,216
Mus musculus,hsa04371,27,PLCB3,"PLCB1, DEE12, EIEE12, PI-PLC, PLC-154, PLC-I, PLC-beta-1, PLC154, PLCB1A, PLCB1B...",328,208,46,17,305,200,351,216
Mus musculus,hsa04371,27,PLCB4,"PLCB1, DEE12, EIEE12, PI-PLC, PLC-154, PLC-I, PLC-beta-1, PLC154, PLCB1A, PLCB1B...",328,208,46,17,305,200,351,216
Mus musculus,hsa04371,31,ITPR1,"ITPR1, ACV, CLA4, INSP3R1, IP3R, IP3R1, PPP1R94, SCA15, SCA16, SCA29...",476,197,46,17,453,188,499,206
Mus musculus,hsa04371,31,ITPR2,"ITPR1, ACV, CLA4, INSP3R1, IP3R, IP3R1, PPP1R94, SCA15, SCA16, SCA29...",476,197,46,17,453,188,499,206
Mus musculus,hsa04371,49,TFAM,"TFAM, MTDPS15, MTTF1, MTTFA, TCF6, TCF6L1, TCF6L2, TCF6L3",727,604,46,17,704,596,750,612
Mus musculus,hsa04371,82,LIPE,"LIPE, AOMS4, FPLD6, HSL, LHS, REH",204,275,46,17,181,266,227,284
Mus musculus,hsa04380,106,CTSK,"CTSK, CTS02, CTSO, CTSO1, CTSO2, PKND, PYCD",1041,540,46,17,1018,532,1064,548
Mus musculus,hsa04380,174,ITPR1,"ITPR1, ACV, CLA4, INSP3R1, IP3R, IP3R1, PPP1R94, SCA15, SCA16, SCA29...",571,535,46,17,548,526,594,544
Mus musculus,hsa04380,174,ITPR2,"ITPR1, ACV, CLA4, INSP3R1, IP3R, IP3R1, PPP1R94, SCA15, SCA16, SCA29...",571,535,46,17,548,526,594,544
Mus musculus,hsa04380,48,STAT2,"STAT1, CANDF7, IMD31A, IMD31B, IMD31C, ISGF-3, STAT91...",423,679,46,17,400,670,446,688
Mus musculus,hsa04380,57,PIK3CA,"P3R3URF-PIK3R3, LOC110117498-PIK3R3...",569,241,46,17,546,232,592,250
Mus musculus,hsa04380,57,PIK3CD,"P3R3URF-PIK3R3, LOC110117498-PIK3R3...",569,241,46,17,546,232,592,250
Mus musculus,hsa04380,57,PIK3R1,"P3R3URF-PIK3R3, LOC110117498-PIK3R3...",569,241,46,17,546,232,592,250
Mus musculus,hsa04380,57,PIK3R2,"P3R3URF-PIK3R3, LOC110117498-PIK3R3...",569,241,46,17,546,232,592,250
Mus musculus,hsa04380,58,AKT2,"AKT3, MPPH, MPPH2, PKB-GAMMA, PKBG, PRKBG, RAC-PK-gamma, RAC-gamma, STK-2...",652,241,46,17,629,232,675,250
Mus musculus,hsa04380,81,PLCG2,"PLCG2, APLAID, FCAS3, PLC-IV, PLC-gamma-2",424,547,46,17,401,538,447,556
Mus musculus,hsa04382,342,SDR9C7,"SDR9C7, ARCI13, RDHS, SDR-O, SDRO",1035,370,46,17,1012,362,1058,378
Mus musculus,hsa04382,354,ELOVL1,"ELOVL1, CGI-88, IKSHD, Ssc1...",540,357,46,17,517,348,563,366
Mus musculus,hsa04382,354,ELOVL4,"ELOVL1, CGI-88, IKSHD, Ssc1...",540,357,46,17,517,348,563,366
Mus musculus,hsa04382,355,CYP4F22,"CYP4F22, ARCI5, INLNE, LI3",540,407,46,17,517,398,563,416
Mus musculus,hsa04382,356,KDSR,"KDSR, DHSR, EKVP4, FVT1, SDR35C1",687,389,46,17,664,380,710,398
Mus musculus,hsa04382,358,CERS3,"CERS3, ARCI9, LASS3",540,507,46,17,517,498,563,516
Mus musculus,hsa04382,360,PNPLA1,"PNPLA1, ARCI10, dJ50J22.1",540,557,46,17,517,548,563,566
Mus musculus,hsa04382,364,UGCG,"UGCG, GCS, GLCT1",752,507,46,17,729,498,775,516
Mus musculus,hsa04382,370,ABCA12,"ABCA12, ARCI4A, ARCI4B, ICR2B, LI2",825,420,46,17,802,412,848,428
Mus musculus,hsa04382,372,ALOX12B,"ALOX12B, 12R-LOX, ARCI2",1035,420,46,17,1012,412,1058,428
Mus musculus,hsa04382,373,ALOXE3,"ALOXE3, ARCI3, E-LOX, LI5, eLOX-3, eLOX3",1035,395,46,17,1012,386,1058,404
Mus musculus,hsa04382,563,HAL,"HAL, HIS, HSTD",1344,601,46,17,1321,592,1367,610
Mus musculus,hsa04382,679,ABHD5,"ABHD5, CGI58, IECN2, NCIE2",488,557,46,17,465,548,511,566
Mus musculus,hsa04382,682,GBA2,"GBA1, GBA, GCB, GLUC...",1035,345,46,17,1012,336,1058,354
Mus musculus,hsa04382,683,SLC27A4,"SLC27A4, ACSVL4, FATP4, IPS...",540,457,46,17,517,448,563,466
Mus musculus,hsa04382,686,SPTLC1,"SPTLC1, ALS27, HSAN1, HSN1, LBC1, LCB1, SPT1, SPTI...",613,320,46,17,590,312,636,328
Mus musculus,hsa04382,686,SPTLC2,"SPTLC1, ALS27, HSAN1, HSN1, LBC1, LCB1, SPT1, SPTI...",613,320,46,17,590,312,636,328
Mus musculus,hsa04390,142,BMP6,"GDF7, BMP12...",107,601,46,17,84,592,130,610
Mus musculus,hsa04510,31,AKT2,"AKT3, MPPH, MPPH2, PKB-GAMMA, PKBG, PRKBG, RAC-PK-gamma, RAC-gamma, STK-2...",762,328,46,17,739,320,785,336
Mus musculus,hsa04510,37,PTEN,"PTEN, 10q23del, BZS, CWS1, DEC, GLM2, MHAM, MMAC1, PTEN1, PTENbeta, PTENgama, TEP1",491,378,46,17,468,370,514,386
Mus musculus,hsa04510,38,PIK3CA,"P3R3URF-PIK3R3, LOC110117498-PIK3R3...",491,427,46,17,468,418,514,436
Mus musculus,hsa04510,38,PIK3CD,"P3R3URF-PIK3R3, LOC110117498-PIK3R3...",491,427,46,17,468,418,514,436
Mus musculus,hsa04510,38,PIK3R1,"P3R3URF-PIK3R3, LOC110117498-PIK3R3...",491,427,46,17,468,418,514,436
Mus musculus,hsa04510,38,PIK3R2,"P3R3URF-PIK3R3, LOC110117498-PIK3R3...",491,427,46,17,468,418,514,436
Mus musculus,hsa04510,41,PIP5K1C,"PIP5K1C, LCCS3, PIP5K-GAMMA, PIP5K1-gamma, PIP5Kgamma...",669,175,46,17,646,166,692,184
Mus musculus,hsa04512,107,SV2A,"SV2C, SLC22B3...",840,372,46,17,817,364,863,380
Mus musculus,hsa04517,344,PIK3CA,"P3R3URF-PIK3R3, LOC110117498-PIK3R3...",1357,1248,46,17,1334,1240,1380,1256
Mus musculus,hsa04517,344,PIK3CD,"P3R3URF-PIK3R3, LOC110117498-PIK3R3...",1357,1248,46,17,1334,1240,1380,1256
Mus musculus,hsa04517,344,PIK3R1,"P3R3URF-PIK3R3, LOC110117498-PIK3R3...",1357,1248,46,17,1334,1240,1380,1256
Mus musculus,hsa04517,344,PIK3R2,"P3R3URF-PIK3R3, LOC110117498-PIK3R3...",1357,1248,46,17,1334,1240,1380,1256
Mus musculus,hsa04517,347,AKT2,"AKT3, MPPH, MPPH2, PKB-GAMMA, PKBG, PRKBG, RAC-PK-gamma, RAC-gamma, STK-2...",1406,1248,46,17,1383,1240,1429,1256
Mus musculus,hsa04517,351,PLCG2,"PLCG1, IDAA, NCKAP3, PLC-II, PLC1, PLC148, PLCgamma1...",1455,1272,46,17,1432,1264,1478,1280
Mus musculus,hsa04517,363,PIK3CA,"P3R3URF-PIK3R3, LOC110117498-PIK3R3...",1456,1359,46,17,1433,1350,1479,1368
Mus musculus,hsa04517,363,PIK3CD,"P3R3URF-PIK3R3, LOC110117498-PIK3R3...",1456,1359,46,17,1433,1350,1479,1368
Mus musculus,hsa04517,363,PIK3R1,"P3R3URF-PIK3R3, LOC110117498-PIK3R3...",1456,1359,46,17,1433,1350,1479,1368
Mus musculus,hsa04517,363,PIK3R2,"P3R3URF-PIK3R3, LOC110117498-PIK3R3...",1456,1359,46,17,1433,1350,1479,1368
Mus musculus,hsa04517,372,PLCG2,"PLCG1, IDAA, NCKAP3, PLC-II, PLC1, PLC148, PLCgamma1...",659,219,46,17,636,210,682,228
Mus musculus,hsa04517,410,AKT2,"AKT3, MPPH, MPPH2, PKB-GAMMA, PKBG, PRKBG, RAC-PK-gamma, RAC-gamma, STK-2...",659,464,46,17,636,456,682,472
Mus musculus,hsa04517,621,PLCG2,"PLCG1, IDAA, NCKAP3, PLC-II, PLC1, PLC148, PLCgamma1...",854,1245,46,17,831,1236,877,1254
Mus musculus,hsa04517,639,PIK3CA,"P3R3URF-PIK3R3, LOC110117498-PIK3R3...",658,1390,46,17,635,1382,681,1398
Mus musculus,hsa04517,639,PIK3CD,"P3R3URF-PIK3R3, LOC110117498-PIK3R3...",658,1390,46,17,635,1382,681,1398
Mus musculus,hsa04517,639,PIK3R1,"P3R3URF-PIK3R3, LOC110117498-PIK3R3...",658,1390,46,17,635,1382,681,1398
Mus musculus,hsa04517,639,PIK3R2,"P3R3URF-PIK3R3, LOC110117498-PIK3R3...",658,1390,46,17,635,1382,681,1398
Mus musculus,hsa04517,642,AKT2,"AKT3, MPPH, MPPH2, PKB-GAMMA, PKBG, PRKBG, RAC-PK-gamma, RAC-gamma, STK-2...",804,1390,46,17,781,1382,827,1398
Mus musculus,hsa04517,662,IL1RAPL1,"IL1RAPL1, IL-1-RAPL-1, IL-1RAPL-1, IL1R8, IL1RAPL, IL1RAPL-1, MRX10, MRX21, MRX34, OPHN4, TIGIRR-2...",1067,843,46,17,1044,834,1090,852
Mus musculus,hsa04518,264,PIK3CA,"P3R3URF-PIK3R3, LOC110117498-PIK3R3...",359,796,46,17,336,788,382,804
Mus musculus,hsa04518,264,PIK3CD,"P3R3URF-PIK3R3, LOC110117498-PIK3R3...",359,796,46,17,336,788,382,804
Mus musculus,hsa04518,264,PIK3R1,"P3R3URF-PIK3R3, LOC110117498-PIK3R3...",359,796,46,17,336,788,382,804
Mus musculus,hsa04518,264,PIK3R2,"P3R3URF-PIK3R3, LOC110117498-PIK3R3...",359,796,46,17,336,788,382,804
Mus musculus,hsa04518,265,AKT2,"AKT3, MPPH, MPPH2, PKB-GAMMA, PKBG, PRKBG, RAC-PK-gamma, RAC-gamma, STK-2...",424,745,46,17,401,736,447,754
Mus musculus,hsa04520,39,INSR,"INSR, CD220, HHF5",282,737,46,17,259,728,305,746
Mus musculus,hsa04530,119,PRKAG2,"PRKAG2, AAKG, AAKG2, CMH6, H91620p, WPWS...",534,917,46,17,511,908,557,926
Mus musculus,hsa04540,65,GRM1,"GRM1, GPRC1A, MGLU1, MGLUR1, PPP1R85, SCA44, SCAR13...",276,709,46,17,253,700,299,718
Mus musculus,hsa04540,67,PLCB1,"PLCB1, DEE12, EIEE12, PI-PLC, PLC-154, PLC-I, PLC-beta-1, PLC154, PLCB1A, PLCB1B...",517,695,46,17,494,686,540,704
Mus musculus,hsa04540,67,PLCB3,"PLCB1, DEE12, EIEE12, PI-PLC, PLC-154, PLC-I, PLC-beta-1, PLC154, PLCB1A, PLCB1B...",517,695,46,17,494,686,540,704
Mus musculus,hsa04540,67,PLCB4,"PLCB1, DEE12, EIEE12, PI-PLC, PLC-154, PLC-I, PLC-beta-1, PLC154, PLCB1A, PLCB1B...",517,695,46,17,494,686,540,704
Mus musculus,hsa04540,69,ITPR1,"ITPR1, ACV, CLA4, INSP3R1, IP3R, IP3R1, PPP1R94, SCA15, SCA16, SCA29...",680,695,46,17,657,686,703,704
Mus musculus,hsa04540,69,ITPR2,"ITPR1, ACV, CLA4, INSP3R1, IP3R, IP3R1, PPP1R94, SCA15, SCA16, SCA29...",680,695,46,17,657,686,703,704
Mus musculus,hsa04550,43,PIK3CA,"P3R3URF-PIK3R3, LOC110117498-PIK3R3...",337,243,46,17,314,234,360,252
Mus musculus,hsa04550,43,PIK3CD,"P3R3URF-PIK3R3, LOC110117498-PIK3R3...",337,243,46,17,314,234,360,252
Mus musculus,hsa04550,43,PIK3R1,"P3R3URF-PIK3R3, LOC110117498-PIK3R3...",337,243,46,17,314,234,360,252
Mus musculus,hsa04550,43,PIK3R2,"P3R3URF-PIK3R3, LOC110117498-PIK3R3...",337,243,46,17,314,234,360,252
Mus musculus,hsa04550,44,AKT2,"AKT3, MPPH, MPPH2, PKB-GAMMA, PKBG, PRKBG, RAC-PK-gamma, RAC-gamma, STK-2...",433,243,46,17,410,234,456,252
Mus musculus,hsa04550,71,PIK3CA,"P3R3URF-PIK3R3, LOC110117498-PIK3R3...",338,930,46,17,315,922,361,938
Mus musculus,hsa04550,71,PIK3CD,"P3R3URF-PIK3R3, LOC110117498-PIK3R3...",338,930,46,17,315,922,361,938
Mus musculus,hsa04550,71,PIK3R1,"P3R3URF-PIK3R3, LOC110117498-PIK3R3...",338,930,46,17,315,922,361,938
Mus musculus,hsa04550,71,PIK3R2,"P3R3URF-PIK3R3, LOC110117498-PIK3R3...",338,930,46,17,315,922,361,938
Mus musculus,hsa04550,72,AKT2,"AKT3, MPPH, MPPH2, PKB-GAMMA, PKBG, PRKBG, RAC-PK-gamma, RAC-gamma, STK-2...",430,930,46,17,407,922,453,938
Mus musculus,hsa04611,121,PIK3R5,"PIK3R6, C17orf38, HsT41028, p84_PIKAP, p87(PIKAP), p87PIKAP...",481,491,46,17,458,482,504,500
Mus musculus,hsa04611,133,PLA2G4A,"PLA2G4B, HsT16992, cPLA2-beta...",296,788,46,17,273,780,319,796
Mus musculus,hsa04611,148,TBXAS1,"TBXAS1, BDPLT14, CYP5, CYP5A1, GHOSAL, THAS, TS, TXAS, TXS",790,775,46,17,767,766,813,784
Mus musculus,hsa04611,48,ITPR1,"ITPR1, ACV, CLA4, INSP3R1, IP3R, IP3R1, PPP1R94, SCA15, SCA16, SCA29...",684,320,46,17,661,312,707,328
Mus musculus,hsa04611,48,ITPR2,"ITPR1, ACV, CLA4, INSP3R1, IP3R, IP3R1, PPP1R94, SCA15, SCA16, SCA29...",684,320,46,17,661,312,707,328
Mus musculus,hsa04611,56,PLCB1,"PLCB1, DEE12, EIEE12, PI-PLC, PLC-154, PLC-I, PLC-beta-1, PLC154, PLCB1A, PLCB1B...",478,361,46,17,455,352,501,370
Mus musculus,hsa04611,56,PLCB3,"PLCB1, DEE12, EIEE12, PI-PLC, PLC-154, PLC-I, PLC-beta-1, PLC154, PLCB1A, PLCB1B...",478,361,46,17,455,352,501,370
Mus musculus,hsa04611,56,PLCB4,"PLCB1, DEE12, EIEE12, PI-PLC, PLC-154, PLC-I, PLC-beta-1, PLC154, PLCB1A, PLCB1B...",478,361,46,17,455,352,501,370
Mus musculus,hsa04611,61,PLCG2,"PLCG2, APLAID, FCAS3, PLC-IV, PLC-gamma-2",478,612,46,17,455,604,501,620
Mus musculus,hsa04611,76,PIK3CA,"P3R3URF-PIK3R3, LOC110117498-PIK3R3...",391,609,46,17,368,600,414,618
Mus musculus,hsa04611,76,PIK3CD,"P3R3URF-PIK3R3, LOC110117498-PIK3R3...",391,609,46,17,368,600,414,618
Mus musculus,hsa04611,76,PIK3R1,"P3R3URF-PIK3R3, LOC110117498-PIK3R3...",391,609,46,17,368,600,414,618
Mus musculus,hsa04611,76,PIK3R2,"P3R3URF-PIK3R3, LOC110117498-PIK3R3...",391,609,46,17,368,600,414,618
Mus musculus,hsa04611,78,AKT2,"AKT3, MPPH, MPPH2, PKB-GAMMA, PKBG, PRKBG, RAC-PK-gamma, RAC-gamma, STK-2...",477,668,46,17,454,660,500,676
Mus musculus,hsa04612,24,CTSB,"CTSB, APPS, CPSB, KWE, RECEUP...",427,563,46,17,404,554,450,572
Mus musculus,hsa04612,28,CTSB,"CTSB, APPS, CPSB, KWE, RECEUP",355,453,46,17,332,444,378,462
Mus musculus,hsa04613,218,SLC25A4,"PPIF, CYP3, CyP-M, Cyp-D, CypD...",805,388,46,17,782,380,828,396
Mus musculus,hsa04613,29,PIK3CA,"P3R3URF-PIK3R3, LOC110117498-PIK3R3...",386,553,46,17,363,544,409,562
Mus musculus,hsa04613,29,PIK3CD,"P3R3URF-PIK3R3, LOC110117498-PIK3R3...",386,553,46,17,363,544,409,562
Mus musculus,hsa04613,29,PIK3R1,"P3R3URF-PIK3R3, LOC110117498-PIK3R3...",386,553,46,17,363,544,409,562
Mus musculus,hsa04613,29,PIK3R2,"P3R3URF-PIK3R3, LOC110117498-PIK3R3...",386,553,46,17,363,544,409,562
Mus musculus,hsa04613,40,PLCB1,"PLCB1, DEE12, EIEE12, PI-PLC, PLC-154, PLC-I, PLC-beta-1, PLC154, PLCB1A, PLCB1B...",437,447,46,17,414,438,460,456
Mus musculus,hsa04613,40,PLCB3,"PLCB1, DEE12, EIEE12, PI-PLC, PLC-154, PLC-I, PLC-beta-1, PLC154, PLCB1A, PLCB1B...",437,447,46,17,414,438,460,456
Mus musculus,hsa04613,40,PLCB4,"PLCB1, DEE12, EIEE12, PI-PLC, PLC-154, PLC-I, PLC-beta-1, PLC154, PLCB1A, PLCB1B...",437,447,46,17,414,438,460,456
Mus musculus,hsa04613,40,PLCG2,"PLCB1, DEE12, EIEE12, PI-PLC, PLC-154, PLC-I, PLC-beta-1, PLC154, PLCB1A, PLCB1B...",437,447,46,17,414,438,460,456
Mus musculus,hsa04613,58,AKT2,"AKT3, MPPH, MPPH2, PKB-GAMMA, PKBG, PRKBG, RAC-PK-gamma, RAC-gamma, STK-2...",513,553,46,17,490,544,536,562
Mus musculus,hsa04614,25,CTSA,"CTSA, GLB2, GSL, NGBE, PPCA, PPGB",292,258,46,17,269,250,315,266
Mus musculus,hsa04614,50,ATP6AP2,"ATP6AP2, APT6M8-9, ATP6IP2, ATP6M8-9, CDG2R, ELDF10, HT028, M8-9, MRXE, MRXSH, MSTP009, PRR, RENR, XMRE, XPDS",603,680,46,17,580,672,626,688
Mus musculus,hsa04620,177,PIK3CA,"P3R3URF-PIK3R3, LOC110117498-PIK3R3...",431,130,46,17,408,122,454,138
Mus musculus,hsa04620,177,PIK3CD,"P3R3URF-PIK3R3, LOC110117498-PIK3R3...",431,130,46,17,408,122,454,138
Mus musculus,hsa04620,177,PIK3R1,"P3R3URF-PIK3R3, LOC110117498-PIK3R3...",431,130,46,17,408,122,454,138
Mus musculus,hsa04620,177,PIK3R2,"P3R3URF-PIK3R3, LOC110117498-PIK3R3...",431,130,46,17,408,122,454,138
Mus musculus,hsa04620,187,CTSK,"CTSK, CTS02, CTSO, CTSO1, CTSO2, PKND, PYCD",303,529,46,17,280,520,326,538
Mus musculus,hsa04620,197,STAT2,"STAT2, IMD44, ISGF-3, P113, PTORCH3, STAT113",793,683,46,17,770,674,816,692
Mus musculus,hsa04620,41,TBK1,"TBK1, AIARV, FTDALS4, IIAE8, NAK, T2K",590,584,46,17,567,576,613,592
Mus musculus,hsa04620,48,AKT2,"AKT3, MPPH, MPPH2, PKB-GAMMA, PKBG, PRKBG, RAC-PK-gamma, RAC-gamma, STK-2...",507,130,46,17,484,122,530,138
Mus musculus,hsa04621,114,TBK1,"TBK1, AIARV, FTDALS4, IIAE8, NAK, T2K",997,375,46,17,974,366,1020,384
Mus musculus,hsa04621,129,ITPR1,"ITPR1, ACV, CLA4, INSP3R1, IP3R, IP3R1, PPP1R94, SCA15, SCA16, SCA29...",474,670,46,17,451,662,497,678
Mus musculus,hsa04621,129,ITPR2,"ITPR1, ACV, CLA4, INSP3R1, IP3R, IP3R1, PPP1R94, SCA15, SCA16, SCA29...",474,670,46,17,451,662,497,678
Mus musculus,hsa04621,130,PLCB1,"PLCB1, DEE12, EIEE12, PI-PLC, PLC-154, PLC-I, PLC-beta-1, PLC154, PLCB1A, PLCB1B...",328,669,46,17,305,660,351,678
Mus musculus,hsa04621,130,PLCB3,"PLCB1, DEE12, EIEE12, PI-PLC, PLC-154, PLC-I, PLC-beta-1, PLC154, PLCB1A, PLCB1B...",328,669,46,17,305,660,351,678
Mus musculus,hsa04621,130,PLCB4,"PLCB1, DEE12, EIEE12, PI-PLC, PLC-154, PLC-I, PLC-beta-1, PLC154, PLCB1A, PLCB1B...",328,669,46,17,305,660,351,678
Mus musculus,hsa04621,140,STAT2,"STAT1, CANDF7, IMD31A, IMD31B, IMD31C, ISGF-3, STAT91...",1476,619,46,17,1453,610,1499,628
Mus musculus,hsa04621,216,TXN2,"TXN2, COXPD29, MT-TRX, MTRX, TRX2, TXN...",618,843,46,17,595,834,641,852
Mus musculus,hsa04621,220,RBCK1,"RBCK1, C20orf18, HOIL-1, HOIL1, PBMEI, PGBM1, RBCK2, RNF54, UBCE7IP3, XAP3, XAP4, ZRANB4...",618,199,46,17,595,190,641,208
Mus musculus,hsa04621,220,RNF31,"RBCK1, C20orf18, HOIL-1, HOIL1, PBMEI, PGBM1, RBCK2, RNF54, UBCE7IP3, XAP3, XAP4, ZRANB4...",618,199,46,17,595,190,641,208
Mus musculus,hsa04621,230,ATG5,"ATG5, APG5, APG5-LIKE, APG5L, ASP, SCAR25, hAPG5",328,243,46,17,305,234,351,252
Mus musculus,hsa04621,255,TBK1,"TBK1, AIARV, FTDALS4, IIAE8, NAK, T2K",1568,1112,46,17,1545,1104,1591,1120
Mus musculus,hsa04621,331,MFN2,"MFN1, hfzo1, hfzo2...",618,796,46,17,595,788,641,804
Mus musculus,hsa04621,343,DNM1L,"DNM1L, DLP1, DRP1, DVLP, DYMPLE, EMPF, EMPF1, HDYNIV, OPA5",406,788,46,17,383,780,429,796
Mus musculus,hsa04621,347,CTSB,"CTSB, APPS, CPSB, KWE, RECEUP",618,547,46,17,595,538,641,556
Mus musculus,hsa04621,367,OAS1,"OAS1, E18/E16, IFI-4, IMD100, OIAS, OIASI...",406,717,46,17,383,708,429,726
Mus musculus,hsa04621,420,PSTPIP1,"PSTPIP1, AICZC, CD2BP1, CD2BP1L, CD2BP1S, H-PIP, PAPA, PAPAS, PSTPIP",777,1238,46,17,754,1230,800,1246
Mus musculus,hsa04621,70,PSTPIP1,"PSTPIP1, AICZC, CD2BP1, CD2BP1L, CD2BP1S, H-PIP, PAPA, PAPAS, PSTPIP",866,769,46,17,843,760,889,778
Mus musculus,hsa04622,10,IFIH1,"IFIH1, AGS7, Hlcd, IDDM19, IMD95, MDA-5, MDA5, RLR-2, SGMRT1",444,505,46,17,421,496,467,514
Mus musculus,hsa04622,139,ADAR,"ADAR, ADAR1, AGS6, DRADA, DSH, DSRAD, G1P1, IFI-4, IFI4, K88DSRBP, P136",320,390,46,17,297,382,343,398
Mus musculus,hsa04622,53,TBK1,"TBK1, AIARV, FTDALS4, IIAE8, NAK, T2K",931,339,46,17,908,330,954,348
Mus musculus,hsa04622,66,ATG5,"ATG5, APG5, APG5-LIKE, APG5L, ASP, SCAR25, hAPG5",550,226,46,17,527,218,573,234
Mus musculus,hsa04622,90,TKFC,"TKFC, DAK, NET45, TKFCD",437,424,46,17,414,416,460,432
Mus musculus,hsa04623,100,SAMHD1,"SAMHD1, CHBL2, DCIP, HDDC1, MOP-5, SBBI88, hSAMHD1",259,251,46,17,236,242,282,260
Mus musculus,hsa04623,22,TBK1,"TBK1, AIARV, FTDALS4, IIAE8, NAK, T2K",806,315,46,17,783,306,829,324
Mus musculus,hsa04623,44,ADAR,"ADAR, ADAR1, AGS6, DRADA, DSH, DSRAD, G1P1, IFI-4, IFI4, K88DSRBP, P136",259,230,46,17,236,222,282,238
Mus musculus,hsa04623,68,POLR1C,"POLR3F, C34, IMD101, RPC39, RPC6...",423,180,46,17,400,172,446,188
Mus musculus,hsa04623,68,POLR1D,"POLR3F, C34, IMD101, RPC39, RPC6...",423,180,46,17,400,172,446,188
Mus musculus,hsa04623,68,POLR3A,"POLR3F, C34, IMD101, RPC39, RPC6...",423,180,46,17,400,172,446,188
Mus musculus,hsa04623,68,POLR3B,"POLR3F, C34, IMD101, RPC39, RPC6...",423,180,46,17,400,172,446,188
Mus musculus,hsa04623,68,POLR3H,"POLR3F, C34, IMD101, RPC39, RPC6...",423,180,46,17,400,172,446,188
Mus musculus,hsa04623,79,TREX1,"TREX1, AGS1, CRV, DRN3, HERNS, RVCLS",259,272,46,17,236,264,282,280
Mus musculus,hsa04625,150,PLCG2,"PLCG2, APLAID, FCAS3, PLC-IV, PLC-gamma-2",373,265,46,17,350,256,396,274
Mus musculus,hsa04625,163,ITPR1,"ITPR1, ACV, CLA4, INSP3R1, IP3R, IP3R1, PPP1R94, SCA15, SCA16, SCA29...",467,221,46,17,444,212,490,230
Mus musculus,hsa04625,163,ITPR2,"ITPR1, ACV, CLA4, INSP3R1, IP3R, IP3R1, PPP1R94, SCA15, SCA16, SCA29...",467,221,46,17,444,212,490,230
Mus musculus,hsa04625,206,PLCG2,"PLCG2, APLAID, FCAS3, PLC-IV, PLC-gamma-2",384,829,46,17,361,820,407,838
Mus musculus,hsa04625,213,ITPR1,"ITPR1, ACV, CLA4, INSP3R1, IP3R, IP3R1, PPP1R94, SCA15, SCA16, SCA29...",553,830,46,17,530,822,576,838
Mus musculus,hsa04625,213,ITPR2,"ITPR1, ACV, CLA4, INSP3R1, IP3R, IP3R1, PPP1R94, SCA15, SCA16, SCA29...",553,830,46,17,530,822,576,838
Mus musculus,hsa04625,242,PIK3CA,"P3R3URF-PIK3R3, LOC110117498-PIK3R3...",662,687,46,17,639,678,685,696
Mus musculus,hsa04625,242,PIK3CD,"P3R3URF-PIK3R3, LOC110117498-PIK3R3...",662,687,46,17,639,678,685,696
Mus musculus,hsa04625,242,PIK3R1,"P3R3URF-PIK3R3, LOC110117498-PIK3R3...",662,687,46,17,639,678,685,696
Mus musculus,hsa04625,242,PIK3R2,"P3R3URF-PIK3R3, LOC110117498-PIK3R3...",662,687,46,17,639,678,685,696
Mus musculus,hsa04625,243,AKT2,"AKT3, MPPH, MPPH2, PKB-GAMMA, PKBG, PRKBG, RAC-PK-gamma, RAC-gamma, STK-2...",806,687,46,17,783,678,829,696
Mus musculus,hsa04625,84,STAT2,"STAT2, IMD44, ISGF-3, P113, PTORCH3, STAT113",1147,582,46,17,1124,574,1170,590
Mus musculus,hsa04630,129,STAT2,"STAT1, CANDF7, IMD31A, IMD31B, IMD31C, ISGF-3, STAT91...",369,572,46,17,346,564,392,580
Mus musculus,hsa04630,134,STAT2,"STAT1, CANDF7, IMD31A, IMD31B, IMD31C, ISGF-3, STAT91...",492,563,46,17,469,554,515,572
Mus musculus,hsa04630,209,AKT2,"AKT3, MPPH, MPPH2, PKB-GAMMA, PKBG, PRKBG, RAC-PK-gamma, RAC-gamma, STK-2...",377,831,46,17,354,822,400,840
Mus musculus,hsa04630,210,PIK3CA,"P3R3URF-PIK3R3, LOC110117498-PIK3R3...",294,830,46,17,271,822,317,838
Mus musculus,hsa04630,210,PIK3CD,"P3R3URF-PIK3R3, LOC110117498-PIK3R3...",294,830,46,17,271,822,317,838
Mus musculus,hsa04630,210,PIK3R1,"P3R3URF-PIK3R3, LOC110117498-PIK3R3...",294,830,46,17,271,822,317,838
Mus musculus,hsa04630,210,PIK3R2,"P3R3URF-PIK3R3, LOC110117498-PIK3R3...",294,830,46,17,271,822,317,838
Mus musculus,hsa04630,251,STAT2,"STAT1, CANDF7, IMD31A, IMD31B, IMD31C, ISGF-3, STAT91...",492,580,46,17,469,572,515,588
Mus musculus,hsa04640,76,TFRC,"TFRC, CD71, IMD46, T9, TFR, TFR1, TR, TRFR, p90",570,384,46,17,547,376,593,392
Mus musculus,hsa04650,31,PLCG2,"PLCG1, IDAA, NCKAP3, PLC-II, PLC1, PLC148, PLCgamma1...",739,650,46,17,716,642,762,658
Mus musculus,hsa04650,40,PLCG2,"PLCG1, IDAA, NCKAP3, PLC-II, PLC1, PLC148, PLCgamma1...",721,451,46,17,698,442,744,460
Mus musculus,hsa04650,75,PIK3CA,"P3R3URF-PIK3R3, LOC110117498-PIK3R3...",780,494,46,17,757,486,803,502
Mus musculus,hsa04650,75,PIK3CD,"P3R3URF-PIK3R3, LOC110117498-PIK3R3...",780,494,46,17,757,486,803,502
Mus musculus,hsa04650,75,PIK3R1,"P3R3URF-PIK3R3, LOC110117498-PIK3R3...",780,494,46,17,757,486,803,502
Mus musculus,hsa04650,75,PIK3R2,"P3R3URF-PIK3R3, LOC110117498-PIK3R3...",780,494,46,17,757,486,803,502
Mus musculus,hsa04657,124,TBK1,"TBK1, AIARV, FTDALS4, IIAE8, NAK, T2K",536,406,46,17,513,398,559,414
Mus musculus,hsa04660,24,AKT2,"AKT3, MPPH, MPPH2, PKB-GAMMA, PKBG, PRKBG, RAC-PK-gamma, RAC-gamma, STK-2...",459,793,46,17,436,784,482,802
Mus musculus,hsa04660,31,PIK3CA,"P3R3URF-PIK3R3, LOC110117498-PIK3R3...",286,793,46,17,263,784,309,802
Mus musculus,hsa04660,31,PIK3CD,"P3R3URF-PIK3R3, LOC110117498-PIK3R3...",286,793,46,17,263,784,309,802
Mus musculus,hsa04660,31,PIK3R1,"P3R3URF-PIK3R3, LOC110117498-PIK3R3...",286,793,46,17,263,784,309,802
Mus musculus,hsa04660,31,PIK3R2,"P3R3URF-PIK3R3, LOC110117498-PIK3R3...",286,793,46,17,263,784,309,802
Mus musculus,hsa04662,140,BLK,"BLK, MODY11",182,395,46,17,159,386,205,404
Mus musculus,hsa04662,18,AKT2,"AKT3, MPPH, MPPH2, PKB-GAMMA, PKBG, PRKBG, RAC-PK-gamma, RAC-gamma, STK-2...",519,620,46,17,496,612,542,628
Mus musculus,hsa04662,21,PIK3CA,"P3R3URF-PIK3R3, LOC110117498-PIK3R3...",360,619,46,17,337,610,383,628
Mus musculus,hsa04662,21,PIK3CD,"P3R3URF-PIK3R3, LOC110117498-PIK3R3...",360,619,46,17,337,610,383,628
Mus musculus,hsa04662,21,PIK3R1,"P3R3URF-PIK3R3, LOC110117498-PIK3R3...",360,619,46,17,337,610,383,628
Mus musculus,hsa04662,21,PIK3R2,"P3R3URF-PIK3R3, LOC110117498-PIK3R3...",360,619,46,17,337,610,383,628
Mus musculus,hsa04662,26,INPPL1,"INPP5D, SHIP, SHIP-1, SHIP1, SIP-145, hp51CN, p150Ship...",292,522,46,17,269,514,315,530
Mus musculus,hsa04662,35,PLCG2,"PLCG2, APLAID, FCAS3, PLC-IV, PLC-gamma-2",469,390,46,17,446,382,492,398
Mus musculus,hsa04664,34,AKT2,"AKT3, MPPH, MPPH2, PKB-GAMMA, PKBG, PRKBG, RAC-PK-gamma, RAC-gamma, STK-2...",621,257,46,17,598,248,644,266
Mus musculus,hsa04664,40,PIK3CA,"P3R3URF-PIK3R3, LOC110117498-PIK3R3...",423,311,46,17,400,302,446,320
Mus musculus,hsa04664,40,PIK3CD,"P3R3URF-PIK3R3, LOC110117498-PIK3R3...",423,311,46,17,400,302,446,320
Mus musculus,hsa04664,40,PIK3R1,"P3R3URF-PIK3R3, LOC110117498-PIK3R3...",423,311,46,17,400,302,446,320
Mus musculus,hsa04664,40,PIK3R2,"P3R3URF-PIK3R3, LOC110117498-PIK3R3...",423,311,46,17,400,302,446,320
Mus musculus,hsa04664,48,PLCG2,"PLCG1, IDAA, NCKAP3, PLC-II, PLC1, PLC148, PLCgamma1...",439,170,46,17,416,162,462,178
Mus musculus,hsa04664,57,PLA2G4A,"PLA2G4B, HsT16992, cPLA2-beta...",671,491,46,17,648,482,694,500
Mus musculus,hsa04666,109,PIP5K1C,"PIP5K1C, LCCS3, PIP5K-GAMMA, PIP5K1-gamma, PIP5Kgamma...",607,600,46,17,584,592,630,608
Mus musculus,hsa04666,125,DNM2,"DNM2, CMT2M, CMTDI1, CMTDIB, DI-CMTB, DYN2, DYNII, LCCS5",561,175,46,17,538,166,584,184
Mus musculus,hsa04666,29,PIK3CA,"P3R3URF-PIK3R3, LOC110117498-PIK3R3...",419,296,46,17,396,288,442,304
Mus musculus,hsa04666,29,PIK3CD,"P3R3URF-PIK3R3, LOC110117498-PIK3R3...",419,296,46,17,396,288,442,304
Mus musculus,hsa04666,29,PIK3R1,"P3R3URF-PIK3R3, LOC110117498-PIK3R3...",419,296,46,17,396,288,442,304
Mus musculus,hsa04666,29,PIK3R2,"P3R3URF-PIK3R3, LOC110117498-PIK3R3...",419,296,46,17,396,288,442,304
Mus musculus,hsa04666,31,INPPL1,"INPP5D, SHIP, SHIP-1, SHIP1, SIP-145, hp51CN, p150Ship...",412,182,46,17,389,174,435,190
Mus musculus,hsa04666,40,PLCG2,"PLCG1, IDAA, NCKAP3, PLC-II, PLC1, PLC148, PLCgamma1...",539,340,46,17,516,332,562,348
Mus musculus,hsa04666,50,PLA2G4A,"PLA2G4B, HsT16992, cPLA2-beta...",972,377,46,17,949,368,995,386
Mus musculus,hsa04666,58,AKT2,"AKT3, MPPH, MPPH2, PKB-GAMMA, PKBG, PRKBG, RAC-PK-gamma, RAC-gamma, STK-2...",611,278,46,17,588,270,634,286
Mus musculus,hsa04666,98,PLA2G6,"PLA2G6, CaI-PLA2, GVI, INAD1, IPLA2-VIA, NBIA2, NBIA2A, NBIA2B, PARK14, PLA2, PNPLA9, iPLA2, iPLA2beta",972,428,46,17,949,420,995,436
Mus musculus,hsa04668,124,PIK3CA,"P3R3URF-PIK3R3, LOC110117498-PIK3R3...",539,695,46,17,516,686,562,704
Mus musculus,hsa04668,124,PIK3CD,"P3R3URF-PIK3R3, LOC110117498-PIK3R3...",539,695,46,17,516,686,562,704
Mus musculus,hsa04668,124,PIK3R1,"P3R3URF-PIK3R3, LOC110117498-PIK3R3...",539,695,46,17,516,686,562,704
Mus musculus,hsa04668,124,PIK3R2,"P3R3URF-PIK3R3, LOC110117498-PIK3R3...",539,695,46,17,516,686,562,704
Mus musculus,hsa04668,126,AKT2,"AKT3, MPPH, MPPH2, PKB-GAMMA, PKBG, PRKBG, RAC-PK-gamma, RAC-gamma, STK-2...",696,695,46,17,673,686,719,704
Mus musculus,hsa04668,146,DNM1L,"DNM1L, DLP1, DRP1, DVLP, DYMPLE, EMPF, EMPF1, HDYNIV, OPA5",803,601,46,17,780,592,826,610
Mus musculus,hsa04670,137,PLCG2,"PLCG1, IDAA, NCKAP3, PLC-II, PLC1, PLC148, PLCgamma1...",687,378,46,17,664,370,710,386
Mus musculus,hsa04670,149,PIK3CA,"P3R3URF-PIK3R3, LOC110117498-PIK3R3...",895,209,46,17,872,200,918,218
Mus musculus,hsa04670,149,PIK3CD,"P3R3URF-PIK3R3, LOC110117498-PIK3R3...",895,209,46,17,872,200,918,218
Mus musculus,hsa04670,149,PIK3R1,"P3R3URF-PIK3R3, LOC110117498-PIK3R3...",895,209,46,17,872,200,918,218
Mus musculus,hsa04670,149,PIK3R2,"P3R3URF-PIK3R3, LOC110117498-PIK3R3...",895,209,46,17,872,200,918,218
Mus musculus,hsa04670,41,PIK3CA,"P3R3URF-PIK3R3, LOC110117498-PIK3R3...",635,403,46,17,612,394,658,412
Mus musculus,hsa04670,41,PIK3CD,"P3R3URF-PIK3R3, LOC110117498-PIK3R3...",635,403,46,17,612,394,658,412
Mus musculus,hsa04670,41,PIK3R1,"P3R3URF-PIK3R3, LOC110117498-PIK3R3...",635,403,46,17,612,394,658,412
Mus musculus,hsa04670,41,PIK3R2,"P3R3URF-PIK3R3, LOC110117498-PIK3R3...",635,403,46,17,612,394,658,412
Mus musculus,hsa04672,84,AICDA,"AICDA, AID, ARP2, CDA2, HEL-S-284, HIGM2",626,668,46,17,603,660,649,676
Mus musculus,hsa04672,85,AICDA,"AICDA, AID, ARP2, CDA2, HEL-S-284, HIGM2",626,513,46,17,603,504,649,522
Mus musculus,hsa04710,52,PRKAG2,"PRKAG2, AAKG, AAKG2, CMH6, H91620p, WPWS...",601,768,46,17,578,760,624,776
Mus musculus,hsa04713,14,GRIN1,"GRIN1, DEE101, GluN1, MRD8, NDHMSD, NDHMSR, NMD-R1, NMDA1, NMDAR1, NR1...",332,206,46,17,309,198,355,214
Mus musculus,hsa04713,14,GRIN2A,"GRIN1, DEE101, GluN1, MRD8, NDHMSD, NDHMSR, NMD-R1, NMDA1, NMDAR1, NR1...",332,206,46,17,309,198,355,214
Mus musculus,hsa04713,14,GRIN2B,"GRIN1, DEE101, GluN1, MRD8, NDHMSD, NDHMSR, NMD-R1, NMDA1, NMDAR1, NR1...",332,206,46,17,309,198,355,214
Mus musculus,hsa04713,14,GRIN2D,"GRIN1, DEE101, GluN1, MRD8, NDHMSD, NDHMSR, NMD-R1, NMDA1, NMDAR1, NR1...",332,206,46,17,309,198,355,214
Mus musculus,hsa04713,26,PLCB1,"PLCB1, DEE12, EIEE12, PI-PLC, PLC-154, PLC-I, PLC-beta-1, PLC154, PLCB1A, PLCB1B...",562,765,46,17,539,756,585,774
Mus musculus,hsa04713,26,PLCB3,"PLCB1, DEE12, EIEE12, PI-PLC, PLC-154, PLC-I, PLC-beta-1, PLC154, PLCB1A, PLCB1B...",562,765,46,17,539,756,585,774
Mus musculus,hsa04713,26,PLCB4,"PLCB1, DEE12, EIEE12, PI-PLC, PLC-154, PLC-I, PLC-beta-1, PLC154, PLCB1A, PLCB1B...",562,765,46,17,539,756,585,774
Mus musculus,hsa04713,35,ITPR1,"ITPR1, ACV, CLA4, INSP3R1, IP3R, IP3R1, PPP1R94, SCA15, SCA16, SCA29...",447,270,46,17,424,262,470,278
Mus musculus,hsa04713,48,GRIA2,"GRIA1, GLUH1, GLUR1, GLURA, GluA1, HBGR1, MRD67, MRT76...",332,152,46,17,309,144,355,160
Mus musculus,hsa04713,48,GRIA3,"GRIA1, GLUH1, GLUR1, GLURA, GluA1, HBGR1, MRD67, MRT76...",332,152,46,17,309,144,355,160
Mus musculus,hsa04713,48,GRIA4,"GRIA1, GLUH1, GLUR1, GLURA, GluA1, HBGR1, MRD67, MRT76...",332,152,46,17,309,144,355,160
Mus musculus,hsa04713,72,GRIN1,"GRIN1, DEE101, GluN1, MRD8, NDHMSD, NDHMSR, NMD-R1, NMDA1, NMDAR1, NR1...",332,511,46,17,309,502,355,520
Mus musculus,hsa04713,72,GRIN2A,"GRIN1, DEE101, GluN1, MRD8, NDHMSD, NDHMSR, NMD-R1, NMDA1, NMDAR1, NR1...",332,511,46,17,309,502,355,520
Mus musculus,hsa04713,72,GRIN2B,"GRIN1, DEE101, GluN1, MRD8, NDHMSD, NDHMSR, NMD-R1, NMDA1, NMDAR1, NR1...",332,511,46,17,309,502,355,520
Mus musculus,hsa04713,72,GRIN2D,"GRIN1, DEE101, GluN1, MRD8, NDHMSD, NDHMSR, NMD-R1, NMDA1, NMDAR1, NR1...",332,511,46,17,309,502,355,520
Mus musculus,hsa04713,81,GRIA2,"GRIA1, GLUH1, GLUR1, GLURA, GluA1, HBGR1, MRD67, MRT76...",332,457,46,17,309,448,355,466
Mus musculus,hsa04713,81,GRIA3,"GRIA1, GLUH1, GLUR1, GLURA, GluA1, HBGR1, MRD67, MRT76...",332,457,46,17,309,448,355,466
Mus musculus,hsa04713,81,GRIA4,"GRIA1, GLUH1, GLUR1, GLURA, GluA1, HBGR1, MRD67, MRT76...",332,457,46,17,309,448,355,466
Mus musculus,hsa04714,125,CPT2,"CPT2, CPT1, CPTASE, IIAE4",1269,445,46,17,1246,436,1292,454
Mus musculus,hsa04714,128,ACSL4,"ACSL1, ACS1, FACL1, FACL2, LACS, LACS1, LACS2...",1155,530,46,17,1132,522,1178,538
Mus musculus,hsa04714,148,PNPLA2,"PNPLA2, 1110001C14Rik, ATGL, FP17548, PEDF-R, TTS-2.2, TTS2, iPLA2zeta",522,291,46,17,499,282,545,300
Mus musculus,hsa04714,164,PRKAG2,"PRKAG2, AAKG, AAKG2, CMH6, H91620p, WPWS...",134,218,46,17,111,210,157,226
Mus musculus,hsa04714,179,SLC25A20,"SLC25A29, C14orf69, CACL, ORNT3...",1269,485,46,17,1246,476,1292,494
Mus musculus,hsa04714,180,COA3,NDUFC2-KCTD14...,1245,265,46,17,1222,256,1268,274
Mus musculus,hsa04714,180,COA5,NDUFC2-KCTD14...,1245,265,46,17,1222,256,1268,274
Mus musculus,hsa04714,180,COA6,NDUFC2-KCTD14...,1245,265,46,17,1222,256,1268,274
Mus musculus,hsa04714,180,COA7,NDUFC2-KCTD14...,1245,265,46,17,1222,256,1268,274
Mus musculus,hsa04714,180,COX10,NDUFC2-KCTD14...,1245,265,46,17,1222,256,1268,274
Mus musculus,hsa04714,180,COX11,NDUFC2-KCTD14...,1245,265,46,17,1222,256,1268,274
Mus musculus,hsa04714,180,COX14,NDUFC2-KCTD14...,1245,265,46,17,1222,256,1268,274
Mus musculus,hsa04714,180,COX15,NDUFC2-KCTD14...,1245,265,46,17,1222,256,1268,274
Mus musculus,hsa04714,180,COX16,NDUFC2-KCTD14...,1245,265,46,17,1222,256,1268,274
Mus musculus,hsa04714,180,COX20,NDUFC2-KCTD14...,1245,265,46,17,1222,256,1268,274
Mus musculus,hsa04714,180,COX4I1,NDUFC2-KCTD14...,1245,265,46,17,1222,256,1268,274
Mus musculus,hsa04714,180,COX4I2,NDUFC2-KCTD14...,1245,265,46,17,1222,256,1268,274
Mus musculus,hsa04714,180,COX5A,NDUFC2-KCTD14...,1245,265,46,17,1222,256,1268,274
Mus musculus,hsa04714,180,COX6A1,NDUFC2-KCTD14...,1245,265,46,17,1222,256,1268,274
Mus musculus,hsa04714,180,COX6A2,NDUFC2-KCTD14...,1245,265,46,17,1222,256,1268,274
Mus musculus,hsa04714,180,COX6B1,NDUFC2-KCTD14...,1245,265,46,17,1222,256,1268,274
Mus musculus,hsa04714,180,COX7B,NDUFC2-KCTD14...,1245,265,46,17,1222,256,1268,274
Mus musculus,hsa04714,180,COX8A,NDUFC2-KCTD14...,1245,265,46,17,1222,256,1268,274
Mus musculus,hsa04714,180,CYC1,NDUFC2-KCTD14...,1245,265,46,17,1222,256,1268,274
Mus musculus,hsa04714,180,NDUFA1,NDUFC2-KCTD14...,1245,265,46,17,1222,256,1268,274
Mus musculus,hsa04714,180,NDUFA10,NDUFC2-KCTD14...,1245,265,46,17,1222,256,1268,274
Mus musculus,hsa04714,180,NDUFA11,NDUFC2-KCTD14...,1245,265,46,17,1222,256,1268,274
Mus musculus,hsa04714,180,NDUFA12,NDUFC2-KCTD14...,1245,265,46,17,1222,256,1268,274
Mus musculus,hsa04714,180,NDUFA13,NDUFC2-KCTD14...,1245,265,46,17,1222,256,1268,274
Mus musculus,hsa04714,180,NDUFA2,NDUFC2-KCTD14...,1245,265,46,17,1222,256,1268,274
Mus musculus,hsa04714,180,NDUFA4,NDUFC2-KCTD14...,1245,265,46,17,1222,256,1268,274
Mus musculus,hsa04714,180,NDUFA6,NDUFC2-KCTD14...,1245,265,46,17,1222,256,1268,274
Mus musculus,hsa04714,180,NDUFA8,NDUFC2-KCTD14...,1245,265,46,17,1222,256,1268,274
Mus musculus,hsa04714,180,NDUFA9,NDUFC2-KCTD14...,1245,265,46,17,1222,256,1268,274
Mus musculus,hsa04714,180,NDUFAF1,NDUFC2-KCTD14...,1245,265,46,17,1222,256,1268,274
Mus musculus,hsa04714,180,NDUFAF2,NDUFC2-KCTD14...,1245,265,46,17,1222,256,1268,274
Mus musculus,hsa04714,180,NDUFAF3,NDUFC2-KCTD14...,1245,265,46,17,1222,256,1268,274
Mus musculus,hsa04714,180,NDUFAF4,NDUFC2-KCTD14...,1245,265,46,17,1222,256,1268,274
Mus musculus,hsa04714,180,NDUFAF5,NDUFC2-KCTD14...,1245,265,46,17,1222,256,1268,274
Mus musculus,hsa04714,180,NDUFAF6,NDUFC2-KCTD14...,1245,265,46,17,1222,256,1268,274
Mus musculus,hsa04714,180,NDUFAF7,NDUFC2-KCTD14...,1245,265,46,17,1222,256,1268,274
Mus musculus,hsa04714,180,NDUFAF8,NDUFC2-KCTD14...,1245,265,46,17,1222,256,1268,274
Mus musculus,hsa04714,180,NDUFB10,NDUFC2-KCTD14...,1245,265,46,17,1222,256,1268,274
Mus musculus,hsa04714,180,NDUFB11,NDUFC2-KCTD14...,1245,265,46,17,1222,256,1268,274
Mus musculus,hsa04714,180,NDUFB3,NDUFC2-KCTD14...,1245,265,46,17,1222,256,1268,274
Mus musculus,hsa04714,180,NDUFB8,NDUFC2-KCTD14...,1245,265,46,17,1222,256,1268,274
Mus musculus,hsa04714,180,NDUFB9,NDUFC2-KCTD14...,1245,265,46,17,1222,256,1268,274
Mus musculus,hsa04714,180,NDUFC2,NDUFC2-KCTD14...,1245,265,46,17,1222,256,1268,274
Mus musculus,hsa04714,180,NDUFS1,NDUFC2-KCTD14...,1245,265,46,17,1222,256,1268,274
Mus musculus,hsa04714,180,NDUFS2,NDUFC2-KCTD14...,1245,265,46,17,1222,256,1268,274
Mus musculus,hsa04714,180,NDUFS3,NDUFC2-KCTD14...,1245,265,46,17,1222,256,1268,274
Mus musculus,hsa04714,180,NDUFS4,NDUFC2-KCTD14...,1245,265,46,17,1222,256,1268,274
Mus musculus,hsa04714,180,NDUFS6,NDUFC2-KCTD14...,1245,265,46,17,1222,256,1268,274
Mus musculus,hsa04714,180,NDUFS7,NDUFC2-KCTD14...,1245,265,46,17,1222,256,1268,274
Mus musculus,hsa04714,180,NDUFS8,NDUFC2-KCTD14...,1245,265,46,17,1222,256,1268,274
Mus musculus,hsa04714,180,NDUFV1,NDUFC2-KCTD14...,1245,265,46,17,1222,256,1268,274
Mus musculus,hsa04714,180,NDUFV2,NDUFC2-KCTD14...,1245,265,46,17,1222,256,1268,274
Mus musculus,hsa04714,180,SDHA,NDUFC2-KCTD14...,1245,265,46,17,1222,256,1268,274
Mus musculus,hsa04714,180,SDHB,NDUFC2-KCTD14...,1245,265,46,17,1222,256,1268,274
Mus musculus,hsa04714,180,SDHC,NDUFC2-KCTD14...,1245,265,46,17,1222,256,1268,274
Mus musculus,hsa04714,180,SDHD,NDUFC2-KCTD14...,1245,265,46,17,1222,256,1268,274
Mus musculus,hsa04714,180,UQCRB,NDUFC2-KCTD14...,1245,265,46,17,1222,256,1268,274
Mus musculus,hsa04714,180,UQCRC1,NDUFC2-KCTD14...,1245,265,46,17,1222,256,1268,274
Mus musculus,hsa04714,180,UQCRC2,NDUFC2-KCTD14...,1245,265,46,17,1222,256,1268,274
Mus musculus,hsa04714,180,UQCRFS1,NDUFC2-KCTD14...,1245,265,46,17,1222,256,1268,274
Mus musculus,hsa04714,180,UQCRQ,NDUFC2-KCTD14...,1245,265,46,17,1222,256,1268,274
Mus musculus,hsa04714,181,ATP5F1A,"ATP5PD, APT5H, ATP5H, ATPQ...",1367,265,46,17,1344,256,1390,274
Mus musculus,hsa04714,181,ATP5F1B,"ATP5PD, APT5H, ATP5H, ATPQ...",1367,265,46,17,1344,256,1390,274
Mus musculus,hsa04714,181,ATP5F1D,"ATP5PD, APT5H, ATP5H, ATPQ...",1367,265,46,17,1344,256,1390,274
Mus musculus,hsa04714,181,ATP5F1E,"ATP5PD, APT5H, ATP5H, ATPQ...",1367,265,46,17,1344,256,1390,274
Mus musculus,hsa04714,181,ATP5PO,"ATP5PD, APT5H, ATP5H, ATPQ...",1367,265,46,17,1344,256,1390,274
Mus musculus,hsa04714,60,LIPE,"LIPE, AOMS4, FPLD6, HSL, LHS, REH",523,352,46,17,500,344,546,360
Mus musculus,hsa04714,65,PLIN1,"PLIN1, FPLD4, PERI, PLIN",415,352,46,17,392,344,438,360
Mus musculus,hsa04714,74,CPT1A,"CPT1C, CATL1, CPT_I-C, CPT1-B, CPT1P, CPTI-B, CPTIC, SPG73...",1269,533,46,17,1246,524,1292,542
Mus musculus,hsa04714,74,CPT1C,"CPT1C, CATL1, CPT_I-C, CPT1-B, CPT1P, CPTI-B, CPTIC, SPG73...",1269,533,46,17,1246,524,1292,542
Mus musculus,hsa04720,27,GRIN1,"GRIN1, DEE101, GluN1, MRD8, NDHMSD, NDHMSR, NMD-R1, NMDA1, NMDAR1, NR1...",317,439,46,17,294,430,340,448
Mus musculus,hsa04720,27,GRIN2A,"GRIN1, DEE101, GluN1, MRD8, NDHMSD, NDHMSR, NMD-R1, NMDA1, NMDAR1, NR1...",317,439,46,17,294,430,340,448
Mus musculus,hsa04720,27,GRIN2B,"GRIN1, DEE101, GluN1, MRD8, NDHMSD, NDHMSR, NMD-R1, NMDA1, NMDAR1, NR1...",317,439,46,17,294,430,340,448
Mus musculus,hsa04720,27,GRIN2D,"GRIN1, DEE101, GluN1, MRD8, NDHMSD, NDHMSR, NMD-R1, NMDA1, NMDAR1, NR1...",317,439,46,17,294,430,340,448
Mus musculus,hsa04720,32,GRIA2,"GRIA1, GLUH1, GLUR1, GLURA, GluA1, HBGR1, MRD67, MRT76...",317,175,46,17,294,166,340,184
Mus musculus,hsa04720,41,GRM1,"GRM1, GPRC1A, MGLU1, MGLUR1, PPP1R85, SCA44, SCAR13...",316,590,46,17,293,582,339,598
Mus musculus,hsa04720,42,PLCB1,"PLCB1, DEE12, EIEE12, PI-PLC, PLC-154, PLC-I, PLC-beta-1, PLC154, PLCB1A, PLCB1B...",464,590,46,17,441,582,487,598
Mus musculus,hsa04720,42,PLCB3,"PLCB1, DEE12, EIEE12, PI-PLC, PLC-154, PLC-I, PLC-beta-1, PLC154, PLCB1A, PLCB1B...",464,590,46,17,441,582,487,598
Mus musculus,hsa04720,42,PLCB4,"PLCB1, DEE12, EIEE12, PI-PLC, PLC-154, PLC-I, PLC-beta-1, PLC154, PLCB1A, PLCB1B...",464,590,46,17,441,582,487,598
Mus musculus,hsa04720,43,ITPR1,"ITPR1, ACV, CLA4, INSP3R1, IP3R, IP3R1, PPP1R94, SCA15, SCA16, SCA29...",582,529,46,17,559,520,605,538
Mus musculus,hsa04720,43,ITPR2,"ITPR1, ACV, CLA4, INSP3R1, IP3R, IP3R1, PPP1R94, SCA15, SCA16, SCA29...",582,529,46,17,559,520,605,538
Mus musculus,hsa04721,158,SYT1,"SYT1, BAGOS, P65, SVP65, SYT",682,619,46,17,659,610,705,628
Mus musculus,hsa04721,159,SYT1,"SYT1, BAGOS, P65, SVP65, SYT",285,345,46,17,262,336,308,354
Mus musculus,hsa04721,160,VAMP2,"VAMP2, NEDHAHM, SYB2, VAMP-2",283,392,46,17,260,384,306,400
Mus musculus,hsa04721,164,CLTC,"CLTA, LCA...",1326,518,46,17,1303,510,1349,526
Mus musculus,hsa04721,165,AP2S1,"AP2M1, AP50, CLAPM1, MRD60, mu2...",1376,538,46,17,1353,530,1399,546
Mus musculus,hsa04721,168,DNM1,"DNM1, DEE31, DEE31A, DEE31B, DNM, EIEE31...",1288,680,46,17,1265,672,1311,688
Mus musculus,hsa04721,168,DNM2,"DNM1, DEE31, DEE31A, DEE31B, DNM, EIEE31...",1288,680,46,17,1265,672,1311,688
Mus musculus,hsa04721,169,DNM1,"DNM1, DEE31, DEE31A, DEE31B, DNM, EIEE31...",1369,681,46,17,1346,672,1392,690
Mus musculus,hsa04721,169,DNM2,"DNM1, DEE31, DEE31A, DEE31B, DNM, EIEE31...",1369,681,46,17,1346,672,1392,690
Mus musculus,hsa04721,171,SYT1,"SYT1, BAGOS, P65, SVP65, SYT",410,598,46,17,387,590,433,606
Mus musculus,hsa04721,186,STXBP1,"STXBP1, DEE4, MUNC18-1, N-Sec1, NSEC1, P67, RBSEC1, UNC18, unc-18A, unc18-1",300,637,46,17,277,628,323,646
Mus musculus,hsa04721,188,SYT1,"SYT1, BAGOS, P65, SVP65, SYT",1100,587,46,17,1077,578,1123,596
Mus musculus,hsa04721,190,SNAP25,"SNAP25, CMS18, RIC-4, RIC4, SEC9, SNAP, SNAP-25, SUP, bA416N4.2, dJ1068F16.2",907,636,46,17,884,628,930,644
Mus musculus,hsa04721,191,VAMP2,"VAMP2, NEDHAHM, SYB2, VAMP-2",953,589,46,17,930,580,976,598
Mus musculus,hsa04721,192,STX1B,"STX1B, GEFSP9, STX1B1, STX1B2...",901,612,46,17,878,604,924,620
Mus musculus,hsa04721,262,SYT1,"SYT1, BAGOS, P65, SVP65, SYT",358,526,46,17,335,518,381,534
Mus musculus,hsa04721,264,SLC18A2,"SLC32A1, VGAT, VIAAT, VIAAT_GEFSP12...",553,188,46,17,530,180,576,196
Mus musculus,hsa04721,265,SLC18A2,"SLC32A1, VGAT, VIAAT, VIAAT_GEFSP12...",675,318,46,17,652,310,698,326
Mus musculus,hsa04721,266,ATP6V0A2,ATP6V1FP2...,1037,365,46,17,1014,356,1060,374
Mus musculus,hsa04721,266,ATP6V1A,ATP6V1FP2...,1037,365,46,17,1014,356,1060,374
Mus musculus,hsa04721,266,ATP6V1E1,ATP6V1FP2...,1037,365,46,17,1014,356,1060,374
Mus musculus,hsa04721,267,ATP6V0A2,ATP6V1FP2...,1177,235,46,17,1154,226,1200,244
Mus musculus,hsa04721,267,ATP6V1A,ATP6V1FP2...,1177,235,46,17,1154,226,1200,244
Mus musculus,hsa04721,267,ATP6V1E1,ATP6V1FP2...,1177,235,46,17,1154,226,1200,244
Mus musculus,hsa04721,268,SLC1A1,"SLC1A1, DCBXA, EAAC1, EAAT3, SCZD18, hEAAC1...",122,438,46,17,99,430,145,446
Mus musculus,hsa04721,268,SLC1A2,"SLC1A1, DCBXA, EAAC1, EAAT3, SCZD18, hEAAC1...",122,438,46,17,99,430,145,446
Mus musculus,hsa04721,268,SLC1A3,"SLC1A1, DCBXA, EAAC1, EAAT3, SCZD18, hEAAC1...",122,438,46,17,99,430,145,446
Mus musculus,hsa04721,268,SLC6A1,"SLC1A1, DCBXA, EAAC1, EAAT3, SCZD18, hEAAC1...",122,438,46,17,99,430,145,446
Mus musculus,hsa04721,268,SLC6A2,"SLC1A1, DCBXA, EAAC1, EAAT3, SCZD18, hEAAC1...",122,438,46,17,99,430,145,446
Mus musculus,hsa04721,268,SLC6A3,"SLC1A1, DCBXA, EAAC1, EAAT3, SCZD18, hEAAC1...",122,438,46,17,99,430,145,446
Mus musculus,hsa04721,268,SLC6A5,"SLC1A1, DCBXA, EAAC1, EAAT3, SCZD18, hEAAC1...",122,438,46,17,99,430,145,446
Mus musculus,hsa04721,268,SLC6A9,"SLC1A1, DCBXA, EAAC1, EAAT3, SCZD18, hEAAC1...",122,438,46,17,99,430,145,446
Mus musculus,hsa04721,87,STX1B,"STX1B, GEFSP9, STX1B1, STX1B2...",411,644,46,17,388,636,434,652
Mus musculus,hsa04721,91,VAMP2,"VAMP2, NEDHAHM, SYB2, VAMP-2",411,621,46,17,388,612,434,630
Mus musculus,hsa04721,93,SNAP25,"SNAP25, CMS18, RIC-4, RIC4, SEC9, SNAP, SNAP-25, SUP, bA416N4.2, dJ1068F16.2",411,671,46,17,388,662,434,680
Mus musculus,hsa04722,11,PIK3CA,"P3R3URF-PIK3R3, LOC110117498-PIK3R3...",431,361,46,17,408,352,454,370
Mus musculus,hsa04722,11,PIK3CD,"P3R3URF-PIK3R3, LOC110117498-PIK3R3...",431,361,46,17,408,352,454,370
Mus musculus,hsa04722,11,PIK3R1,"P3R3URF-PIK3R3, LOC110117498-PIK3R3...",431,361,46,17,408,352,454,370
Mus musculus,hsa04722,11,PIK3R2,"P3R3URF-PIK3R3, LOC110117498-PIK3R3...",431,361,46,17,408,352,454,370
Mus musculus,hsa04722,12,PLCG2,"PLCG1, IDAA, NCKAP3, PLC-II, PLC1, PLC148, PLCgamma1...",291,487,46,17,268,478,314,496
Mus musculus,hsa04722,33,AKT2,"AKT3, MPPH, MPPH2, PKB-GAMMA, PKBG, PRKBG, RAC-PK-gamma, RAC-gamma, STK-2...",618,361,46,17,595,352,641,370
Mus musculus,hsa04723,128,GRM1,"GRM1, GPRC1A, MGLU1, MGLUR1, PPP1R85, SCA44, SCAR13...",641,312,46,17,618,304,664,320
Mus musculus,hsa04723,161,GRIA2,"GRIA1, GLUH1, GLUR1, GLURA, GluA1, HBGR1, MRD67, MRT76...",641,238,46,17,618,230,664,246
Mus musculus,hsa04723,161,GRIA3,"GRIA1, GLUH1, GLUR1, GLURA, GluA1, HBGR1, MRD67, MRT76...",641,238,46,17,618,230,664,246
Mus musculus,hsa04723,161,GRIA4,"GRIA1, GLUH1, GLUR1, GLURA, GluA1, HBGR1, MRD67, MRT76...",641,238,46,17,618,230,664,246
Mus musculus,hsa04723,238,NDUFA1,NDUFC2-KCTD14...,388,951,46,17,365,942,411,960
Mus musculus,hsa04723,238,NDUFA10,NDUFC2-KCTD14...,388,951,46,17,365,942,411,960
Mus musculus,hsa04723,238,NDUFA11,NDUFC2-KCTD14...,388,951,46,17,365,942,411,960
Mus musculus,hsa04723,238,NDUFA12,NDUFC2-KCTD14...,388,951,46,17,365,942,411,960
Mus musculus,hsa04723,238,NDUFA13,NDUFC2-KCTD14...,388,951,46,17,365,942,411,960
Mus musculus,hsa04723,238,NDUFA2,NDUFC2-KCTD14...,388,951,46,17,365,942,411,960
Mus musculus,hsa04723,238,NDUFA4,NDUFC2-KCTD14...,388,951,46,17,365,942,411,960
Mus musculus,hsa04723,238,NDUFA6,NDUFC2-KCTD14...,388,951,46,17,365,942,411,960
Mus musculus,hsa04723,238,NDUFA8,NDUFC2-KCTD14...,388,951,46,17,365,942,411,960
Mus musculus,hsa04723,238,NDUFA9,NDUFC2-KCTD14...,388,951,46,17,365,942,411,960
Mus musculus,hsa04723,238,NDUFB10,NDUFC2-KCTD14...,388,951,46,17,365,942,411,960
Mus musculus,hsa04723,238,NDUFB11,NDUFC2-KCTD14...,388,951,46,17,365,942,411,960
Mus musculus,hsa04723,238,NDUFB3,NDUFC2-KCTD14...,388,951,46,17,365,942,411,960
Mus musculus,hsa04723,238,NDUFB8,NDUFC2-KCTD14...,388,951,46,17,365,942,411,960
Mus musculus,hsa04723,238,NDUFB9,NDUFC2-KCTD14...,388,951,46,17,365,942,411,960
Mus musculus,hsa04723,238,NDUFC2,NDUFC2-KCTD14...,388,951,46,17,365,942,411,960
Mus musculus,hsa04723,238,NDUFS1,NDUFC2-KCTD14...,388,951,46,17,365,942,411,960
Mus musculus,hsa04723,238,NDUFS2,NDUFC2-KCTD14...,388,951,46,17,365,942,411,960
Mus musculus,hsa04723,238,NDUFS3,NDUFC2-KCTD14...,388,951,46,17,365,942,411,960
Mus musculus,hsa04723,238,NDUFS4,NDUFC2-KCTD14...,388,951,46,17,365,942,411,960
Mus musculus,hsa04723,238,NDUFS6,NDUFC2-KCTD14...,388,951,46,17,365,942,411,960
Mus musculus,hsa04723,238,NDUFS7,NDUFC2-KCTD14...,388,951,46,17,365,942,411,960
Mus musculus,hsa04723,238,NDUFS8,NDUFC2-KCTD14...,388,951,46,17,365,942,411,960
Mus musculus,hsa04723,238,NDUFV1,NDUFC2-KCTD14...,388,951,46,17,365,942,411,960
Mus musculus,hsa04723,238,NDUFV2,NDUFC2-KCTD14...,388,951,46,17,365,942,411,960
Mus musculus,hsa04723,26,PLCB1,"PLCB1, DEE12, EIEE12, PI-PLC, PLC-154, PLC-I, PLC-beta-1, PLC154, PLCB1A, PLCB1B...",829,312,46,17,806,304,852,320
Mus musculus,hsa04723,26,PLCB3,"PLCB1, DEE12, EIEE12, PI-PLC, PLC-154, PLC-I, PLC-beta-1, PLC154, PLCB1A, PLCB1B...",829,312,46,17,806,304,852,320
Mus musculus,hsa04723,26,PLCB4,"PLCB1, DEE12, EIEE12, PI-PLC, PLC-154, PLC-I, PLC-beta-1, PLC154, PLCB1A, PLCB1B...",829,312,46,17,806,304,852,320
Mus musculus,hsa04723,32,ITPR1,"ITPR1, ACV, CLA4, INSP3R1, IP3R, IP3R1, PPP1R94, SCA15, SCA16, SCA29...",941,257,46,17,918,248,964,266
Mus musculus,hsa04723,32,ITPR2,"ITPR1, ACV, CLA4, INSP3R1, IP3R, IP3R1, PPP1R94, SCA15, SCA16, SCA29...",941,257,46,17,918,248,964,266
Mus musculus,hsa04723,75,GABRA1,GABRR3...,900,947,46,17,877,938,923,956
Mus musculus,hsa04723,75,GABRA6,GABRR3...,900,947,46,17,877,938,923,956
Mus musculus,hsa04723,75,GABRB1,GABRR3...,900,947,46,17,877,938,923,956
Mus musculus,hsa04723,75,GABRB2,GABRR3...,900,947,46,17,877,938,923,956
Mus musculus,hsa04723,75,GABRB3,GABRR3...,900,947,46,17,877,938,923,956
Mus musculus,hsa04723,75,GABRD,GABRR3...,900,947,46,17,877,938,923,956
Mus musculus,hsa04723,75,GABRG2,GABRR3...,900,947,46,17,877,938,923,956
Mus musculus,hsa04724,100,GLS,"GLS2, GA, GLS, LGA, hLGA...",164,525,46,17,141,516,187,534
Mus musculus,hsa04724,101,GLUL,"GLUL, DEE116, GLNS, GS, PIG43, PIG59",569,85,46,17,546,76,592,94
Mus musculus,hsa04724,103,SLC1A2,"SLC1A2, DEE41, EAAT2, EIEE41, GLT-1, GLT1, HBGT...",623,767,46,17,600,758,646,776
Mus musculus,hsa04724,198,PLA2G4A,"PLA2G4B, HsT16992, cPLA2-beta...",1177,633,46,17,1154,624,1200,642
Mus musculus,hsa04724,30,GRIA2,"GRIA1, GLUH1, GLUR1, GLURA, GluA1, HBGR1, MRD67, MRT76...",774,480,46,17,751,472,797,488
Mus musculus,hsa04724,30,GRIA3,"GRIA1, GLUH1, GLUR1, GLURA, GluA1, HBGR1, MRD67, MRT76...",774,480,46,17,751,472,797,488
Mus musculus,hsa04724,30,GRIA4,"GRIA1, GLUH1, GLUR1, GLURA, GluA1, HBGR1, MRD67, MRT76...",774,480,46,17,751,472,797,488
Mus musculus,hsa04724,31,GRIN1,"GRIN3A, GluN3A, NMDAR-L, NMDAR3A, NR3A...",774,534,46,17,751,526,797,542
Mus musculus,hsa04724,31,GRIN2A,"GRIN3A, GluN3A, NMDAR-L, NMDAR3A, NR3A...",774,534,46,17,751,526,797,542
Mus musculus,hsa04724,31,GRIN2B,"GRIN3A, GluN3A, NMDAR-L, NMDAR3A, NR3A...",774,534,46,17,751,526,797,542
Mus musculus,hsa04724,31,GRIN2D,"GRIN3A, GluN3A, NMDAR-L, NMDAR3A, NR3A...",774,534,46,17,751,526,797,542
Mus musculus,hsa04724,32,GRM1,"GRM1, GPRC1A, MGLU1, MGLUR1, PPP1R85, SCA44, SCAR13...",774,712,46,17,751,704,797,720
Mus musculus,hsa04724,34,GRM6,"GRM4, GPRC1D, MGLUR4, mGlu4...",774,778,46,17,751,770,797,786
Mus musculus,hsa04724,38,SLC1A1,"SLC1A1, DCBXA, EAAC1, EAAT3, SCZD18, hEAAC1...",858,321,46,17,835,312,881,330
Mus musculus,hsa04724,40,SLC1A2,"SLC1A2, DEE41, EAAT2, EIEE41, GLT-1, GLT1, HBGT...",710,219,46,17,687,210,733,228
Mus musculus,hsa04724,40,SLC1A3,"SLC1A2, DEE41, EAAT2, EIEE41, GLT-1, GLT1, HBGT...",710,219,46,17,687,210,733,228
Mus musculus,hsa04724,65,PLCB1,"PLCB1, DEE12, EIEE12, PI-PLC, PLC-154, PLC-I, PLC-beta-1, PLC154, PLCB1A, PLCB1B...",992,668,46,17,969,660,1015,676
Mus musculus,hsa04724,65,PLCB3,"PLCB1, DEE12, EIEE12, PI-PLC, PLC-154, PLC-I, PLC-beta-1, PLC154, PLCB1A, PLCB1B...",992,668,46,17,969,660,1015,676
Mus musculus,hsa04724,65,PLCB4,"PLCB1, DEE12, EIEE12, PI-PLC, PLC-154, PLC-I, PLC-beta-1, PLC154, PLCB1A, PLCB1B...",992,668,46,17,969,660,1015,676
Mus musculus,hsa04724,78,ITPR1,"ITPR1, ACV, CLA4, INSP3R1, IP3R, IP3R1, PPP1R94, SCA15, SCA16, SCA29...",1102,580,46,17,1079,572,1125,588
Mus musculus,hsa04724,78,ITPR2,"ITPR1, ACV, CLA4, INSP3R1, IP3R, IP3R1, PPP1R94, SCA15, SCA16, SCA29...",1102,580,46,17,1079,572,1125,588
Mus musculus,hsa04725,150,PIK3CA,"P3R3URF-PIK3R3, LOC110117498-PIK3R3...",919,745,46,17,896,736,942,754
Mus musculus,hsa04725,150,PIK3CD,"P3R3URF-PIK3R3, LOC110117498-PIK3R3...",919,745,46,17,896,736,942,754
Mus musculus,hsa04725,150,PIK3R1,"P3R3URF-PIK3R3, LOC110117498-PIK3R3...",919,745,46,17,896,736,942,754
Mus musculus,hsa04725,150,PIK3R2,"P3R3URF-PIK3R3, LOC110117498-PIK3R3...",919,745,46,17,896,736,942,754
Mus musculus,hsa04725,151,AKT2,"AKT3, MPPH, MPPH2, PKB-GAMMA, PKBG, PRKBG, RAC-PK-gamma, RAC-gamma, STK-2...",995,745,46,17,972,736,1018,754
Mus musculus,hsa04725,175,PIK3R5,"PIK3R6, C17orf38, HsT41028, p84 PIKAP, p87(PIKAP), p87PIKAP...",975,564,46,17,952,556,998,572
Mus musculus,hsa04725,39,PLCB1,"PLCB1, DEE12, EIEE12, PI-PLC, PLC-154, PLC-I, PLC-beta-1, PLC154, PLCB1A, PLCB1B...",987,386,46,17,964,378,1010,394
Mus musculus,hsa04725,39,PLCB3,"PLCB1, DEE12, EIEE12, PI-PLC, PLC-154, PLC-I, PLC-beta-1, PLC154, PLCB1A, PLCB1B...",987,386,46,17,964,378,1010,394
Mus musculus,hsa04725,39,PLCB4,"PLCB1, DEE12, EIEE12, PI-PLC, PLC-154, PLC-I, PLC-beta-1, PLC154, PLCB1A, PLCB1B...",987,386,46,17,964,378,1010,394
Mus musculus,hsa04725,49,ITPR1,"ITPR1, ACV, CLA4, INSP3R1, IP3R, IP3R1, PPP1R94, SCA15, SCA16, SCA29...",1119,347,46,17,1096,338,1142,356
Mus musculus,hsa04725,49,ITPR2,"ITPR1, ACV, CLA4, INSP3R1, IP3R, IP3R1, PPP1R94, SCA15, SCA16, SCA29...",1119,347,46,17,1096,338,1142,356
Mus musculus,hsa04725,56,CHAT,"CHAT, CHOACTASE, CMS1A, CMS1A2, CMS6",193,549,46,17,170,540,216,558
Mus musculus,hsa04725,57,SLC5A7,"SLC5A7, CHT, CHT1, CMS20, DHMNVP, HMN7A, HMND7, hCHT1",631,719,46,17,608,710,654,728
Mus musculus,hsa04726,104,MAOA,"MAOA, BRNRS, MAO-A...",496,789,46,17,473,780,519,798
Mus musculus,hsa04726,119,PLA2G4A,"PLA2G4B, HsT16992, cPLA2-beta...",919,549,46,17,896,540,942,558
Mus musculus,hsa04726,136,PLCB1,"PLCB1, DEE12, EIEE12, PI-PLC, PLC-154, PLC-I, PLC-beta-1, PLC154, PLCB1A, PLCB1B...",686,112,46,17,663,104,709,120
Mus musculus,hsa04726,136,PLCB3,"PLCB1, DEE12, EIEE12, PI-PLC, PLC-154, PLC-I, PLC-beta-1, PLC154, PLCB1A, PLCB1B...",686,112,46,17,663,104,709,120
Mus musculus,hsa04726,136,PLCB4,"PLCB1, DEE12, EIEE12, PI-PLC, PLC-154, PLC-I, PLC-beta-1, PLC154, PLCB1A, PLCB1B...",686,112,46,17,663,104,709,120
Mus musculus,hsa04726,141,ITPR1,"ITPR1, ACV, CLA4, INSP3R1, IP3R, IP3R1, PPP1R94, SCA15, SCA16, SCA29...",547,138,46,17,524,130,570,146
Mus musculus,hsa04726,141,ITPR2,"ITPR1, ACV, CLA4, INSP3R1, IP3R, IP3R1, PPP1R94, SCA15, SCA16, SCA29...",547,138,46,17,524,130,570,146
Mus musculus,hsa04726,153,ALOX12B,"ALOX12, 12-LOX, 12S-LOX, LOG12...",1042,549,46,17,1019,540,1065,558
Mus musculus,hsa04726,166,PLCB1,"PLCB1, DEE12, EIEE12, PI-PLC, PLC-154, PLC-I, PLC-beta-1, PLC154, PLCB1A, PLCB1B...",922,700,46,17,899,692,945,708
Mus musculus,hsa04726,166,PLCB3,"PLCB1, DEE12, EIEE12, PI-PLC, PLC-154, PLC-I, PLC-beta-1, PLC154, PLCB1A, PLCB1B...",922,700,46,17,899,692,945,708
Mus musculus,hsa04726,166,PLCB4,"PLCB1, DEE12, EIEE12, PI-PLC, PLC-154, PLC-I, PLC-beta-1, PLC154, PLCB1A, PLCB1B...",922,700,46,17,899,692,945,708
Mus musculus,hsa04726,167,ITPR1,"ITPR1, ACV, CLA4, INSP3R1, IP3R, IP3R1, PPP1R94, SCA15, SCA16, SCA29...",998,768,46,17,975,760,1021,776
Mus musculus,hsa04726,167,ITPR2,"ITPR1, ACV, CLA4, INSP3R1, IP3R, IP3R1, PPP1R94, SCA15, SCA16, SCA29...",998,768,46,17,975,760,1021,776
Mus musculus,hsa04726,212,GABRB1,"GABRB1, DEE45, EIEE45...",1143,643,46,17,1120,634,1166,652
Mus musculus,hsa04726,212,GABRB2,"GABRB1, DEE45, EIEE45...",1143,643,46,17,1120,634,1166,652
Mus musculus,hsa04726,212,GABRB3,"GABRB1, DEE45, EIEE45...",1143,643,46,17,1120,634,1166,652
Mus musculus,hsa04726,30,SLC18A2,"SLC18A1, CGAT, VAT1, VMAT1...",242,541,46,17,219,532,265,550
Mus musculus,hsa04726,38,PLCB1,"PLCB1, DEE12, EIEE12, PI-PLC, PLC-154, PLC-I, PLC-beta-1, PLC154, PLCB1A, PLCB1B...",920,485,46,17,897,476,943,494
Mus musculus,hsa04726,38,PLCB3,"PLCB1, DEE12, EIEE12, PI-PLC, PLC-154, PLC-I, PLC-beta-1, PLC154, PLCB1A, PLCB1B...",920,485,46,17,897,476,943,494
Mus musculus,hsa04726,38,PLCB4,"PLCB1, DEE12, EIEE12, PI-PLC, PLC-154, PLC-I, PLC-beta-1, PLC154, PLCB1A, PLCB1B...",920,485,46,17,897,476,943,494
Mus musculus,hsa04726,50,ITPR1,"ITPR1, ACV, CLA4, INSP3R1, IP3R, IP3R1, PPP1R94, SCA15, SCA16, SCA29...",1039,416,46,17,1016,408,1062,424
Mus musculus,hsa04726,50,ITPR2,"ITPR1, ACV, CLA4, INSP3R1, IP3R, IP3R1, PPP1R94, SCA15, SCA16, SCA29...",1039,416,46,17,1016,408,1062,424
Mus musculus,hsa04726,57,DDC,"DDC, AADC",153,557,46,17,130,548,176,566
Mus musculus,hsa04727,102,ABAT,"ABAT, GABA-AT, GABAT, NPD009",236,639,46,17,213,630,259,648
Mus musculus,hsa04727,124,GPHN,"GPHN, GEPH, GPH, GPHRYN, HKPX1, MOCODC",834,619,46,17,811,610,857,628
Mus musculus,hsa04727,128,GABRA1,"GABRA1, DEE19, ECA4, EIEE19, EJM, EJM5...",1128,545,46,17,1105,536,1151,554
Mus musculus,hsa04727,128,GABRA6,"GABRA1, DEE19, ECA4, EIEE19, EJM, EJM5...",1128,545,46,17,1105,536,1151,554
Mus musculus,hsa04727,128,GABRB1,"GABRA1, DEE19, ECA4, EIEE19, EJM, EJM5...",1128,545,46,17,1105,536,1151,554
Mus musculus,hsa04727,128,GABRB2,"GABRA1, DEE19, ECA4, EIEE19, EJM, EJM5...",1128,545,46,17,1105,536,1151,554
Mus musculus,hsa04727,128,GABRB3,"GABRA1, DEE19, ECA4, EIEE19, EJM, EJM5...",1128,545,46,17,1105,536,1151,554
Mus musculus,hsa04727,128,GABRD,"GABRA1, DEE19, ECA4, EIEE19, EJM, EJM5...",1128,545,46,17,1105,536,1151,554
Mus musculus,hsa04727,128,GABRG2,"GABRA1, DEE19, ECA4, EIEE19, EJM, EJM5...",1128,545,46,17,1105,536,1151,554
Mus musculus,hsa04727,131,GABRA1,"GABRA1, DEE19, ECA4, EIEE19, EJM, EJM5...",970,548,46,17,947,540,993,556
Mus musculus,hsa04727,131,GABRA6,"GABRA1, DEE19, ECA4, EIEE19, EJM, EJM5...",970,548,46,17,947,540,993,556
Mus musculus,hsa04727,131,GABRB1,"GABRA1, DEE19, ECA4, EIEE19, EJM, EJM5...",970,548,46,17,947,540,993,556
Mus musculus,hsa04727,131,GABRB2,"GABRA1, DEE19, ECA4, EIEE19, EJM, EJM5...",970,548,46,17,947,540,993,556
Mus musculus,hsa04727,131,GABRB3,"GABRA1, DEE19, ECA4, EIEE19, EJM, EJM5...",970,548,46,17,947,540,993,556
Mus musculus,hsa04727,131,GABRD,"GABRA1, DEE19, ECA4, EIEE19, EJM, EJM5...",970,548,46,17,947,540,993,556
Mus musculus,hsa04727,131,GABRG2,"GABRA1, DEE19, ECA4, EIEE19, EJM, EJM5...",970,548,46,17,947,540,993,556
Mus musculus,hsa04727,141,GABRA1,"GABRA1, DEE19, ECA4, EIEE19, EJM, EJM5...",825,450,46,17,802,442,848,458
Mus musculus,hsa04727,141,GABRA6,"GABRA1, DEE19, ECA4, EIEE19, EJM, EJM5...",825,450,46,17,802,442,848,458
Mus musculus,hsa04727,141,GABRB1,"GABRA1, DEE19, ECA4, EIEE19, EJM, EJM5...",825,450,46,17,802,442,848,458
Mus musculus,hsa04727,141,GABRB2,"GABRA1, DEE19, ECA4, EIEE19, EJM, EJM5...",825,450,46,17,802,442,848,458
Mus musculus,hsa04727,141,GABRB3,"GABRA1, DEE19, ECA4, EIEE19, EJM, EJM5...",825,450,46,17,802,442,848,458
Mus musculus,hsa04727,141,GABRD,"GABRA1, DEE19, ECA4, EIEE19, EJM, EJM5...",825,450,46,17,802,442,848,458
Mus musculus,hsa04727,141,GABRG2,"GABRA1, DEE19, ECA4, EIEE19, EJM, EJM5...",825,450,46,17,802,442,848,458
Mus musculus,hsa04727,142,GABRA1,"GABRA1, DEE19, ECA4, EIEE19, EJM, EJM5...",1032,452,46,17,1009,444,1055,460
Mus musculus,hsa04727,142,GABRA6,"GABRA1, DEE19, ECA4, EIEE19, EJM, EJM5...",1032,452,46,17,1009,444,1055,460
Mus musculus,hsa04727,142,GABRB1,"GABRA1, DEE19, ECA4, EIEE19, EJM, EJM5...",1032,452,46,17,1009,444,1055,460
Mus musculus,hsa04727,142,GABRB2,"GABRA1, DEE19, ECA4, EIEE19, EJM, EJM5...",1032,452,46,17,1009,444,1055,460
Mus musculus,hsa04727,142,GABRB3,"GABRA1, DEE19, ECA4, EIEE19, EJM, EJM5...",1032,452,46,17,1009,444,1055,460
Mus musculus,hsa04727,142,GABRD,"GABRA1, DEE19, ECA4, EIEE19, EJM, EJM5...",1032,452,46,17,1009,444,1055,460
Mus musculus,hsa04727,142,GABRG2,"GABRA1, DEE19, ECA4, EIEE19, EJM, EJM5...",1032,452,46,17,1009,444,1055,460
Mus musculus,hsa04727,226,GABRA1,"GABRA1, DEE19, ECA4, EIEE19, EJM, EJM5...",877,384,46,17,854,376,900,392
Mus musculus,hsa04727,226,GABRA6,"GABRA1, DEE19, ECA4, EIEE19, EJM, EJM5...",877,384,46,17,854,376,900,392
Mus musculus,hsa04727,226,GABRB1,"GABRA1, DEE19, ECA4, EIEE19, EJM, EJM5...",877,384,46,17,854,376,900,392
Mus musculus,hsa04727,226,GABRB2,"GABRA1, DEE19, ECA4, EIEE19, EJM, EJM5...",877,384,46,17,854,376,900,392
Mus musculus,hsa04727,226,GABRB3,"GABRA1, DEE19, ECA4, EIEE19, EJM, EJM5...",877,384,46,17,854,376,900,392
Mus musculus,hsa04727,226,GABRD,"GABRA1, DEE19, ECA4, EIEE19, EJM, EJM5...",877,384,46,17,854,376,900,392
Mus musculus,hsa04727,226,GABRG2,"GABRA1, DEE19, ECA4, EIEE19, EJM, EJM5...",877,384,46,17,854,376,900,392
Mus musculus,hsa04727,23,GABBR2,"GABBR1, GABABR1, GABBR1-3, GB1, GPRC3A, NEDLC...",757,762,46,17,734,754,780,770
Mus musculus,hsa04727,37,GAD1,"GAD1, CPSQ1, DEE89, GAD, SCP...",152,570,46,17,129,562,175,578
Mus musculus,hsa04727,38,SLC6A1,"SLC6A1, GABATHG, GABATR, GAT1, MAE, hGAT-1...",623,794,46,17,600,786,646,802
Mus musculus,hsa04727,75,GABRA1,"GABRA1, DEE19, ECA4, EIEE19, EJM, EJM5...",757,598,46,17,734,590,780,606
Mus musculus,hsa04727,75,GABRA6,"GABRA1, DEE19, ECA4, EIEE19, EJM, EJM5...",757,598,46,17,734,590,780,606
Mus musculus,hsa04727,75,GABRB1,"GABRA1, DEE19, ECA4, EIEE19, EJM, EJM5...",757,598,46,17,734,590,780,606
Mus musculus,hsa04727,75,GABRB2,"GABRA1, DEE19, ECA4, EIEE19, EJM, EJM5...",757,598,46,17,734,590,780,606
Mus musculus,hsa04727,75,GABRB3,"GABRA1, DEE19, ECA4, EIEE19, EJM, EJM5...",757,598,46,17,734,590,780,606
Mus musculus,hsa04727,75,GABRD,"GABRA1, DEE19, ECA4, EIEE19, EJM, EJM5...",757,598,46,17,734,590,780,606
Mus musculus,hsa04727,75,GABRG2,"GABRA1, DEE19, ECA4, EIEE19, EJM, EJM5...",757,598,46,17,734,590,780,606
Mus musculus,hsa04727,79,GABBR2,"GABBR1, GABABR1, GABBR1-3, GB1, GPRC3A, NEDLC...",532,321,46,17,509,312,555,330
Mus musculus,hsa04727,84,ABAT,"ABAT, GABA-AT, GABAT, NPD009",679,136,46,17,656,128,702,144
Mus musculus,hsa04727,85,GLUL,"GLUL, GLNS, GS, PIG43, PIG59",399,133,46,17,376,124,422,142
Mus musculus,hsa04727,93,GLS,"GLS2, GA, GLS, LGA, hLGA...",87,492,46,17,64,484,110,500
Mus musculus,hsa04728,112,TH,"TH, DYT14, DYT5b, TYH",156,466,46,17,133,458,179,474
Mus musculus,hsa04728,117,MAOA,"MAOA, BRNRS, MAO-A...",504,765,46,17,481,756,527,774
Mus musculus,hsa04728,134,MAOA,"MAOA, BRNRS, MAO-A...",544,153,46,17,521,144,567,162
Mus musculus,hsa04728,192,KIF5A,"KIF5A, ALS25, D12S1889, MY050, NEIMY, NKHC, SPG10...",1119,756,46,17,1096,748,1142,764
Mus musculus,hsa04728,192,KIF5C,"KIF5A, ALS25, D12S1889, MY050, NEIMY, NKHC, SPG10...",1119,756,46,17,1096,748,1142,764
Mus musculus,hsa04728,195,GRIA2,"GRIA1, GLUH1, GLUR1, GLURA, GluA1, HBGR1, MRD67, MRT76...",1119,739,46,17,1096,730,1142,748
Mus musculus,hsa04728,195,GRIA3,"GRIA1, GLUH1, GLUR1, GLURA, GluA1, HBGR1, MRD67, MRT76...",1119,739,46,17,1096,730,1142,748
Mus musculus,hsa04728,195,GRIA4,"GRIA1, GLUH1, GLUR1, GLURA, GluA1, HBGR1, MRD67, MRT76...",1119,739,46,17,1096,730,1142,748
Mus musculus,hsa04728,196,GRIN2A,"GRIN2A, EPND, FESD, GluN2A, LKS, NMDAR2A, NR2A...",1119,702,46,17,1096,694,1142,710
Mus musculus,hsa04728,196,GRIN2B,"GRIN2A, EPND, FESD, GluN2A, LKS, NMDAR2A, NR2A...",1119,702,46,17,1096,694,1142,710
Mus musculus,hsa04728,26,SLC6A3,"SLC6A3, DAT, DAT1, PKDYS, PKDYS1",716,219,46,17,693,210,739,228
Mus musculus,hsa04728,29,SLC18A2,"SLC18A1, CGAT, VAT1, VMAT1...",243,550,46,17,220,542,266,558
Mus musculus,hsa04728,38,PLCB1,"PLCB1, DEE12, EIEE12, PI-PLC, PLC-154, PLC-I, PLC-beta-1, PLC154, PLCB1A, PLCB1B...",925,474,46,17,902,466,948,482
Mus musculus,hsa04728,38,PLCB3,"PLCB1, DEE12, EIEE12, PI-PLC, PLC-154, PLC-I, PLC-beta-1, PLC154, PLCB1A, PLCB1B...",925,474,46,17,902,466,948,482
Mus musculus,hsa04728,38,PLCB4,"PLCB1, DEE12, EIEE12, PI-PLC, PLC-154, PLC-I, PLC-beta-1, PLC154, PLCB1A, PLCB1B...",925,474,46,17,902,466,948,482
Mus musculus,hsa04728,50,ITPR1,"ITPR1, ACV, CLA4, INSP3R1, IP3R, IP3R1, PPP1R94, SCA15, SCA16, SCA29...",1043,422,46,17,1020,414,1066,430
Mus musculus,hsa04728,50,ITPR2,"ITPR1, ACV, CLA4, INSP3R1, IP3R, IP3R1, PPP1R94, SCA15, SCA16, SCA29...",1043,422,46,17,1020,414,1066,430
Mus musculus,hsa04728,58,DDC,"DDC, AADC",155,570,46,17,132,562,178,578
Mus musculus,hsa04728,59,MAOA,"MAOA, BRNRS, MAO-A...",683,109,46,17,660,100,706,118
Mus musculus,hsa04728,60,SLC6A3,"SLC6A3, DAT, DAT1, PKDYS, PKDYS1",624,781,46,17,601,772,647,790
Mus musculus,hsa04728,97,AKT2,"AKT3, MPPH, MPPH2, PKB-GAMMA, PKBG, PRKBG, RAC-PK-gamma, RAC-gamma, STK-2...",945,805,46,17,922,796,968,814
Mus musculus,hsa04730,21,PLCB1,"PLCB1, DEE12, EIEE12, PI-PLC, PLC-154, PLC-I, PLC-beta-1, PLC154, PLCB1A, PLCB1B...",469,533,46,17,446,524,492,542
Mus musculus,hsa04730,21,PLCB3,"PLCB1, DEE12, EIEE12, PI-PLC, PLC-154, PLC-I, PLC-beta-1, PLC154, PLCB1A, PLCB1B...",469,533,46,17,446,524,492,542
Mus musculus,hsa04730,21,PLCB4,"PLCB1, DEE12, EIEE12, PI-PLC, PLC-154, PLC-I, PLC-beta-1, PLC154, PLCB1A, PLCB1B...",469,533,46,17,446,524,492,542
Mus musculus,hsa04730,23,GRIA2,"GRIA1, GLUH1, GLUR1, GLURA, GluA1, HBGR1, MRD67, MRT76...",313,486,46,17,290,478,336,494
Mus musculus,hsa04730,23,GRIA3,"GRIA1, GLUH1, GLUR1, GLURA, GluA1, HBGR1, MRD67, MRT76...",313,486,46,17,290,478,336,494
Mus musculus,hsa04730,25,PLA2G4A,"PLA2G4B, HsT16992, cPLA2-beta...",469,568,46,17,446,560,492,576
Mus musculus,hsa04730,26,PLA2G4A,"PLA2G4B, HsT16992, cPLA2-beta...",469,257,46,17,446,248,492,266
Mus musculus,hsa04730,35,PLCB1,"PLCB1, DEE12, EIEE12, PI-PLC, PLC-154, PLC-I, PLC-beta-1, PLC154, PLCB1A, PLCB1B...",469,295,46,17,446,286,492,304
Mus musculus,hsa04730,35,PLCB3,"PLCB1, DEE12, EIEE12, PI-PLC, PLC-154, PLC-I, PLC-beta-1, PLC154, PLCB1A, PLCB1B...",469,295,46,17,446,286,492,304
Mus musculus,hsa04730,35,PLCB4,"PLCB1, DEE12, EIEE12, PI-PLC, PLC-154, PLC-I, PLC-beta-1, PLC154, PLCB1A, PLCB1B...",469,295,46,17,446,286,492,304
Mus musculus,hsa04730,37,GRM1,"GRM1, GPRC1A, MGLU1, MGLUR1, PPP1R85, SCA44, SCAR13",313,533,46,17,290,524,336,542
Mus musculus,hsa04730,55,GRID2,"GRID2, GluD2, SCAR18",313,256,46,17,290,248,336,264
Mus musculus,hsa04730,59,GRIA2,"GRIA1, GLUH1, GLUR1, GLURA, GluA1, HBGR1, MRD67, MRT76...",313,362,46,17,290,354,336,370
Mus musculus,hsa04730,59,GRIA3,"GRIA1, GLUH1, GLUR1, GLURA, GluA1, HBGR1, MRD67, MRT76...",313,362,46,17,290,354,336,370
Mus musculus,hsa04730,66,GRM1,"GRM1, GPRC1A, MGLU1, MGLUR1, PPP1R85, SCA44, SCAR13",313,295,46,17,290,286,336,304
Mus musculus,hsa04730,67,ITPR1,"ITPR1, ACV, CLA4, INSP3R1, IP3R, IP3R1, PPP1R94, SCA15, SCA16, SCA29...",558,402,46,17,535,394,581,410
Mus musculus,hsa04730,67,ITPR2,"ITPR1, ACV, CLA4, INSP3R1, IP3R, IP3R1, PPP1R94, SCA15, SCA16, SCA29...",558,402,46,17,535,394,581,410
Mus musculus,hsa04742,104,GRM1,"GRM1, GPRC1A, MGLU1, MGLUR1, PPP1R85, SCA44, SCAR13...",232,545,46,17,209,536,255,554
Mus musculus,hsa04742,132,GABRA1,"GABRA1, DEE19, ECA4, EIEE19, EJM, EJM5...",444,649,46,17,421,640,467,658
Mus musculus,hsa04742,132,GABRA6,"GABRA1, DEE19, ECA4, EIEE19, EJM, EJM5...",444,649,46,17,421,640,467,658
Mus musculus,hsa04742,134,GABBR2,"GABBR1, GABABR1, GABBR1-3, GB1, GPRC3A, NEDLC...",516,649,46,17,493,640,539,658
Mus musculus,hsa04742,25,PLCB1,"PLCB1, DEE12, EIEE12, PI-PLC, PLC-154, PLC-I, PLC-beta-1, PLC154, PLCB1A, PLCB1B...",405,457,46,17,382,448,428,466
Mus musculus,hsa04742,25,PLCB3,"PLCB1, DEE12, EIEE12, PI-PLC, PLC-154, PLC-I, PLC-beta-1, PLC154, PLCB1A, PLCB1B...",405,457,46,17,382,448,428,466
Mus musculus,hsa04742,25,PLCB4,"PLCB1, DEE12, EIEE12, PI-PLC, PLC-154, PLC-I, PLC-beta-1, PLC154, PLCB1A, PLCB1B...",405,457,46,17,382,448,428,466
Mus musculus,hsa04750,105,ITPR1,"ITPR1, ACV, CLA4, INSP3R1, IP3R, IP3R1, PPP1R94, SCA15, SCA16, SCA29...",437,387,46,17,414,378,460,396
Mus musculus,hsa04750,105,ITPR2,"ITPR1, ACV, CLA4, INSP3R1, IP3R, IP3R1, PPP1R94, SCA15, SCA16, SCA29...",437,387,46,17,414,378,460,396
Mus musculus,hsa04750,118,PLA2G4A,"PLA2G4B, HsT16992, cPLA2-beta...",1219,210,46,17,1196,202,1242,218
Mus musculus,hsa04750,118,PLA2G6,"PLA2G4B, HsT16992, cPLA2-beta...",1219,210,46,17,1196,202,1242,218
Mus musculus,hsa04750,135,PLA2G4A,"PLA2G4B, HsT16992, cPLA2-beta...",715,197,46,17,692,188,738,206
Mus musculus,hsa04750,135,PLA2G6,"PLA2G4B, HsT16992, cPLA2-beta...",715,197,46,17,692,188,738,206
Mus musculus,hsa04750,196,PLCB1,"PLCB1, DEE12, EIEE12, PI-PLC, PLC-154, PLC-I, PLC-beta-1, PLC154, PLCB1A, PLCB1B...",1291,278,46,17,1268,270,1314,286
Mus musculus,hsa04750,196,PLCB3,"PLCB1, DEE12, EIEE12, PI-PLC, PLC-154, PLC-I, PLC-beta-1, PLC154, PLCB1A, PLCB1B...",1291,278,46,17,1268,270,1314,286
Mus musculus,hsa04750,196,PLCB4,"PLCB1, DEE12, EIEE12, PI-PLC, PLC-154, PLC-I, PLC-beta-1, PLC154, PLCB1A, PLCB1B...",1291,278,46,17,1268,270,1314,286
Mus musculus,hsa04750,29,PLA2G4A,"PLA2G4B, HsT16992, cPLA2-beta...",514,242,46,17,491,234,537,250
Mus musculus,hsa04750,29,PLA2G6,"PLA2G4B, HsT16992, cPLA2-beta...",514,242,46,17,491,234,537,250
Mus musculus,hsa04750,30,PLCB1,"PLCB1, DEE12, EIEE12, PI-PLC, PLC-154, PLC-I, PLC-beta-1, PLC154, PLCB1A, PLCB1B...",516,282,46,17,493,274,539,290
Mus musculus,hsa04750,30,PLCB3,"PLCB1, DEE12, EIEE12, PI-PLC, PLC-154, PLC-I, PLC-beta-1, PLC154, PLCB1A, PLCB1B...",516,282,46,17,493,274,539,290
Mus musculus,hsa04750,30,PLCB4,"PLCB1, DEE12, EIEE12, PI-PLC, PLC-154, PLC-I, PLC-beta-1, PLC154, PLCB1A, PLCB1B...",516,282,46,17,493,274,539,290
Mus musculus,hsa04750,38,PLCG2,"PLCG1, IDAA, NCKAP3, PLC-II, PLC1, PLC148, PLCgamma1...",399,777,46,17,376,768,422,786
Mus musculus,hsa04750,39,PIK3CA,"P3R3URF-PIK3R3, LOC110117498-PIK3R3...",399,828,46,17,376,820,422,836
Mus musculus,hsa04750,39,PIK3CD,"P3R3URF-PIK3R3, LOC110117498-PIK3R3...",399,828,46,17,376,820,422,836
Mus musculus,hsa04750,39,PIK3R1,"P3R3URF-PIK3R3, LOC110117498-PIK3R3...",399,828,46,17,376,820,422,836
Mus musculus,hsa04750,39,PIK3R2,"P3R3URF-PIK3R3, LOC110117498-PIK3R3...",399,828,46,17,376,820,422,836
Mus musculus,hsa04810,104,INS,"INS, IDDM, IDDM1, IDDM2, ILPR, IRDN, MODY10, PNDM4",541,90,46,17,518,82,564,98
Mus musculus,hsa04810,402,AKT2,"AKT3, MPPH, MPPH2, PKB-GAMMA, PKBG, PRKBG, RAC-PK-gamma, RAC-gamma, STK-2...",277,202,46,17,254,194,300,210
Mus musculus,hsa04810,58,PIKFYVE,"PIKFYVE, CFD, FAB1, HEL37, PIP5K, PIP5K3, ZFYVE29...",584,616,46,17,561,608,607,624
Mus musculus,hsa04810,58,PIP5K1C,"PIKFYVE, CFD, FAB1, HEL37, PIP5K, PIP5K3, ZFYVE29...",584,616,46,17,561,608,607,624
Mus musculus,hsa04810,61,PIKFYVE,"PIKFYVE, CFD, FAB1, HEL37, PIP5K, PIP5K3, ZFYVE29...",328,554,46,17,305,546,351,562
Mus musculus,hsa04810,61,PIP5K1C,"PIKFYVE, CFD, FAB1, HEL37, PIP5K, PIP5K3, ZFYVE29...",328,554,46,17,305,546,351,562
Mus musculus,hsa04810,87,PIK3CA,"P3R3URF-PIK3R3, LOC110117498-PIK3R3...",515,269,46,17,492,260,538,278
Mus musculus,hsa04810,87,PIK3CD,"P3R3URF-PIK3R3, LOC110117498-PIK3R3...",515,269,46,17,492,260,538,278
Mus musculus,hsa04810,87,PIK3R1,"P3R3URF-PIK3R3, LOC110117498-PIK3R3...",515,269,46,17,492,260,538,278
Mus musculus,hsa04810,87,PIK3R2,"P3R3URF-PIK3R3, LOC110117498-PIK3R3...",515,269,46,17,492,260,538,278
Mus musculus,hsa04814,166,DYNC1H1,"DYNC1H1, CDCBM13, CMT2O, DHC1, DHC1a, DNCH1, DNCL, DNECL, DYHC, Dnchc1, HL-3, SMALED1, p22",110,578,46,17,87,570,133,586
Mus musculus,hsa04814,202,KIF5A,"KIF5A, ALS25, D12S1889, MY050, NEIMY, NKHC, SPG10...",648,588,46,17,625,580,671,596
Mus musculus,hsa04814,202,KIF5C,"KIF5A, ALS25, D12S1889, MY050, NEIMY, NKHC, SPG10...",648,588,46,17,625,580,671,596
Mus musculus,hsa04814,209,KIF1A,"KIF1C, LTXS1, SATX2, SAX2, SPAX2, SPG58...",648,629,46,17,625,620,671,638
Mus musculus,hsa04814,237,MYO5A,"MYO5A, GS1, MYH12, MYO5, MYR12...",1119,573,46,17,1096,564,1142,582
Mus musculus,hsa04820,301,LBR,"LBR, C14SR, DHCR14B, LMN2R, PHA, PHASK, TDRD18",359,978,46,17,336,970,382,986
Mus musculus,hsa04820,365,ENO3,"ENO1, ENO1-IT1, ENO1L1, HEL-S-17, MPB1, NNE, PPH...",775,594,46,17,752,586,798,602
Mus musculus,hsa04820,367,AMPD1,"AMPD1, MAD, MADA, MMDD...",775,640,46,17,752,632,798,648
Mus musculus,hsa04820,367,AMPD2,"AMPD1, MAD, MADA, MMDD...",775,640,46,17,752,632,798,648
Mus musculus,hsa04820,367,AMPD3,"AMPD1, MAD, MADA, MMDD...",775,640,46,17,752,632,798,648
Mus musculus,hsa04910,19,PRKAG2,"PRKAG2, AAKG, AAKG2, CMH6, H91620p, WPWS...",875,222,46,17,852,214,898,230
Mus musculus,hsa04910,22,INS,"INS, IDDM, IDDM1, IDDM2, ILPR, IRDN, MODY10, PNDM4",64,408,46,17,41,400,87,416
Mus musculus,hsa04910,24,LIPE,"LIPE, AOMS4, FPLD6, HSL, LHS, REH",956,509,46,17,933,500,979,518
Mus musculus,hsa04910,26,PKLR,"PKLR, PK1, PKL, PKRL, RPK",956,252,46,17,933,244,979,260
Mus musculus,hsa04910,27,GYS1,"GYS1, GSY, GYS...",870,408,46,17,847,400,893,416
Mus musculus,hsa04910,27,GYS2,"GYS1, GSY, GYS...",870,408,46,17,847,400,893,416
Mus musculus,hsa04910,28,PHKA1,"CALML6, CAGLP...",870,453,46,17,847,444,893,462
Mus musculus,hsa04910,28,PHKA2,"CALML6, CAGLP...",870,453,46,17,847,444,893,462
Mus musculus,hsa04910,28,PHKB,"CALML6, CAGLP...",870,453,46,17,847,444,893,462
Mus musculus,hsa04910,28,PHKG2,"CALML6, CAGLP...",870,453,46,17,847,444,893,462
Mus musculus,hsa04910,30,ACACA,"ACACA, ACAC, ACACAD, ACACalpha, ACC, ACC1, ACCA, ACCalpha, Acac1, hACC1...",956,211,46,17,933,202,979,220
Mus musculus,hsa04910,30,ACACB,"ACACA, ACAC, ACACAD, ACACalpha, ACC, ACC1, ACCA, ACCalpha, Acac1, hACC1...",956,211,46,17,933,202,979,220
Mus musculus,hsa04910,33,PYGL,"PYGB, GPBB...",956,453,46,17,933,444,979,462
Mus musculus,hsa04910,33,PYGM,"PYGB, GPBB...",956,453,46,17,933,444,979,462
Mus musculus,hsa04910,42,INSR,"INSR, CD220, HHF5",135,408,46,17,112,400,158,416
Mus musculus,hsa04910,48,PCK1,"PCK1, PCKDC, PEPCK-C, PEPCK1, PEPCKC...",956,339,46,17,933,330,979,348
Mus musculus,hsa04910,48,PCK2,"PCK1, PCKDC, PEPCK-C, PEPCK1, PEPCKC...",956,339,46,17,933,330,979,348
Mus musculus,hsa04910,49,G6PC3,"G6PC1, G6PC, G6PT, G6Pase, GSD1, GSD1a...",956,301,46,17,933,292,979,310
Mus musculus,hsa04910,52,FBP1,"FBP1, FBP...",956,320,46,17,933,312,979,328
Mus musculus,hsa04910,52,FBP2,"FBP1, FBP...",956,320,46,17,933,312,979,328
Mus musculus,hsa04910,57,AKT2,"AKT3, MPPH, MPPH2, PKB-GAMMA, PKBG, PRKBG, RAC-PK-gamma, RAC-gamma, STK-2...",616,408,46,17,593,400,639,416
Mus musculus,hsa04910,58,PIK3CA,"P3R3URF-PIK3R3, LOC110117498-PIK3R3...",334,408,46,17,311,400,357,416
Mus musculus,hsa04910,58,PIK3CD,"P3R3URF-PIK3R3, LOC110117498-PIK3R3...",334,408,46,17,311,400,357,416
Mus musculus,hsa04910,58,PIK3R1,"P3R3URF-PIK3R3, LOC110117498-PIK3R3...",334,408,46,17,311,400,357,416
Mus musculus,hsa04910,58,PIK3R2,"P3R3URF-PIK3R3, LOC110117498-PIK3R3...",334,408,46,17,311,400,357,416
Mus musculus,hsa04910,63,GCK,"GCK, FGQTL3, GK, GLK, HHF3, HK4, HKIV, HXKP, LGLK, MODY2, PNDM1...",956,271,46,17,933,262,979,280
Mus musculus,hsa04910,63,HK1,"GCK, FGQTL3, GK, GLK, HHF3, HK4, HKIV, HXKP, LGLK, MODY2, PNDM1...",956,271,46,17,933,262,979,280
Mus musculus,hsa04910,9,INPPL1,"INPPL1, OPSMD, SHIP2",334,220,46,17,311,212,357,228
Mus musculus,hsa04911,106,SNAP25,"SNAP25, CMS18, RIC-4, RIC4, SEC9, SNAP, SNAP-25, SUP, bA416N4.2, dJ1068F16.2",1069,424,46,17,1046,416,1092,432
Mus musculus,hsa04911,107,VAMP2,"VAMP2, NEDHAHM, SYB2, VAMP-2",1011,414,46,17,988,406,1034,422
Mus musculus,hsa04911,137,PDX1,"PDX1, GSF, IDX-1, IPF1, IUF1, MODY4, PAGEN1, PDX-1, STF-1",686,387,46,17,663,378,709,396
Mus musculus,hsa04911,151,INS,"INS, IDDM, IDDM1, IDDM2, ILPR, IRDN, MODY10, PNDM4",1130,320,46,17,1107,312,1153,328
Mus musculus,hsa04911,17,SLC2A1,"SLC2A1, CSE, DYT17, DYT18, DYT9, EIG12, GLUT, GLUT-1, GLUT1, GLUT1DS, HTLVR, PED, SDCHCN...",174,283,46,17,151,274,197,292
Mus musculus,hsa04911,17,SLC2A2,"SLC2A1, CSE, DYT17, DYT18, DYT9, EIG12, GLUT, GLUT-1, GLUT1, GLUT1DS, HTLVR, PED, SDCHCN...",174,283,46,17,151,274,197,292
Mus musculus,hsa04911,18,KCNJ11,"KCNJ11, BIR, HHF2, IKATP, KIR6.2, MODY13, PHHI, PNDM2, TNDM3",688,130,46,17,665,122,711,138
Mus musculus,hsa04911,22,PLCB1,"PLCB1, DEE12, EIEE12, PI-PLC, PLC-154, PLC-I, PLC-beta-1, PLC154, PLCB1A, PLCB1B...",354,583,46,17,331,574,377,592
Mus musculus,hsa04911,22,PLCB3,"PLCB1, DEE12, EIEE12, PI-PLC, PLC-154, PLC-I, PLC-beta-1, PLC154, PLCB1A, PLCB1B...",354,583,46,17,331,574,377,592
Mus musculus,hsa04911,22,PLCB4,"PLCB1, DEE12, EIEE12, PI-PLC, PLC-154, PLC-I, PLC-beta-1, PLC154, PLCB1A, PLCB1B...",354,583,46,17,331,574,377,592
Mus musculus,hsa04911,43,GCK,"GCK, FGQTL3, GK, GLK, HHF3, HK4, HKIV, HXKP, LGLK, MODY2, PNDM1",255,268,46,17,232,260,278,276
Mus musculus,hsa04911,55,INS,"INS, IDDM, IDDM1, IDDM2, ILPR, IRDN, MODY10, PNDM4",855,355,46,17,832,346,878,364
Mus musculus,hsa04911,99,ABCC8,"ABCC8, ABC36, HHF1, HI, HRINS, MRP8, PHHI, PNDM3, SUR, SUR1, SUR1delta2, TNDM2",643,130,46,17,620,122,666,138
Mus musculus,hsa04912,17,PLCB1,"PLCB1, DEE12, EIEE12, PI-PLC, PLC-154, PLC-I, PLC-beta-1, PLC154, PLCB1A, PLCB1B...",352,283,46,17,329,274,375,292
Mus musculus,hsa04912,17,PLCB3,"PLCB1, DEE12, EIEE12, PI-PLC, PLC-154, PLC-I, PLC-beta-1, PLC154, PLCB1A, PLCB1B...",352,283,46,17,329,274,375,292
Mus musculus,hsa04912,17,PLCB4,"PLCB1, DEE12, EIEE12, PI-PLC, PLC-154, PLC-I, PLC-beta-1, PLC154, PLCB1A, PLCB1B...",352,283,46,17,329,274,375,292
Mus musculus,hsa04912,27,PLA2G4A,"PLA2G4B, HsT16992, cPLA2-beta...",570,350,46,17,547,342,593,358
Mus musculus,hsa04912,28,ITPR1,"ITPR1, ACV, CLA4, INSP3R1, IP3R, IP3R1, PPP1R94, SCA15, SCA16, SCA29...",459,180,46,17,436,172,482,188
Mus musculus,hsa04912,28,ITPR2,"ITPR1, ACV, CLA4, INSP3R1, IP3R, IP3R1, PPP1R94, SCA15, SCA16, SCA29...",459,180,46,17,436,172,482,188
Mus musculus,hsa04913,100,INSR,"INSR, CD220, HHF5",216,302,46,17,193,294,239,310
Mus musculus,hsa04913,103,INS,"INS, IDDM, IDDM1, IDDM2, ILPR, IRDN, MODY10, PNDM4",131,771,46,17,108,762,154,780
Mus musculus,hsa04913,104,INSR,"INSR, CD220, HHF5",216,771,46,17,193,762,239,780
Mus musculus,hsa04913,112,LDLR,"LDLR, FH, FHC, FHCL1, LDLCQ2",216,410,46,17,193,402,239,418
Mus musculus,hsa04913,128,PLA2G4A,"PLA2G4B, HsT16992, cPLA2-beta...",493,165,46,17,470,156,516,174
Mus musculus,hsa04913,144,BMP6,"BMP6, IO, VGR, VGR1",131,964,46,17,108,956,154,972
Mus musculus,hsa04913,154,CYP17A1,"CYP17A1, CPT7, CYP17, P450C17, S17AH",512,527,46,17,489,518,535,536
Mus musculus,hsa04913,155,CYP17A1,"CYP17A1, CPT7, CYP17, P450C17, S17AH",634,527,46,17,611,518,657,536
Mus musculus,hsa04913,161,SCARB1,"SCARB1, CD36L1, CLA-1, CLA1, HDLCQ6, HDLQTL6, SR-BI, SRB1",216,456,46,17,193,448,239,464
Mus musculus,hsa04913,32,HSD3B2,"HSD3B1, 3BETAHSD, HSD3B, HSDB3, HSDB3A, SDR11E1...",488,455,46,17,465,446,511,464
Mus musculus,hsa04913,33,HSD3B2,"HSD3B1, 3BETAHSD, HSD3B, HSDB3, HSDB3A, SDR11E1...",603,455,46,17,580,446,626,464
Mus musculus,hsa04913,34,HSD3B2,"HSD3B1, 3BETAHSD, HSD3B, HSDB3, HSDB3A, SDR11E1...",716,455,46,17,693,446,739,464
Mus musculus,hsa04913,35,HSD3B2,"HSD3B1, 3BETAHSD, HSD3B, HSDB3, HSDB3A, SDR11E1...",827,455,46,17,804,446,850,464
Mus musculus,hsa04913,39,STAR,"STAR, STARD1",399,367,46,17,376,358,422,376
Mus musculus,hsa04913,40,CYP11A1,"CYP11A1, CYP11A, CYPXIA1, P450SCC",398,390,46,17,375,382,421,398
Mus musculus,hsa04913,41,CYP17A1,"CYP17A1, CPT7, CYP17, P450C17, S17AH",512,396,46,17,489,388,535,404
Mus musculus,hsa04913,42,CYP17A1,"CYP17A1, CPT7, CYP17, P450C17, S17AH",631,396,46,17,608,388,654,404
Mus musculus,hsa04913,64,CYP19A1,"CYP19A1, ARO, ARO1, CPV1, CYAR, CYP19, CYPXIX, P-450AROM",490,791,46,17,467,782,513,800
Mus musculus,hsa04913,66,CYP19A1,"CYP19A1, ARO, ARO1, CPV1, CYAR, CYP19, CYPXIX, P-450AROM",633,736,46,17,610,728,656,744
Mus musculus,hsa04913,99,INS,"INS, IDDM, IDDM1, IDDM2, ILPR, IRDN, MODY10, PNDM4",131,302,46,17,108,294,154,310
Mus musculus,hsa04914,13,PIK3CA,"P3R3URF-PIK3R3, LOC110117498-PIK3R3...",228,476,46,17,205,468,251,484
Mus musculus,hsa04914,13,PIK3CD,"P3R3URF-PIK3R3, LOC110117498-PIK3R3...",228,476,46,17,205,468,251,484
Mus musculus,hsa04914,13,PIK3R1,"P3R3URF-PIK3R3, LOC110117498-PIK3R3...",228,476,46,17,205,468,251,484
Mus musculus,hsa04914,13,PIK3R2,"P3R3URF-PIK3R3, LOC110117498-PIK3R3...",228,476,46,17,205,468,251,484
Mus musculus,hsa04914,16,AKT2,"AKT3, MPPH, MPPH2, PKB-GAMMA, PKBG, PRKBG, RAC-PK-gamma, RAC-gamma, STK-2...",300,438,46,17,277,430,323,446
Mus musculus,hsa04914,42,PIK3CA,"P3R3URF-PIK3R3, LOC110117498-PIK3R3...",354,130,46,17,331,122,377,138
Mus musculus,hsa04914,42,PIK3CD,"P3R3URF-PIK3R3, LOC110117498-PIK3R3...",354,130,46,17,331,122,377,138
Mus musculus,hsa04914,42,PIK3R1,"P3R3URF-PIK3R3, LOC110117498-PIK3R3...",354,130,46,17,331,122,377,138
Mus musculus,hsa04914,42,PIK3R2,"P3R3URF-PIK3R3, LOC110117498-PIK3R3...",354,130,46,17,331,122,377,138
Mus musculus,hsa04914,6,INS,"INS, IDDM, IDDM1, IDDM2, ILPR, IRDN, MODY10, PNDM4",78,463,46,17,55,454,101,472
Mus musculus,hsa04915,123,ITPR1,"ITPR1, ACV, CLA4, INSP3R1, IP3R, IP3R1, PPP1R94, SCA15, SCA16, SCA29...",547,670,46,17,524,662,570,678
Mus musculus,hsa04915,123,ITPR2,"ITPR1, ACV, CLA4, INSP3R1, IP3R, IP3R1, PPP1R94, SCA15, SCA16, SCA29...",547,670,46,17,524,662,570,678
Mus musculus,hsa04915,133,PIK3CA,"P3R3URF-PIK3R3, LOC110117498-PIK3R3...",324,427,46,17,301,418,347,436
Mus musculus,hsa04915,133,PIK3CD,"P3R3URF-PIK3R3, LOC110117498-PIK3R3...",324,427,46,17,301,418,347,436
Mus musculus,hsa04915,133,PIK3R1,"P3R3URF-PIK3R3, LOC110117498-PIK3R3...",324,427,46,17,301,418,347,436
Mus musculus,hsa04915,133,PIK3R2,"P3R3URF-PIK3R3, LOC110117498-PIK3R3...",324,427,46,17,301,418,347,436
Mus musculus,hsa04915,134,AKT2,"AKT3, MPPH, MPPH2, PKB-GAMMA, PKBG, PRKBG, RAC-PK-gamma, RAC-gamma, STK-2...",432,427,46,17,409,418,455,436
Mus musculus,hsa04915,150,GRM1,"GRM1, GPRC1A, MGLU1, MGLUR1, PPP1R85, SCA44, SCAR13",204,723,46,17,181,714,227,732
Mus musculus,hsa04915,177,CTSD,"CTSD, CLN10, CPSD, HEL-S-130P",1071,171,46,17,1048,162,1094,180
Mus musculus,hsa04915,28,ESR1,"ESR1, ER, ESR, ESRA, ESTRR, Era, NR3A1...",857,254,46,17,834,246,880,262
Mus musculus,hsa04915,28,ESR2,"ESR1, ER, ESR, ESRA, ESTRR, Era, NR3A1...",857,254,46,17,834,246,880,262
Mus musculus,hsa04915,51,ESR1,"ESR1, ER, ESR, ESRA, ESTRR, Era, NR3A1...",204,784,46,17,181,776,227,792
Mus musculus,hsa04915,51,ESR2,"ESR1, ER, ESR, ESRA, ESTRR, Era, NR3A1...",204,784,46,17,181,776,227,792
Mus musculus,hsa04915,53,PLCB1,"PLCB1, DEE12, EIEE12, PI-PLC, PLC-154, PLC-I, PLC-beta-1, PLC154, PLCB1A, PLCB1B...",357,670,46,17,334,662,380,678
Mus musculus,hsa04915,53,PLCB3,"PLCB1, DEE12, EIEE12, PI-PLC, PLC-154, PLC-I, PLC-beta-1, PLC154, PLCB1A, PLCB1B...",357,670,46,17,334,662,380,678
Mus musculus,hsa04915,53,PLCB4,"PLCB1, DEE12, EIEE12, PI-PLC, PLC-154, PLC-I, PLC-beta-1, PLC154, PLCB1A, PLCB1B...",357,670,46,17,334,662,380,678
Mus musculus,hsa04915,58,GABBR2,"GABBR1, GABABR1, GABBR1-3, GB1, GPRC3A, NEDLC...",204,466,46,17,181,458,227,474
Mus musculus,hsa04915,77,PIK3CA,"P3R3URF-PIK3R3, LOC110117498-PIK3R3...",357,784,46,17,334,776,380,792
Mus musculus,hsa04915,77,PIK3CD,"P3R3URF-PIK3R3, LOC110117498-PIK3R3...",357,784,46,17,334,776,380,792
Mus musculus,hsa04915,77,PIK3R1,"P3R3URF-PIK3R3, LOC110117498-PIK3R3...",357,784,46,17,334,776,380,792
Mus musculus,hsa04915,77,PIK3R2,"P3R3URF-PIK3R3, LOC110117498-PIK3R3...",357,784,46,17,334,776,380,792
Mus musculus,hsa04915,78,AKT2,"AKT3, MPPH, MPPH2, PKB-GAMMA, PKBG, PRKBG, RAC-PK-gamma, RAC-gamma, STK-2...",433,784,46,17,410,776,456,792
Mus musculus,hsa04915,8,ESR1,"ESR1, ER, ESR, ESRA, ESTRR, Era, NR3A1...",596,162,46,17,573,154,619,170
Mus musculus,hsa04915,8,ESR2,"ESR1, ER, ESR, ESRA, ESTRR, Era, NR3A1...",596,162,46,17,573,154,619,170
Mus musculus,hsa04915,9,ESR1,"ESR1, ER, ESR, ESRA, ESTRR, Era, NR3A1...",857,162,46,17,834,154,880,170
Mus musculus,hsa04915,9,ESR2,"ESR1, ER, ESR, ESRA, ESTRR, Era, NR3A1...",857,162,46,17,834,154,880,170
Mus musculus,hsa04916,13,TYR,"TYR, ATN, CMM8, OCA1, OCA1A, OCAIA, SHEP3",802,380,46,17,779,372,825,388
Mus musculus,hsa04916,28,PLCB1,"PLCB1, DEE12, EIEE12, PI-PLC, PLC-154, PLC-I, PLC-beta-1, PLC154, PLCB1A, PLCB1B...",285,452,46,17,262,444,308,460
Mus musculus,hsa04916,28,PLCB3,"PLCB1, DEE12, EIEE12, PI-PLC, PLC-154, PLC-I, PLC-beta-1, PLC154, PLCB1A, PLCB1B...",285,452,46,17,262,444,308,460
Mus musculus,hsa04916,28,PLCB4,"PLCB1, DEE12, EIEE12, PI-PLC, PLC-154, PLC-I, PLC-beta-1, PLC154, PLCB1A, PLCB1B...",285,452,46,17,262,444,308,460
Mus musculus,hsa04916,9,TYR,"TYR, ATN, CMM8, OCA1, OCA1A, OCAIA, SHEP3",395,591,46,17,372,582,418,600
Mus musculus,hsa04917,123,TH,"TH, DYT14, DYT5b, TYH",1028,748,46,17,1005,740,1051,756
Mus musculus,hsa04917,132,SLC2A2,"SLC2A2, GLUT2",1028,840,46,17,1005,832,1051,848
Mus musculus,hsa04917,133,GCK,"GCK, FGQTL3, GK, GLK, HHF3, HK4, HKIV, HXKP, LGLK, MODY2, PNDM1",1028,873,46,17,1005,864,1051,882
Mus musculus,hsa04917,134,INS,"INS, IDDM, IDDM1, IDDM2, ILPR, IRDN, MODY10, PNDM4",1028,937,46,17,1005,928,1051,946
Mus musculus,hsa04917,154,SLC2A2,"SLC2A2, GLUT2",386,909,46,17,363,900,409,918
Mus musculus,hsa04917,157,GCK,"GCK, FGQTL3, GK, GLK, HHF3, HK4, HKIV, HXKP, LGLK, MODY2, PNDM1",502,891,46,17,479,882,525,900
Mus musculus,hsa04917,16,AKT2,"AKT3, MPPH, MPPH2, PKB-GAMMA, PKBG, PRKBG, RAC-PK-gamma, RAC-gamma, STK-2...",661,267,46,17,638,258,684,276
Mus musculus,hsa04917,160,TH,"TH, DYT14, DYT5b, TYH",674,778,46,17,651,770,697,786
Mus musculus,hsa04917,167,ESR1,"ESR1, ER, ESR, ESRA, ESTRR, Era, NR3A1...",1028,640,46,17,1005,632,1051,648
Mus musculus,hsa04917,167,ESR2,"ESR1, ER, ESR, ESRA, ESTRR, Era, NR3A1...",1028,640,46,17,1005,632,1051,648
Mus musculus,hsa04917,17,PIK3CA,"P3R3URF-PIK3R3, LOC110117498-PIK3R3...",514,267,46,17,491,258,537,276
Mus musculus,hsa04917,17,PIK3CD,"P3R3URF-PIK3R3, LOC110117498-PIK3R3...",514,267,46,17,491,258,537,276
Mus musculus,hsa04917,17,PIK3R1,"P3R3URF-PIK3R3, LOC110117498-PIK3R3...",514,267,46,17,491,258,537,276
Mus musculus,hsa04917,17,PIK3R2,"P3R3URF-PIK3R3, LOC110117498-PIK3R3...",514,267,46,17,491,258,537,276
Mus musculus,hsa04917,178,CYP17A1,"CYP17A1, CPT7, CYP17, P450C17, S17AH",651,673,46,17,628,664,674,682
Mus musculus,hsa04917,183,ESR1,"ESR1, ER, ESR, ESRA, ESTRR, Era, NR3A1...",916,660,46,17,893,652,939,668
Mus musculus,hsa04917,183,ESR2,"ESR1, ER, ESR, ESRA, ESTRR, Era, NR3A1...",916,660,46,17,893,652,939,668
Mus musculus,hsa04917,53,AKT2,"AKT3, MPPH, MPPH2, PKB-GAMMA, PKBG, PRKBG, RAC-PK-gamma, RAC-gamma, STK-2...",661,133,46,17,638,124,684,142
Mus musculus,hsa04917,54,PIK3CA,"P3R3URF-PIK3R3, LOC110117498-PIK3R3...",514,133,46,17,491,124,537,142
Mus musculus,hsa04917,54,PIK3CD,"P3R3URF-PIK3R3, LOC110117498-PIK3R3...",514,133,46,17,491,124,537,142
Mus musculus,hsa04917,54,PIK3R1,"P3R3URF-PIK3R3, LOC110117498-PIK3R3...",514,133,46,17,491,124,537,142
Mus musculus,hsa04917,54,PIK3R2,"P3R3URF-PIK3R3, LOC110117498-PIK3R3...",514,133,46,17,491,124,537,142
Mus musculus,hsa04917,74,GALT,GALT,1014,133,46,17,991,124,1037,142
Mus musculus,hsa04918,125,ITPR1,"ITPR1, ACV, CLA4, INSP3R1, IP3R, IP3R1, PPP1R94, SCA15, SCA16, SCA29...",502,467,46,17,479,458,525,476
Mus musculus,hsa04918,125,ITPR2,"ITPR1, ACV, CLA4, INSP3R1, IP3R, IP3R1, PPP1R94, SCA15, SCA16, SCA29...",502,467,46,17,479,458,525,476
Mus musculus,hsa04918,214,GSR,"GSR, GR, GSRD, HEL-75, HEL-S-122m",652,738,46,17,629,730,675,746
Mus musculus,hsa04918,32,PLCB1,"PLCB1, DEE12, EIEE12, PI-PLC, PLC-154, PLC-I, PLC-beta-1, PLC154, PLCB1A, PLCB1B...",387,386,46,17,364,378,410,394
Mus musculus,hsa04918,32,PLCB3,"PLCB1, DEE12, EIEE12, PI-PLC, PLC-154, PLC-I, PLC-beta-1, PLC154, PLCB1A, PLCB1B...",387,386,46,17,364,378,410,394
Mus musculus,hsa04918,32,PLCB4,"PLCB1, DEE12, EIEE12, PI-PLC, PLC-154, PLC-I, PLC-beta-1, PLC154, PLCB1A, PLCB1B...",387,386,46,17,364,378,410,394
Mus musculus,hsa04919,13,AKT2,"AKT3, MPPH, MPPH2, PKB-GAMMA, PKBG, PRKBG, RAC-PK-gamma, RAC-gamma, STK-2...",566,506,46,17,543,498,589,514
Mus musculus,hsa04919,15,PIK3CA,"P3R3URF-PIK3R3, LOC110117498-PIK3R3...",443,506,46,17,420,498,466,514
Mus musculus,hsa04919,15,PIK3CD,"P3R3URF-PIK3R3, LOC110117498-PIK3R3...",443,506,46,17,420,498,466,514
Mus musculus,hsa04919,15,PIK3R1,"P3R3URF-PIK3R3, LOC110117498-PIK3R3...",443,506,46,17,420,498,466,514
Mus musculus,hsa04919,15,PIK3R2,"P3R3URF-PIK3R3, LOC110117498-PIK3R3...",443,506,46,17,420,498,466,514
Mus musculus,hsa04919,184,PFKM,"PFKL, ATP-PFK, PFK-B, PFK-L...",1170,746,46,17,1147,738,1193,754
Mus musculus,hsa04919,31,PLCB1,"PLCD3, PLC-delta-3...",334,176,46,17,311,168,357,184
Mus musculus,hsa04919,31,PLCB3,"PLCD3, PLC-delta-3...",334,176,46,17,311,168,357,184
Mus musculus,hsa04919,31,PLCB4,"PLCD3, PLC-delta-3...",334,176,46,17,311,168,357,184
Mus musculus,hsa04919,31,PLCD1,"PLCD3, PLC-delta-3...",334,176,46,17,311,168,357,184
Mus musculus,hsa04919,31,PLCE1,"PLCD3, PLC-delta-3...",334,176,46,17,311,168,357,184
Mus musculus,hsa04919,31,PLCG2,"PLCD3, PLC-delta-3...",334,176,46,17,311,168,357,184
Mus musculus,hsa04919,76,ESR1,"ESR1, ER, ESR, ESRA, ESTRR, Era, NR3A1",903,174,46,17,880,166,926,182
Mus musculus,hsa04919,80,SLC2A1,"SLC2A1, CSE, DYT17, DYT18, DYT9, EIG12, GLUT, GLUT-1, GLUT1, GLUT1DS, HTLVR, PED, SDCHCN",1170,722,46,17,1147,714,1193,730
Mus musculus,hsa04920,137,APPL1,"APPL1, APPL, DIP13alpha, MODY14",226,816,46,17,203,808,249,824
Mus musculus,hsa04920,16,CPT1A,"CPT1C, CATL1, CPT_I-C, CPT1-B, CPT1P, CPTI-B, CPTIC, SPG73...",711,829,46,17,688,820,734,838
Mus musculus,hsa04920,16,CPT1C,"CPT1C, CATL1, CPT_I-C, CPT1-B, CPT1P, CPTI-B, CPTIC, SPG73...",711,829,46,17,688,820,734,838
Mus musculus,hsa04920,17,G6PC3,"G6PC1, G6PC, G6PT, G6Pase, GSD1, GSD1a...",473,690,46,17,450,682,496,698
Mus musculus,hsa04920,18,PCK1,"PCK1, PCKDC, PEPCK-C, PEPCK1, PEPCKC...",424,690,46,17,401,682,447,698
Mus musculus,hsa04920,18,PCK2,"PCK1, PCKDC, PEPCK-C, PEPCK1, PEPCKC...",424,690,46,17,401,682,447,698
Mus musculus,hsa04920,19,ACSL4,"ACSL1, ACS1, FACL1, FACL2, LACS, LACS1, LACS2...",796,213,46,17,773,204,819,222
Mus musculus,hsa04920,26,PRKAG2,"PRKAG2, AAKG, AAKG2, CMH6, H91620p, WPWS...",394,832,46,17,371,824,417,840
Mus musculus,hsa04920,28,ACACB,"ACACB, ACACbeta, ACC-beta, ACC2, ACCB, ACCbeta, HACC275",483,832,46,17,460,824,506,840
Mus musculus,hsa04920,36,SLC2A1,"SLC2A1, CSE, DYT17, DYT18, DYT9, EIG12, GLUT, GLUT-1, GLUT1, GLUT1DS, HTLVR, PED, SDCHCN...",482,863,46,17,459,854,505,872
Mus musculus,hsa04920,42,AKT2,"AKT3, MPPH, MPPH2, PKB-GAMMA, PKBG, PRKBG, RAC-PK-gamma, RAC-gamma, STK-2...",557,247,46,17,534,238,580,256
Mus musculus,hsa04921,112,PRKAG2,"PRKAG2, AAKG, AAKG2, CMH6, H91620p, WPWS...",847,547,46,17,824,538,870,556
Mus musculus,hsa04921,171,PLCB1,"PLCB1, DEE12, EIEE12, PI-PLC, PLC-154, PLC-I, PLC-beta-1, PLC154, PLCB1A, PLCB1B...",554,870,46,17,531,862,577,878
Mus musculus,hsa04921,171,PLCB3,"PLCB1, DEE12, EIEE12, PI-PLC, PLC-154, PLC-I, PLC-beta-1, PLC154, PLCB1A, PLCB1B...",554,870,46,17,531,862,577,878
Mus musculus,hsa04921,171,PLCB4,"PLCB1, DEE12, EIEE12, PI-PLC, PLC-154, PLC-I, PLC-beta-1, PLC154, PLCB1A, PLCB1B...",554,870,46,17,531,862,577,878
Mus musculus,hsa04921,172,PIK3R5,"PIK3R6, C17orf38, HsT41028, p84 PIKAP, p87(PIKAP), p87PIKAP...",554,894,46,17,531,886,577,902
Mus musculus,hsa04921,19,ITPR1,"ITPR1, ACV, CLA4, INSP3R1, IP3R, IP3R1, PPP1R94, SCA15, SCA16, SCA29...",599,642,46,17,576,634,622,650
Mus musculus,hsa04921,19,ITPR2,"ITPR1, ACV, CLA4, INSP3R1, IP3R, IP3R1, PPP1R94, SCA15, SCA16, SCA29...",599,642,46,17,576,634,622,650
Mus musculus,hsa04921,37,PLCB1,"PLCB1, DEE12, EIEE12, PI-PLC, PLC-154, PLC-I, PLC-beta-1, PLC154, PLCB1A, PLCB1B...",433,513,46,17,410,504,456,522
Mus musculus,hsa04921,37,PLCB3,"PLCB1, DEE12, EIEE12, PI-PLC, PLC-154, PLC-I, PLC-beta-1, PLC154, PLCB1A, PLCB1B...",433,513,46,17,410,504,456,522
Mus musculus,hsa04921,37,PLCB4,"PLCB1, DEE12, EIEE12, PI-PLC, PLC-154, PLC-I, PLC-beta-1, PLC154, PLCB1A, PLCB1B...",433,513,46,17,410,504,456,522
Mus musculus,hsa04921,50,PLA2G4A,"PLA2G4B, HsT16992, cPLA2-beta...",704,87,46,17,681,78,727,96
Mus musculus,hsa04922,10,SLC2A1,"SLC2A1, CSE, DYT17, DYT18, DYT9, EIG12, GLUT, GLUT-1, GLUT1, GLUT1DS, HTLVR, PED, SDCHCN...",178,607,46,17,155,598,201,616
Mus musculus,hsa04922,10,SLC2A2,"SLC2A1, CSE, DYT17, DYT18, DYT9, EIG12, GLUT, GLUT-1, GLUT1, GLUT1DS, HTLVR, PED, SDCHCN...",178,607,46,17,155,598,201,616
Mus musculus,hsa04922,111,AKT2,"AKT3, MPPH, MPPH2, PKB-GAMMA, PKBG, PRKBG, RAC-PK-gamma, RAC-gamma, STK-2...",405,128,46,17,382,120,428,136
Mus musculus,hsa04922,119,CPT1A,"CPT1C, CATL1, CPT_I-C, CPT1-B, CPT1P, CPTI-B, CPTIC, SPG73...",1172,305,46,17,1149,296,1195,314
Mus musculus,hsa04922,119,CPT1C,"CPT1C, CATL1, CPT_I-C, CPT1-B, CPT1P, CPTI-B, CPTIC, SPG73...",1172,305,46,17,1149,296,1195,314
Mus musculus,hsa04922,120,CPT1A,"CPT1C, CATL1, CPT_I-C, CPT1-B, CPT1P, CPTI-B, CPTIC, SPG73...",944,466,46,17,921,458,967,474
Mus musculus,hsa04922,120,CPT1C,"CPT1C, CATL1, CPT_I-C, CPT1-B, CPT1P, CPTI-B, CPTIC, SPG73...",944,466,46,17,921,458,967,474
Mus musculus,hsa04922,131,PHKA1,"PHKA1, PHKA...",522,452,46,17,499,444,545,460
Mus musculus,hsa04922,131,PHKA2,"PHKA1, PHKA...",522,452,46,17,499,444,545,460
Mus musculus,hsa04922,131,PHKB,"PHKA1, PHKA...",522,452,46,17,499,444,545,460
Mus musculus,hsa04922,131,PHKG2,"PHKA1, PHKA...",522,452,46,17,499,444,545,460
Mus musculus,hsa04922,136,G6PC3,"G6PC1, G6PC, G6PT, G6Pase, GSD1, GSD1a...",265,585,46,17,242,576,288,594
Mus musculus,hsa04922,142,FBP1,"FBP1, FBP...",430,586,46,17,407,578,453,594
Mus musculus,hsa04922,142,FBP2,"FBP1, FBP...",430,586,46,17,407,578,453,594
Mus musculus,hsa04922,158,PCK1,"PCK1, PCKDC, PEPCK-C, PEPCK1, PEPCKC...",765,740,46,17,742,732,788,748
Mus musculus,hsa04922,158,PCK2,"PCK1, PCKDC, PEPCK-C, PEPCK1, PEPCKC...",765,740,46,17,742,732,788,748
Mus musculus,hsa04922,168,ACACA,"ACACA, ACAC, ACACAD, ACACalpha, ACC, ACC1, ACCA, ACCalpha, Acac1, hACC1...",799,457,46,17,776,448,822,466
Mus musculus,hsa04922,168,ACACB,"ACACA, ACAC, ACACAD, ACACalpha, ACC, ACC1, ACCA, ACCalpha, Acac1, hACC1...",799,457,46,17,776,448,822,466
Mus musculus,hsa04922,171,PRKAG2,"PRKAG2, AAKG, AAKG2, CMH6, H91620p, WPWS...",693,393,46,17,670,384,716,402
Mus musculus,hsa04922,185,ITPR1,"ITPR1, ACV, CLA4, INSP3R1, IP3R, IP3R1, PPP1R94, SCA15, SCA16, SCA29...",489,289,46,17,466,280,512,298
Mus musculus,hsa04922,185,ITPR2,"ITPR1, ACV, CLA4, INSP3R1, IP3R, IP3R1, PPP1R94, SCA15, SCA16, SCA29...",489,289,46,17,466,280,512,298
Mus musculus,hsa04922,189,LDHA,"LDHAL6A, LDH6A...",841,646,46,17,818,638,864,654
Mus musculus,hsa04922,189,LDHB,"LDHAL6A, LDH6A...",841,646,46,17,818,638,864,654
Mus musculus,hsa04922,33,PDHA1,"PDHA1, E1alpha, PDHA, PDHAD, PDHCE1A, PHE1A...",903,624,46,17,880,616,926,632
Mus musculus,hsa04922,33,PDHA2,"PDHA1, E1alpha, PDHA, PDHAD, PDHCE1A, PHE1A...",903,624,46,17,880,616,926,632
Mus musculus,hsa04922,33,PDHB,"PDHA1, E1alpha, PDHA, PDHAD, PDHCE1A, PHE1A...",903,624,46,17,880,616,926,632
Mus musculus,hsa04922,36,GCK,"GCK, FGQTL3, GK, GLK, HHF3, HK4, HKIV, HXKP, LGLK, MODY2, PNDM1",265,635,46,17,242,626,288,644
Mus musculus,hsa04922,47,PFKM,"PFKL, ATP-PFK, PFK-B, PFK-L...",427,633,46,17,404,624,450,642
Mus musculus,hsa04922,48,PGAM2,"PGAM4, PGAM-B, PGAM1, PGAM3, dJ1000K24.1...",580,636,46,17,557,628,603,644
Mus musculus,hsa04922,68,GYS1,"GYS1, GSY, GYS...",437,385,46,17,414,376,460,394
Mus musculus,hsa04922,68,GYS2,"GYS1, GSY, GYS...",437,385,46,17,414,376,460,394
Mus musculus,hsa04922,69,PYGL,"PYGB, GPBB...",437,428,46,17,414,420,460,436
Mus musculus,hsa04922,69,PYGM,"PYGB, GPBB...",437,428,46,17,414,420,460,436
Mus musculus,hsa04922,73,PLCB1,"PLCB1, DEE12, EIEE12, PI-PLC, PLC-154, PLC-I, PLC-beta-1, PLC154, PLCB1A, PLCB1B...",359,260,46,17,336,252,382,268
Mus musculus,hsa04922,73,PLCB3,"PLCB1, DEE12, EIEE12, PI-PLC, PLC-154, PLC-I, PLC-beta-1, PLC154, PLCB1A, PLCB1B...",359,260,46,17,336,252,382,268
Mus musculus,hsa04922,73,PLCB4,"PLCB1, DEE12, EIEE12, PI-PLC, PLC-154, PLC-I, PLC-beta-1, PLC154, PLCB1A, PLCB1B...",359,260,46,17,336,252,382,268
Mus musculus,hsa04922,91,PCK1,"PCK1, PCKDC, PEPCK-C, PEPCK1, PEPCKC...",1172,279,46,17,1149,270,1195,288
Mus musculus,hsa04922,91,PCK2,"PCK1, PCKDC, PEPCK-C, PEPCK1, PEPCKC...",1172,279,46,17,1149,270,1195,288
Mus musculus,hsa04922,92,G6PC3,"G6PC1, G6PC, G6PT, G6Pase, GSD1, GSD1a...",1172,253,46,17,1149,244,1195,262
Mus musculus,hsa04923,121,LIPE,"LIPE, AOMS4, FPLD6, HSL, LHS, REH",645,322,46,17,622,314,668,330
Mus musculus,hsa04923,129,AKT2,"AKT3, MPPH, MPPH2, PKB-GAMMA, PKBG, PRKBG, RAC-PK-gamma, RAC-gamma, STK-2...",527,619,46,17,504,610,550,628
Mus musculus,hsa04923,19,LIPE,"LIPE, AOMS4, FPLD6, HSL, LHS, REH",776,322,46,17,753,314,799,330
Mus musculus,hsa04923,31,PLIN1,"PLIN1, FPLD4, PERI, PLIN",698,222,46,17,675,214,721,230
Mus musculus,hsa04923,44,PNPLA2,"PNPLA2, 1110001C14Rik, ATGL, FP17548, PEDF-R, TTS-2.2, TTS2, iPLA2zeta",776,227,46,17,753,218,799,236
Mus musculus,hsa04923,45,ABHD5,"ABHD5, CGI58, IECN2, NCIE2",759,244,46,17,736,236,782,252
Mus musculus,hsa04923,61,INS,"INS, IDDM, IDDM1, IDDM2, ILPR, IRDN, MODY10, PNDM4",170,619,46,17,147,610,193,628
Mus musculus,hsa04923,62,INSR,"INSR, CD220, HHF5",278,619,46,17,255,610,301,628
Mus musculus,hsa04923,65,PIK3CA,"P3R3URF-PIK3R3, LOC110117498-PIK3R3...",430,619,46,17,407,610,453,628
Mus musculus,hsa04923,65,PIK3CD,"P3R3URF-PIK3R3, LOC110117498-PIK3R3...",430,619,46,17,407,610,453,628
Mus musculus,hsa04923,65,PIK3R1,"P3R3URF-PIK3R3, LOC110117498-PIK3R3...",430,619,46,17,407,610,453,628
Mus musculus,hsa04923,65,PIK3R2,"P3R3URF-PIK3R3, LOC110117498-PIK3R3...",430,619,46,17,407,610,453,628
Mus musculus,hsa04923,78,LIPE,"LIPE, AOMS4, FPLD6, HSL, LHS, REH",642,834,46,17,619,826,665,842
Mus musculus,hsa04923,79,PLIN1,"PLIN1, FPLD4, PERI, PLIN",696,738,46,17,673,730,719,746
Mus musculus,hsa04923,84,PNPLA2,"PNPLA2, 1110001C14Rik, ATGL, FP17548, PEDF-R, TTS-2.2, TTS2, iPLA2zeta",769,737,46,17,746,728,792,746
Mus musculus,hsa04923,85,ABHD5,"ABHD5, CGI58, IECN2, NCIE2",752,754,46,17,729,746,775,762
Mus musculus,hsa04924,45,PLCB1,"PLCB1, DEE12, EIEE12, PI-PLC, PLC-154, PLC-I, PLC-beta-1, PLC154, PLCB1A, PLCB1B...",641,545,46,17,618,536,664,554
Mus musculus,hsa04924,45,PLCB3,"PLCB1, DEE12, EIEE12, PI-PLC, PLC-154, PLC-I, PLC-beta-1, PLC154, PLCB1A, PLCB1B...",641,545,46,17,618,536,664,554
Mus musculus,hsa04924,45,PLCB4,"PLCB1, DEE12, EIEE12, PI-PLC, PLC-154, PLC-I, PLC-beta-1, PLC154, PLCB1A, PLCB1B...",641,545,46,17,618,536,664,554
Mus musculus,hsa04924,50,ITPR1,"ITPR1, ACV, CLA4, INSP3R1, IP3R, IP3R1, PPP1R94, SCA15, SCA16, SCA29...",659,456,46,17,636,448,682,464
Mus musculus,hsa04924,50,ITPR2,"ITPR1, ACV, CLA4, INSP3R1, IP3R, IP3R1, PPP1R94, SCA15, SCA16, SCA29...",659,456,46,17,636,448,682,464
Mus musculus,hsa04924,82,CTSB,"CTSB, APPS, CPSB, KWE, RECEUP",1012,835,46,17,989,826,1035,844
Mus musculus,hsa04925,124,LDLR,"LDLR, FH, FHC, FHCL1, LDLCQ2",244,505,46,17,221,496,267,514
Mus musculus,hsa04925,125,SCARB1,"SCARB1, CD36L1, CLA-1, CLA1, HDLCQ6, HDLQTL6, SR-BI, SRB1",244,539,46,17,221,530,267,548
Mus musculus,hsa04925,129,LIPE,"LIPE, AOMS4, FPLD6, HSL, LHS, REH",577,452,46,17,554,444,600,460
Mus musculus,hsa04925,140,CYP11A1,"CYP11A1, CYP11A, CYPXIA1, P450SCC",811,590,46,17,788,582,834,598
Mus musculus,hsa04925,141,CYP21A2,"CYP21A2, CA21H, CAH1, CPS1, CYP21, CYP21B, P450c21B",948,701,46,17,925,692,971,710
Mus musculus,hsa04925,19,ITPR1,"ITPR1, ACV, CLA4, INSP3R1, IP3R, IP3R1, PPP1R94, SCA15, SCA16, SCA29...",601,193,46,17,578,184,624,202
Mus musculus,hsa04925,19,ITPR2,"ITPR1, ACV, CLA4, INSP3R1, IP3R, IP3R1, PPP1R94, SCA15, SCA16, SCA29...",601,193,46,17,578,184,624,202
Mus musculus,hsa04925,23,PLCB1,"PLCB1, DEE12, EIEE12, PI-PLC, PLC-154, PLC-I, PLC-beta-1, PLC154, PLCB1A, PLCB1B...",420,161,46,17,397,152,443,170
Mus musculus,hsa04925,23,PLCB3,"PLCB1, DEE12, EIEE12, PI-PLC, PLC-154, PLC-I, PLC-beta-1, PLC154, PLCB1A, PLCB1B...",420,161,46,17,397,152,443,170
Mus musculus,hsa04925,23,PLCB4,"PLCB1, DEE12, EIEE12, PI-PLC, PLC-154, PLC-I, PLC-beta-1, PLC154, PLCB1A, PLCB1B...",420,161,46,17,397,152,443,170
Mus musculus,hsa04925,48,MC2R,"MC2R, ACTHR",244,579,46,17,221,570,267,588
Mus musculus,hsa04925,69,CYP11B2,"CYP11B2, ALDOS, CPN2, CYP11B, CYP11BL, CYPXIB2, P-450C18, P450C18, P450aldo",996,330,46,17,973,322,1019,338
Mus musculus,hsa04925,70,STAR,"STAR, STARD1",996,352,46,17,973,344,1019,360
Mus musculus,hsa04925,73,STAR,"STAR, STARD1",760,558,46,17,737,550,783,566
Mus musculus,hsa04925,76,HSD3B2,"HSD3B1, 3BETAHSD, HSD3B, HSDB3, HSDB3A, SDR11E1...",948,617,46,17,925,608,971,626
Mus musculus,hsa04925,77,CYP11B2,"CYP11B2, ALDOS, CPN2, CYP11B, CYP11BL, CYPXIB2, P-450C18, P450C18, P450aldo",802,788,46,17,779,780,825,796
Mus musculus,hsa04926,135,PIK3CA,"P3R3URF-PIK3R3, LOC110117498-PIK3R3...",359,908,46,17,336,900,382,916
Mus musculus,hsa04926,135,PIK3CD,"P3R3URF-PIK3R3, LOC110117498-PIK3R3...",359,908,46,17,336,900,382,916
Mus musculus,hsa04926,135,PIK3R1,"P3R3URF-PIK3R3, LOC110117498-PIK3R3...",359,908,46,17,336,900,382,916
Mus musculus,hsa04926,135,PIK3R2,"P3R3URF-PIK3R3, LOC110117498-PIK3R3...",359,908,46,17,336,900,382,916
Mus musculus,hsa04926,142,PLCB1,"PLCB1, DEE12, EIEE12, PI-PLC, PLC-154, PLC-I, PLC-beta-1, PLC154, PLCB1A, PLCB1B...",408,819,46,17,385,810,431,828
Mus musculus,hsa04926,142,PLCB3,"PLCB1, DEE12, EIEE12, PI-PLC, PLC-154, PLC-I, PLC-beta-1, PLC154, PLCB1A, PLCB1B...",408,819,46,17,385,810,431,828
Mus musculus,hsa04926,142,PLCB4,"PLCB1, DEE12, EIEE12, PI-PLC, PLC-154, PLC-I, PLC-beta-1, PLC154, PLCB1A, PLCB1B...",408,819,46,17,385,810,431,828
Mus musculus,hsa04926,187,PLCB1,"PLCB1, DEE12, EIEE12, PI-PLC, PLC-154, PLC-I, PLC-beta-1, PLC154, PLCB1A, PLCB1B...",451,1113,46,17,428,1104,474,1122
Mus musculus,hsa04926,187,PLCB3,"PLCB1, DEE12, EIEE12, PI-PLC, PLC-154, PLC-I, PLC-beta-1, PLC154, PLCB1A, PLCB1B...",451,1113,46,17,428,1104,474,1122
Mus musculus,hsa04926,187,PLCB4,"PLCB1, DEE12, EIEE12, PI-PLC, PLC-154, PLC-I, PLC-beta-1, PLC154, PLCB1A, PLCB1B...",451,1113,46,17,428,1104,474,1122
Mus musculus,hsa04926,22,PIK3CA,"P3R3URF-PIK3R3, LOC110117498-PIK3R3...",435,298,46,17,412,290,458,306
Mus musculus,hsa04926,22,PIK3CD,"P3R3URF-PIK3R3, LOC110117498-PIK3R3...",435,298,46,17,412,290,458,306
Mus musculus,hsa04926,22,PIK3R1,"P3R3URF-PIK3R3, LOC110117498-PIK3R3...",435,298,46,17,412,290,458,306
Mus musculus,hsa04926,22,PIK3R2,"P3R3URF-PIK3R3, LOC110117498-PIK3R3...",435,298,46,17,412,290,458,306
Mus musculus,hsa04926,6,AKT2,"AKT3, MPPH, MPPH2, PKB-GAMMA, PKBG, PRKBG, RAC-PK-gamma, RAC-gamma, STK-2...",601,298,46,17,578,290,624,306
Mus musculus,hsa04927,100,CYP17A1,"CYP17A1, CPT7, CYP17, P450C17, S17AH",995,331,46,17,972,322,1018,340
Mus musculus,hsa04927,123,HSD3B2,"HSD3B1, 3BETAHSD, HSD3B, HSDB3, HSDB3A, SDR11E1...",1032,617,46,17,1009,608,1055,626
Mus musculus,hsa04927,124,CYP17A1,"CYP17A1, CPT7, CYP17, P450C17, S17AH",961,566,46,17,938,558,984,574
Mus musculus,hsa04927,125,CYP17A1,"CYP17A1, CPT7, CYP17, P450C17, S17AH",961,654,46,17,938,646,984,662
Mus musculus,hsa04927,127,MRAP,"MRAP, B27, C21orf61, FALP, FGD2, GCCD2, MRAP1",244,179,46,17,221,170,267,188
Mus musculus,hsa04927,15,ITPR1,"ITPR1, ACV, CLA4, INSP3R1, IP3R, IP3R1, PPP1R94, SCA15, SCA16, SCA29...",562,355,46,17,539,346,585,364
Mus musculus,hsa04927,15,ITPR2,"ITPR1, ACV, CLA4, INSP3R1, IP3R, IP3R1, PPP1R94, SCA15, SCA16, SCA29...",562,355,46,17,539,346,585,364
Mus musculus,hsa04927,18,PLCB1,"PLCB1, DEE12, EIEE12, PI-PLC, PLC-154, PLC-I, PLC-beta-1, PLC154, PLCB1A, PLCB1B...",479,290,46,17,456,282,502,298
Mus musculus,hsa04927,18,PLCB3,"PLCB1, DEE12, EIEE12, PI-PLC, PLC-154, PLC-I, PLC-beta-1, PLC154, PLCB1A, PLCB1B...",479,290,46,17,456,282,502,298
Mus musculus,hsa04927,18,PLCB4,"PLCB1, DEE12, EIEE12, PI-PLC, PLC-154, PLC-I, PLC-beta-1, PLC154, PLCB1A, PLCB1B...",479,290,46,17,456,282,502,298
Mus musculus,hsa04927,38,MC2R,"MC2R, ACTHR",244,162,46,17,221,154,267,170
Mus musculus,hsa04927,46,STAR,"STAR, STARD1",995,355,46,17,972,346,1018,364
Mus musculus,hsa04927,48,STAR,"STAR, STARD1",759,548,46,17,736,540,782,556
Mus musculus,hsa04927,51,HSD3B2,"HSD3B1, 3BETAHSD, HSD3B, HSDB3, HSDB3A, SDR11E1...",948,617,46,17,925,608,971,626
Mus musculus,hsa04927,77,LDLR,"LDLR, FH, FHC, FHCL1, LDLCQ2",244,714,46,17,221,706,267,722
Mus musculus,hsa04927,78,SCARB1,"SCARB1, CD36L1, CLA-1, CLA1, HDLCQ6, HDLQTL6, SR-BI, SRB1",244,748,46,17,221,740,267,756
Mus musculus,hsa04927,84,CYP11A1,"CYP11A1, CYP11A, CYPXIA1, P450SCC",811,590,46,17,788,582,834,598
Mus musculus,hsa04927,85,CYP21A2,"CYP21A2, CA21H, CAH1, CPS1, CYP21, CYP21B, P450c21B",1032,703,46,17,1009,694,1055,712
Mus musculus,hsa04927,89,MC2R,"MC2R, ACTHR",786,125,46,17,763,116,809,134
Mus musculus,hsa04927,90,MRAP,"MRAP, B27, C21orf61, FALP, FGD2, GCCD2, MRAP1",786,142,46,17,763,134,809,150
Mus musculus,hsa04927,93,CYP11B1,"CYP11B1, CPN1, CYP11B, FHI, P450C11",995,307,46,17,972,298,1018,316
Mus musculus,hsa04927,94,CYP11B1,"CYP11B1, CPN1, CYP11B, FHI, P450C11",802,787,46,17,779,778,825,796
Mus musculus,hsa04928,14,ITPR1,"ITPR1, ACV, CLA4, INSP3R1, IP3R, IP3R1, PPP1R94, SCA15, SCA16, SCA29...",512,778,46,17,489,770,535,786
Mus musculus,hsa04928,14,ITPR2,"ITPR1, ACV, CLA4, INSP3R1, IP3R, IP3R1, PPP1R94, SCA15, SCA16, SCA29...",512,778,46,17,489,770,535,786
Mus musculus,hsa04928,16,PLCB1,"PLCB1, DEE12, EIEE12, PI-PLC, PLC-154, PLC-I, PLC-beta-1, PLC154, PLCB1A, PLCB1B...",375,737,46,17,352,728,398,746
Mus musculus,hsa04928,16,PLCB3,"PLCB1, DEE12, EIEE12, PI-PLC, PLC-154, PLC-I, PLC-beta-1, PLC154, PLCB1A, PLCB1B...",375,737,46,17,352,728,398,746
Mus musculus,hsa04928,16,PLCB4,"PLCB1, DEE12, EIEE12, PI-PLC, PLC-154, PLC-I, PLC-beta-1, PLC154, PLCB1A, PLCB1B...",375,737,46,17,352,728,398,746
Mus musculus,hsa04928,42,ITPR1,"ITPR1, ACV, CLA4, INSP3R1, IP3R, IP3R1, PPP1R94, SCA15, SCA16, SCA29...",646,282,46,17,623,274,669,290
Mus musculus,hsa04928,42,ITPR2,"ITPR1, ACV, CLA4, INSP3R1, IP3R, IP3R1, PPP1R94, SCA15, SCA16, SCA29...",646,282,46,17,623,274,669,290
Mus musculus,hsa04928,44,PLCB1,"PLCB1, DEE12, EIEE12, PI-PLC, PLC-154, PLC-I, PLC-beta-1, PLC154, PLCB1A, PLCB1B...",563,215,46,17,540,206,586,224
Mus musculus,hsa04928,44,PLCB3,"PLCB1, DEE12, EIEE12, PI-PLC, PLC-154, PLC-I, PLC-beta-1, PLC154, PLCB1A, PLCB1B...",563,215,46,17,540,206,586,224
Mus musculus,hsa04928,44,PLCB4,"PLCB1, DEE12, EIEE12, PI-PLC, PLC-154, PLC-I, PLC-beta-1, PLC154, PLCB1A, PLCB1B...",563,215,46,17,540,206,586,224
Mus musculus,hsa04929,109,GABBR2,"GABBR1, GABABR1, GABBR1-3, GB1, GPRC3A, NEDLC...",850,104,46,17,827,96,873,112
Mus musculus,hsa04929,127,ESR2,"ESR2, ER-BETA, ESR-BETA, ESRB, ESTRB, Erb, NR3A2, ODG8",671,568,46,17,648,560,694,576
Mus musculus,hsa04929,19,PLCB1,"PLCB1, DEE12, EIEE12, PI-PLC, PLC-154, PLC-I, PLC-beta-1, PLC154, PLCB1A, PLCB1B...",662,270,46,17,639,262,685,278
Mus musculus,hsa04929,19,PLCB3,"PLCB1, DEE12, EIEE12, PI-PLC, PLC-154, PLC-I, PLC-beta-1, PLC154, PLCB1A, PLCB1B...",662,270,46,17,639,262,685,278
Mus musculus,hsa04929,19,PLCB4,"PLCB1, DEE12, EIEE12, PI-PLC, PLC-154, PLC-I, PLC-beta-1, PLC154, PLCB1A, PLCB1B...",662,270,46,17,639,262,685,278
Mus musculus,hsa04929,25,ITPR1,"ITPR1, ACV, CLA4, INSP3R1, IP3R, IP3R1, PPP1R94, SCA15, SCA16, SCA29...",847,341,46,17,824,332,870,350
Mus musculus,hsa04929,25,ITPR2,"ITPR1, ACV, CLA4, INSP3R1, IP3R, IP3R1, PPP1R94, SCA15, SCA16, SCA29...",847,341,46,17,824,332,870,350
Mus musculus,hsa04929,33,PIK3CA,"P3R3URF-PIK3R3, LOC110117498-PIK3R3...",668,502,46,17,645,494,691,510
Mus musculus,hsa04929,33,PIK3CD,"P3R3URF-PIK3R3, LOC110117498-PIK3R3...",668,502,46,17,645,494,691,510
Mus musculus,hsa04929,33,PIK3R1,"P3R3URF-PIK3R3, LOC110117498-PIK3R3...",668,502,46,17,645,494,691,510
Mus musculus,hsa04929,33,PIK3R2,"P3R3URF-PIK3R3, LOC110117498-PIK3R3...",668,502,46,17,645,494,691,510
Mus musculus,hsa04929,34,AKT2,"AKT3, MPPH, MPPH2, PKB-GAMMA, PKBG, PRKBG, RAC-PK-gamma, RAC-gamma, STK-2...",739,502,46,17,716,494,762,510
Mus musculus,hsa04929,44,KCNJ11,"KCNJ3, GIRK1, KGA, KIR3.1...",790,104,46,17,767,96,813,112
Mus musculus,hsa04930,12,PKLR,"PKLR, PK1, PKL, PKRL, RPK...",432,762,46,17,409,754,455,770
Mus musculus,hsa04930,13,PIK3CA,"P3R3URF-PIK3R3, LOC110117498-PIK3R3...",515,250,46,17,492,242,538,258
Mus musculus,hsa04930,13,PIK3CD,"P3R3URF-PIK3R3, LOC110117498-PIK3R3...",515,250,46,17,492,242,538,258
Mus musculus,hsa04930,13,PIK3R1,"P3R3URF-PIK3R3, LOC110117498-PIK3R3...",515,250,46,17,492,242,538,258
Mus musculus,hsa04930,13,PIK3R2,"P3R3URF-PIK3R3, LOC110117498-PIK3R3...",515,250,46,17,492,242,538,258
Mus musculus,hsa04930,16,INSR,"INSR, CD220, HHF5",266,250,46,17,243,242,289,258
Mus musculus,hsa04930,17,INS,"INS, IDDM, IDDM1, IDDM2, ILPR, IRDN, MODY10, PNDM4",183,250,46,17,160,242,206,258
Mus musculus,hsa04930,30,PDX1,"PDX1, GSF, IDX-1, IPF1, IUF1, MODY4, PAGEN1, PDX-1, STF-1",432,597,46,17,409,588,455,606
Mus musculus,hsa04930,37,INS,"INS, IDDM, IDDM1, IDDM2, ILPR, IRDN, MODY10, PNDM4",598,614,46,17,575,606,621,622
Mus musculus,hsa04930,38,GCK,"GCK, FGQTL3, GK, GLK, HHF3, HK4, HKIV, HXKP, LGLK, MODY2, PNDM1...",349,762,46,17,326,754,372,770
Mus musculus,hsa04930,38,HK1,"GCK, FGQTL3, GK, GLK, HHF3, HK4, HKIV, HXKP, LGLK, MODY2, PNDM1...",349,762,46,17,326,754,372,770
Mus musculus,hsa04930,41,SLC2A2,"SLC2A2, GLUT2",266,762,46,17,243,754,289,770
Mus musculus,hsa04930,42,KCNJ11,"KCNJ11, BIR, HHF2, IKATP, KIR6.2, MODY13, PHHI, PNDM2, TNDM3",266,728,46,17,243,720,289,736
Mus musculus,hsa04930,43,ABCC8,"ABCC8, ABC36, HHF1, HI, HRINS, MRP8, PHHI, PNDM3, SUR, SUR1, SUR1delta2, TNDM2",266,711,46,17,243,702,289,720
Mus musculus,hsa04931,122,INSR,"INSR, CD220, HHF5",321,850,46,17,298,842,344,858
Mus musculus,hsa04931,126,PIK3CA,"P3R3URF-PIK3R3, LOC110117498-PIK3R3...",813,850,46,17,790,842,836,858
Mus musculus,hsa04931,126,PIK3CD,"P3R3URF-PIK3R3, LOC110117498-PIK3R3...",813,850,46,17,790,842,836,858
Mus musculus,hsa04931,126,PIK3R1,"P3R3URF-PIK3R3, LOC110117498-PIK3R3...",813,850,46,17,790,842,836,858
Mus musculus,hsa04931,126,PIK3R2,"P3R3URF-PIK3R3, LOC110117498-PIK3R3...",813,850,46,17,790,842,836,858
Mus musculus,hsa04931,127,AKT2,"AKT3, MPPH, MPPH2, PKB-GAMMA, PKBG, PRKBG, RAC-PK-gamma, RAC-gamma, STK-2...",927,851,46,17,904,842,950,860
Mus musculus,hsa04931,132,INS,"INS, IDDM, IDDM1, IDDM2, ILPR, IRDN, MODY10, PNDM4",236,851,46,17,213,842,259,860
Mus musculus,hsa04931,15,SLC27A4,"SLC27A5, ACSB, ACSVL6, BACS, BAL, FACVL3, FATP-5, FATP5, VLACSR, VLCS-H2, VLCSH2...",321,586,46,17,298,578,344,594
Mus musculus,hsa04931,15,SLC27A5,"SLC27A5, ACSB, ACSVL6, BACS, BAL, FACVL3, FATP-5, FATP5, VLACSR, VLCS-H2, VLCSH2...",321,586,46,17,298,578,344,594
Mus musculus,hsa04931,162,ACACB,"ACACB, ACACbeta, ACC-beta, ACC2, ACCB, ACCbeta, HACC275",577,1119,46,17,554,1110,600,1128
Mus musculus,hsa04931,168,SLC27A5,"SLC27A5, ACSB, ACSVL6, BACS, BAL, FACVL3, FATP-5, FATP5, VLACSR, VLCS-H2, VLCSH2",321,1228,46,17,298,1220,344,1236
Mus musculus,hsa04931,210,SLC2A2,"SLC2A2, GLUT2",321,943,46,17,298,934,344,952
Mus musculus,hsa04931,211,SLC2A2,"SLC2A2, GLUT2",321,1025,46,17,298,1016,344,1034
Mus musculus,hsa04931,219,SLC2A2,"SLC2A2, GLUT2",1285,985,46,17,1262,976,1308,994
Mus musculus,hsa04931,222,PCK1,"PCK1, PCKDC, PEPCK-C, PEPCK1, PEPCKC...",1192,973,46,17,1169,964,1215,982
Mus musculus,hsa04931,222,PCK2,"PCK1, PCKDC, PEPCK-C, PEPCK1, PEPCKC...",1192,973,46,17,1169,964,1215,982
Mus musculus,hsa04931,223,G6PC3,"G6PC1, G6PC, G6PT, G6Pase, GSD1, GSD1a...",1192,996,46,17,1169,988,1215,1004
Mus musculus,hsa04931,25,INSR,"INSR, CD220, HHF5",321,174,46,17,298,166,344,182
Mus musculus,hsa04931,263,GYS1,"GYS1, GSY, GYS...",1146,850,46,17,1123,842,1169,858
Mus musculus,hsa04931,263,GYS2,"GYS1, GSY, GYS...",1146,850,46,17,1123,842,1169,858
Mus musculus,hsa04931,267,PYGL,"PYGB, GPBB...",1146,896,46,17,1123,888,1169,904
Mus musculus,hsa04931,267,PYGM,"PYGB, GPBB...",1146,896,46,17,1123,888,1169,904
Mus musculus,hsa04931,280,SLC2A1,"SLC2A1, CSE, DYT17, DYT18, DYT9, EIG12, GLUT, GLUT-1, GLUT1, GLUT1DS, HTLVR, PED, SDCHCN...",319,1691,46,17,296,1682,342,1700
Mus musculus,hsa04931,280,SLC2A2,"SLC2A1, CSE, DYT17, DYT18, DYT9, EIG12, GLUT, GLUT-1, GLUT1, GLUT1DS, HTLVR, PED, SDCHCN...",319,1691,46,17,296,1682,342,1700
Mus musculus,hsa04931,289,GFPT1,"GFPT1, CMS12, CMSTA1, GFA, GFAT, GFAT_1, GFAT1, GFAT1m, GFPT, GFPT1L, MSLG...",603,1678,46,17,580,1670,626,1686
Mus musculus,hsa04931,29,PIK3CA,"P3R3URF-PIK3R3, LOC110117498-PIK3R3...",813,174,46,17,790,166,836,182
Mus musculus,hsa04931,29,PIK3CD,"P3R3URF-PIK3R3, LOC110117498-PIK3R3...",813,174,46,17,790,166,836,182
Mus musculus,hsa04931,29,PIK3R1,"P3R3URF-PIK3R3, LOC110117498-PIK3R3...",813,174,46,17,790,166,836,182
Mus musculus,hsa04931,29,PIK3R2,"P3R3URF-PIK3R3, LOC110117498-PIK3R3...",813,174,46,17,790,166,836,182
Mus musculus,hsa04931,294,INSR,"INSR, CD220, HHF5",319,1454,46,17,296,1446,342,1462
Mus musculus,hsa04931,295,INS,"INS, IDDM, IDDM1, IDDM2, ILPR, IRDN, MODY10, PNDM4",221,1454,46,17,198,1446,244,1462
Mus musculus,hsa04931,302,PIK3CA,"P3R3URF-PIK3R3, LOC110117498-PIK3R3...",603,1454,46,17,580,1446,626,1462
Mus musculus,hsa04931,302,PIK3CD,"P3R3URF-PIK3R3, LOC110117498-PIK3R3...",603,1454,46,17,580,1446,626,1462
Mus musculus,hsa04931,302,PIK3R1,"P3R3URF-PIK3R3, LOC110117498-PIK3R3...",603,1454,46,17,580,1446,626,1462
Mus musculus,hsa04931,302,PIK3R2,"P3R3URF-PIK3R3, LOC110117498-PIK3R3...",603,1454,46,17,580,1446,626,1462
Mus musculus,hsa04931,306,AKT2,"AKT3, MPPH, MPPH2, PKB-GAMMA, PKBG, PRKBG, RAC-PK-gamma, RAC-gamma, STK-2...",927,1454,46,17,904,1446,950,1462
Mus musculus,hsa04931,31,AKT2,"AKT3, MPPH, MPPH2, PKB-GAMMA, PKBG, PRKBG, RAC-PK-gamma, RAC-gamma, STK-2...",927,174,46,17,904,166,950,182
Mus musculus,hsa04931,314,PTEN,"PTEN, 10q23del, BZS, CWS1, DEC, GLM2, MHAM, MMAC1, PTEN1, PTENbeta, TEP1",717,1392,46,17,694,1384,740,1400
Mus musculus,hsa04931,324,OGT,"OGT, HINCUT-1, HRNT1, MRX106, O-GLCNAC, OGT1, XLID106",778,1653,46,17,755,1644,801,1662
Mus musculus,hsa04931,339,OGT,"OGT, HINCUT-1, HRNT1, MRX106, O-GLCNAC, OGT1, XLID106",849,1716,46,17,826,1708,872,1724
Mus musculus,hsa04931,351,GYS1,"GYS1, GSY, GYS...",1146,1532,46,17,1123,1524,1169,1540
Mus musculus,hsa04931,351,GYS2,"GYS1, GSY, GYS...",1146,1532,46,17,1123,1524,1169,1540
Mus musculus,hsa04931,394,PRKAG2,"PRKAG2, AAKG, AAKG2, CMH6, H91620p, WPWS...",460,553,46,17,437,544,483,562
Mus musculus,hsa04931,396,ACACB,"ACACB, ACACbeta, ACC-beta, ACC2, ACCB, ACCbeta, HACC275",460,507,46,17,437,498,483,516
Mus musculus,hsa04931,403,CPT1A,"CPT1A, CPT1, CPT1-L, L-CPT1",536,1071,46,17,513,1062,559,1080
Mus musculus,hsa04931,61,INS,"INS, IDDM, IDDM1, IDDM2, ILPR, IRDN, MODY10, PNDM4",237,174,46,17,214,166,260,182
Mus musculus,hsa04931,98,GYS1,"GYS1, GSY, GYS...",1146,219,46,17,1123,210,1169,228
Mus musculus,hsa04931,98,GYS2,"GYS1, GSY, GYS...",1146,219,46,17,1123,210,1169,228
Mus musculus,hsa04932,11,INS,"INS, IDDM, IDDM1, IDDM2, ILPR, IRDN, MODY10, PNDM4",481,256,46,17,458,248,504,264
Mus musculus,hsa04932,15,AKT2,"AKT3, MPPH, MPPH2, PKB-GAMMA, PKBG, PRKBG, RAC-PK-gamma, RAC-gamma, STK-2...",1253,256,46,17,1230,248,1276,264
Mus musculus,hsa04932,174,COX4I1,"COX6B2, COXVIB2, CT59...",1116,1070,46,17,1093,1062,1139,1078
Mus musculus,hsa04932,174,COX4I2,"COX6B2, COXVIB2, CT59...",1116,1070,46,17,1093,1062,1139,1078
Mus musculus,hsa04932,174,COX5A,"COX6B2, COXVIB2, CT59...",1116,1070,46,17,1093,1062,1139,1078
Mus musculus,hsa04932,174,COX6A1,"COX6B2, COXVIB2, CT59...",1116,1070,46,17,1093,1062,1139,1078
Mus musculus,hsa04932,174,COX6A2,"COX6B2, COXVIB2, CT59...",1116,1070,46,17,1093,1062,1139,1078
Mus musculus,hsa04932,174,COX6B1,"COX6B2, COXVIB2, CT59...",1116,1070,46,17,1093,1062,1139,1078
Mus musculus,hsa04932,174,COX7B,"COX6B2, COXVIB2, CT59...",1116,1070,46,17,1093,1062,1139,1078
Mus musculus,hsa04932,174,COX8A,"COX6B2, COXVIB2, CT59...",1116,1070,46,17,1093,1062,1139,1078
Mus musculus,hsa04932,176,NDUFA1,NDUFC2-KCTD14...,972,1070,46,17,949,1062,995,1078
Mus musculus,hsa04932,176,NDUFA10,NDUFC2-KCTD14...,972,1070,46,17,949,1062,995,1078
Mus musculus,hsa04932,176,NDUFA11,NDUFC2-KCTD14...,972,1070,46,17,949,1062,995,1078
Mus musculus,hsa04932,176,NDUFA12,NDUFC2-KCTD14...,972,1070,46,17,949,1062,995,1078
Mus musculus,hsa04932,176,NDUFA13,NDUFC2-KCTD14...,972,1070,46,17,949,1062,995,1078
Mus musculus,hsa04932,176,NDUFA2,NDUFC2-KCTD14...,972,1070,46,17,949,1062,995,1078
Mus musculus,hsa04932,176,NDUFA4,NDUFC2-KCTD14...,972,1070,46,17,949,1062,995,1078
Mus musculus,hsa04932,176,NDUFA6,NDUFC2-KCTD14...,972,1070,46,17,949,1062,995,1078
Mus musculus,hsa04932,176,NDUFA8,NDUFC2-KCTD14...,972,1070,46,17,949,1062,995,1078
Mus musculus,hsa04932,176,NDUFA9,NDUFC2-KCTD14...,972,1070,46,17,949,1062,995,1078
Mus musculus,hsa04932,176,NDUFB10,NDUFC2-KCTD14...,972,1070,46,17,949,1062,995,1078
Mus musculus,hsa04932,176,NDUFB11,NDUFC2-KCTD14...,972,1070,46,17,949,1062,995,1078
Mus musculus,hsa04932,176,NDUFB3,NDUFC2-KCTD14...,972,1070,46,17,949,1062,995,1078
Mus musculus,hsa04932,176,NDUFB8,NDUFC2-KCTD14...,972,1070,46,17,949,1062,995,1078
Mus musculus,hsa04932,176,NDUFB9,NDUFC2-KCTD14...,972,1070,46,17,949,1062,995,1078
Mus musculus,hsa04932,176,NDUFC2,NDUFC2-KCTD14...,972,1070,46,17,949,1062,995,1078
Mus musculus,hsa04932,176,NDUFS1,NDUFC2-KCTD14...,972,1070,46,17,949,1062,995,1078
Mus musculus,hsa04932,176,NDUFS2,NDUFC2-KCTD14...,972,1070,46,17,949,1062,995,1078
Mus musculus,hsa04932,176,NDUFS3,NDUFC2-KCTD14...,972,1070,46,17,949,1062,995,1078
Mus musculus,hsa04932,176,NDUFS4,NDUFC2-KCTD14...,972,1070,46,17,949,1062,995,1078
Mus musculus,hsa04932,176,NDUFS6,NDUFC2-KCTD14...,972,1070,46,17,949,1062,995,1078
Mus musculus,hsa04932,176,NDUFS7,NDUFC2-KCTD14...,972,1070,46,17,949,1062,995,1078
Mus musculus,hsa04932,176,NDUFS8,NDUFC2-KCTD14...,972,1070,46,17,949,1062,995,1078
Mus musculus,hsa04932,176,NDUFV1,NDUFC2-KCTD14...,972,1070,46,17,949,1062,995,1078
Mus musculus,hsa04932,176,NDUFV2,NDUFC2-KCTD14...,972,1070,46,17,949,1062,995,1078
Mus musculus,hsa04932,179,SDHA,"SDHA, CMD1GG, FP, MC2DN1, NDAXOA, PGL5, PPGL5, SDH1, SDH2, SDHF...",1020,1070,46,17,997,1062,1043,1078
Mus musculus,hsa04932,179,SDHB,"SDHA, CMD1GG, FP, MC2DN1, NDAXOA, PGL5, PPGL5, SDH1, SDH2, SDHF...",1020,1070,46,17,997,1062,1043,1078
Mus musculus,hsa04932,179,SDHC,"SDHA, CMD1GG, FP, MC2DN1, NDAXOA, PGL5, PPGL5, SDH1, SDH2, SDHF...",1020,1070,46,17,997,1062,1043,1078
Mus musculus,hsa04932,179,SDHD,"SDHA, CMD1GG, FP, MC2DN1, NDAXOA, PGL5, PPGL5, SDH1, SDH2, SDHF...",1020,1070,46,17,997,1062,1043,1078
Mus musculus,hsa04932,183,CYC1,"UQCR11, 0710008D09Rik, QCR10, UQCR...",1068,1070,46,17,1045,1062,1091,1078
Mus musculus,hsa04932,183,UQCRB,"UQCR11, 0710008D09Rik, QCR10, UQCR...",1068,1070,46,17,1045,1062,1091,1078
Mus musculus,hsa04932,183,UQCRC1,"UQCR11, 0710008D09Rik, QCR10, UQCR...",1068,1070,46,17,1045,1062,1091,1078
Mus musculus,hsa04932,183,UQCRC2,"UQCR11, 0710008D09Rik, QCR10, UQCR...",1068,1070,46,17,1045,1062,1091,1078
Mus musculus,hsa04932,183,UQCRFS1,"UQCR11, 0710008D09Rik, QCR10, UQCR...",1068,1070,46,17,1045,1062,1091,1078
Mus musculus,hsa04932,183,UQCRQ,"UQCR11, 0710008D09Rik, QCR10, UQCR...",1068,1070,46,17,1045,1062,1091,1078
Mus musculus,hsa04932,199,INS,"INS, IDDM, IDDM1, IDDM2, ILPR, IRDN, MODY10, PNDM4",481,326,46,17,458,318,504,334
Mus musculus,hsa04932,201,INSR,"INSR, CD220, HHF5",576,326,46,17,553,318,599,334
Mus musculus,hsa04932,207,INSR,"INSR, CD220, HHF5",576,256,46,17,553,248,599,264
Mus musculus,hsa04932,31,PKLR,"PKLR, PK1, PKL, PKRL, RPK",928,386,46,17,905,378,951,394
Mus musculus,hsa04932,50,PIK3CA,"P3R3URF-PIK3R3, LOC110117498-PIK3R3...",1134,256,46,17,1111,248,1157,264
Mus musculus,hsa04932,50,PIK3CD,"P3R3URF-PIK3R3, LOC110117498-PIK3R3...",1134,256,46,17,1111,248,1157,264
Mus musculus,hsa04932,50,PIK3R1,"P3R3URF-PIK3R3, LOC110117498-PIK3R3...",1134,256,46,17,1111,248,1157,264
Mus musculus,hsa04932,50,PIK3R2,"P3R3URF-PIK3R3, LOC110117498-PIK3R3...",1134,256,46,17,1111,248,1157,264
Mus musculus,hsa04932,60,PRKAG2,"PRKAG2, AAKG, AAKG2, CMH6, H91620p, WPWS...",669,495,46,17,646,486,692,504
Mus musculus,hsa04932,89,CYCS,"CYCS, CYC, HCS, THC4",1241,1034,46,17,1218,1026,1264,1042
Mus musculus,hsa04933,150,PLCB1,"PLCD3, PLC-delta-3...",412,381,46,17,389,372,435,390
Mus musculus,hsa04933,150,PLCB3,"PLCD3, PLC-delta-3...",412,381,46,17,389,372,435,390
Mus musculus,hsa04933,150,PLCB4,"PLCD3, PLC-delta-3...",412,381,46,17,389,372,435,390
Mus musculus,hsa04933,150,PLCD1,"PLCD3, PLC-delta-3...",412,381,46,17,389,372,435,390
Mus musculus,hsa04933,150,PLCE1,"PLCD3, PLC-delta-3...",412,381,46,17,389,372,435,390
Mus musculus,hsa04933,150,PLCG2,"PLCD3, PLC-delta-3...",412,381,46,17,389,372,435,390
Mus musculus,hsa04933,86,AKT2,"AKT3, MPPH, MPPH2, PKB-GAMMA, PKBG, PRKBG, RAC-PK-gamma, RAC-gamma, STK-2...",774,543,46,17,751,534,797,552
Mus musculus,hsa04933,94,PIK3CA,"P3R3URF-PIK3R3, LOC110117498-PIK3R3...",565,590,46,17,542,582,588,598
Mus musculus,hsa04933,94,PIK3CD,"P3R3URF-PIK3R3, LOC110117498-PIK3R3...",565,590,46,17,542,582,588,598
Mus musculus,hsa04933,94,PIK3R1,"P3R3URF-PIK3R3, LOC110117498-PIK3R3...",565,590,46,17,542,582,588,598
Mus musculus,hsa04933,94,PIK3R2,"P3R3URF-PIK3R3, LOC110117498-PIK3R3...",565,590,46,17,542,582,588,598
Mus musculus,hsa04934,122,HSD3B2,"HSD3B1, 3BETAHSD, HSD3B, HSDB3, HSDB3A, SDR11E1...",1023,923,46,17,1000,914,1046,932
Mus musculus,hsa04934,123,CYP17A1,"CYP17A1, CPT7, CYP17, P450C17, S17AH",954,872,46,17,931,864,977,880
Mus musculus,hsa04934,124,CYP17A1,"CYP17A1, CPT7, CYP17, P450C17, S17AH",954,960,46,17,931,952,977,968
Mus musculus,hsa04934,126,MRAP,"MRAP, B27, C21orf61, FALP, FGD2, GCCD2, MRAP1",237,485,46,17,214,476,260,494
Mus musculus,hsa04934,15,ITPR1,"ITPR1, ACV, CLA4, INSP3R1, IP3R, IP3R1, PPP1R94, SCA15, SCA16, SCA29...",555,661,46,17,532,652,578,670
Mus musculus,hsa04934,15,ITPR2,"ITPR1, ACV, CLA4, INSP3R1, IP3R, IP3R1, PPP1R94, SCA15, SCA16, SCA29...",555,661,46,17,532,652,578,670
Mus musculus,hsa04934,18,PLCB1,"PLCB1, DEE12, EIEE12, PI-PLC, PLC-154, PLC-I, PLC-beta-1, PLC154, PLCB1A, PLCB1B...",472,596,46,17,449,588,495,604
Mus musculus,hsa04934,18,PLCB3,"PLCB1, DEE12, EIEE12, PI-PLC, PLC-154, PLC-I, PLC-beta-1, PLC154, PLCB1A, PLCB1B...",472,596,46,17,449,588,495,604
Mus musculus,hsa04934,18,PLCB4,"PLCB1, DEE12, EIEE12, PI-PLC, PLC-154, PLC-I, PLC-beta-1, PLC154, PLCB1A, PLCB1B...",472,596,46,17,449,588,495,604
Mus musculus,hsa04934,226,FH,"FH, FMRD, HLRCC, HsFH, LRCC, MCL, MCUL1",638,923,46,17,615,914,661,932
Mus musculus,hsa04934,38,MC2R,"MC2R, ACTHR",237,468,46,17,214,460,260,476
Mus musculus,hsa04934,46,STAR,"STAR, STARD1",988,661,46,17,965,652,1011,670
Mus musculus,hsa04934,48,STAR,"STAR, STARD1",752,854,46,17,729,846,775,862
Mus musculus,hsa04934,51,HSD3B2,"HSD3B1, 3BETAHSD, HSD3B, HSDB3, HSDB3A, SDR11E1...",941,923,46,17,918,914,964,932
Mus musculus,hsa04934,76,LDLR,"LDLR, FH, FHC, FHCL1, LDLCQ2",237,1020,46,17,214,1012,260,1028
Mus musculus,hsa04934,77,SCARB1,"SCARB1, CD36L1, CLA-1, CLA1, HDLCQ6, HDLQTL6, SR-BI, SRB1",237,1054,46,17,214,1046,260,1062
Mus musculus,hsa04934,83,CYP11A1,"CYP11A1, CYP11A, CYPXIA1, P450SCC",804,896,46,17,781,888,827,904
Mus musculus,hsa04934,84,CYP21A2,"CYP21A2, CA21H, CAH1, CPS1, CYP21, CYP21B, P450c21B",1023,1009,46,17,1000,1000,1046,1018
Mus musculus,hsa04934,88,MC2R,"MC2R, ACTHR",724,432,46,17,701,424,747,440
Mus musculus,hsa04934,89,MRAP,"MRAP, B27, C21orf61, FALP, FGD2, GCCD2, MRAP1",724,449,46,17,701,440,747,458
Mus musculus,hsa04934,92,CYP11B1,"CYP11B1, CPN1, CYP11B, FHI, P450C11",988,613,46,17,965,604,1011,622
Mus musculus,hsa04934,93,CYP11B1,"CYP11B1, CPN1, CYP11B, FHI, P450C11",795,1093,46,17,772,1084,818,1102
Mus musculus,hsa04934,99,CYP17A1,"CYP17A1, CPT7, CYP17, P450C17, S17AH",988,637,46,17,965,628,1011,646
Mus musculus,hsa04935,14,ITPR1,"ITPR1, ACV, CLA4, INSP3R1, IP3R, IP3R1, PPP1R94, SCA15, SCA16, SCA29...",514,681,46,17,491,672,537,690
Mus musculus,hsa04935,14,ITPR2,"ITPR1, ACV, CLA4, INSP3R1, IP3R, IP3R1, PPP1R94, SCA15, SCA16, SCA29...",514,681,46,17,491,672,537,690
Mus musculus,hsa04935,16,PLCG2,"PLCG1, IDAA, NCKAP3, PLC-II, PLC1, PLC148, PLCgamma1...",377,640,46,17,354,632,400,648
Mus musculus,hsa04935,239,PIK3CA,"P3R3URF-PIK3R3, LOC110117498-PIK3R3...",499,863,46,17,476,854,522,872
Mus musculus,hsa04935,239,PIK3CD,"P3R3URF-PIK3R3, LOC110117498-PIK3R3...",499,863,46,17,476,854,522,872
Mus musculus,hsa04935,239,PIK3R1,"P3R3URF-PIK3R3, LOC110117498-PIK3R3...",499,863,46,17,476,854,522,872
Mus musculus,hsa04935,239,PIK3R2,"P3R3URF-PIK3R3, LOC110117498-PIK3R3...",499,863,46,17,476,854,522,872
Mus musculus,hsa04935,240,AKT2,"AKT3, MPPH, MPPH2, PKB-GAMMA, PKBG, PRKBG, RAC-PK-gamma, RAC-gamma, STK-2...",584,863,46,17,561,854,607,872
Mus musculus,hsa04935,42,ITPR1,"ITPR1, ACV, CLA4, INSP3R1, IP3R, IP3R1, PPP1R94, SCA15, SCA16, SCA29...",674,338,46,17,651,330,697,346
Mus musculus,hsa04935,42,ITPR2,"ITPR1, ACV, CLA4, INSP3R1, IP3R, IP3R1, PPP1R94, SCA15, SCA16, SCA29...",674,338,46,17,651,330,697,346
Mus musculus,hsa04935,44,PLCB1,"PLCB1, DEE12, EIEE12, PI-PLC, PLC-154, PLC-I, PLC-beta-1, PLC154, PLCB1A, PLCB1B...",562,267,46,17,539,258,585,276
Mus musculus,hsa04935,44,PLCB3,"PLCB1, DEE12, EIEE12, PI-PLC, PLC-154, PLC-I, PLC-beta-1, PLC154, PLCB1A, PLCB1B...",562,267,46,17,539,258,585,276
Mus musculus,hsa04935,44,PLCB4,"PLCB1, DEE12, EIEE12, PI-PLC, PLC-154, PLC-I, PLC-beta-1, PLC154, PLCB1A, PLCB1B...",562,267,46,17,539,258,585,276
Mus musculus,hsa04936,200,PRKAG2,"PRKAG2, AAKG, AAKG2, CMH6, H91620p, WPWS...",668,1085,46,17,645,1076,691,1094
Mus musculus,hsa04936,217,ACACA,"ACACA, ACAC, ACACAD, ACACalpha, ACC, ACC1, ACCA, ACCalpha, Acac1, hACC1",830,1255,46,17,807,1246,853,1264
Mus musculus,hsa04936,223,CPT1A,"CPT1C, CATL1, CPT_I-C, CPT1-B, CPT1P, CPTI-B, CPTIC, SPG73...",956,1320,46,17,933,1312,979,1328
Mus musculus,hsa04936,223,CPT1C,"CPT1C, CATL1, CPT_I-C, CPT1-B, CPT1P, CPTI-B, CPTIC, SPG73...",956,1320,46,17,933,1312,979,1328
Mus musculus,hsa04936,234,ACACA,"ACACA, ACAC, ACACAD, ACACalpha, ACC, ACC1, ACCA, ACCalpha, Acac1, hACC1",1349,892,46,17,1326,884,1372,900
Mus musculus,hsa04936,236,ACACB,"ACACB, ACACbeta, ACC-beta, ACC2, ACCB, ACCbeta, HACC275",956,1227,46,17,933,1218,979,1236
Mus musculus,hsa04936,250,MLYCD,"MLYCD, MCD",830,1310,46,17,807,1302,853,1318
Mus musculus,hsa04936,277,AKT2,"AKT3, MPPH, MPPH2, PKB-GAMMA, PKBG, PRKBG, RAC-PK-gamma, RAC-gamma, STK-2...",842,1517,46,17,819,1508,865,1526
Mus musculus,hsa04936,41,TBK1,"TBK1, AIARV, FTDALS4, IIAE8, NAK, T2K",883,398,46,17,860,390,906,406
Mus musculus,hsa04936,425,ALDH1B1,"ALDH2, ALDH-E2, ALDHI, ALDM...",528,1204,46,17,505,1196,551,1212
Mus musculus,hsa04936,425,ALDH3A2,"ALDH2, ALDH-E2, ALDHI, ALDM...",528,1204,46,17,505,1196,551,1212
Mus musculus,hsa04936,425,ALDH7A1,"ALDH2, ALDH-E2, ALDHI, ALDM...",528,1204,46,17,505,1196,551,1212
Mus musculus,hsa04936,427,LPIN1,"LPIN1, PAP1...",1349,939,46,17,1326,930,1372,948
Mus musculus,hsa04936,427,LPIN2,"LPIN1, PAP1...",1349,939,46,17,1326,930,1372,948
Mus musculus,hsa04936,434,CPT1A,"CPT1A, CPT1, CPT1-L, L-CPT1",1349,1004,46,17,1326,996,1372,1012
Mus musculus,hsa04936,435,ACADVL,"ACADVL, ACAD6, LCACD, VLCAD",1349,1026,46,17,1326,1018,1372,1034
Mus musculus,hsa04936,436,ACADM,"ACADM, ACAD1, MCAD, MCADH",1349,1050,46,17,1326,1042,1372,1058
Mus musculus,hsa04936,437,ACOX1,"ACOX1, ACOX, AOX, MITCH, PALMCOX, SCOX...",1349,1074,46,17,1326,1066,1372,1082
Mus musculus,hsa04936,444,LPIN1,"LPIN1, PAP1...",1195,988,46,17,1172,980,1218,996
Mus musculus,hsa04936,444,LPIN2,"LPIN1, PAP1...",1195,988,46,17,1172,980,1218,996
Mus musculus,hsa04936,450,LPIN1,"LPIN1, PAP1...",936,960,46,17,913,952,959,968
Mus musculus,hsa04936,450,LPIN2,"LPIN1, PAP1...",936,960,46,17,913,952,959,968
Mus musculus,hsa04936,453,LPIN1,"LPIN1, PAP1...",1020,940,46,17,997,932,1043,948
Mus musculus,hsa04936,453,LPIN2,"LPIN1, PAP1...",1020,940,46,17,997,932,1043,948
Mus musculus,hsa04940,48,GAD1,"GAD1, CPSQ1, DEE89, GAD, SCP...",166,205,46,17,143,196,189,214
Mus musculus,hsa04940,49,HSPD1,"HSPD1, CPN60, GROEL, HLD4, HSP-60, HSP60, HSP65, HuCHA60, SPG13",166,266,46,17,143,258,189,274
Mus musculus,hsa04940,52,INS,"INS, IDDM, IDDM1, IDDM2, ILPR, IRDN, MODY10, PNDM4",166,185,46,17,143,176,189,194
Mus musculus,hsa04950,11,GCK,"GCK, FGQTL3, GK, GLK, HHF3, HK4, HKIV, HXKP, LGLK, MODY2, PNDM1",580,853,46,17,557,844,603,862
Mus musculus,hsa04950,12,PDX1,"PDX1, GSF, IDX-1, IPF1, IUF1, MODY4, PAGEN1, PDX-1, STF-1",442,715,46,17,419,706,465,724
Mus musculus,hsa04950,125,RFX6,"RFX6, MTCHRS, MTFS, RFXDC1, dJ955L16.1",644,463,46,17,621,454,667,472
Mus musculus,hsa04950,14,NEUROD1,"NEUROD1, BETA2, BHF-1, MODY6, NEUROD, T2D, bHLHa3",596,463,46,17,573,454,619,472
Mus musculus,hsa04950,19,INS,"INS, IDDM, IDDM1, IDDM2, ILPR, IRDN, MODY10, PNDM4",524,853,46,17,501,844,547,862
Mus musculus,hsa04950,20,HNF1A,"HNF1A, HNF-1-alpha, HNF-1A, HNF1, HNF1alpha, HNF4A, IDDM20, LFB1, MODY3, TCF-1, TCF1",359,761,46,17,336,752,382,770
Mus musculus,hsa04950,22,PAX4,"PAX4, KPD, MODY9",548,463,46,17,525,454,571,472
Mus musculus,hsa04950,24,SLC2A2,"SLC2A2, GLUT2",465,853,46,17,442,844,488,862
Mus musculus,hsa04950,25,NEUROD1,"NEUROD1, BETA2, BHF-1, MODY6, NEUROD, T2D, bHLHa3",629,761,46,17,606,752,652,770
Mus musculus,hsa04950,27,PKLR,"PKLR, PK1, PKL, PKRL, RPK",417,853,46,17,394,844,440,862
Mus musculus,hsa04950,31,HNF4A,"HNF4A, FRTS4, HNF4, HNF4a7, HNF4a8, HNF4a9, HNF4alpha, MODY, MODY1, NR2A1, NR2A21, TCF, TCF-14, TCF14",442,761,46,17,419,752,465,770
Mus musculus,hsa04950,32,PDX1,"PDX1, GSF, IDX-1, IPF1, IUF1, MODY4, PAGEN1, PDX-1, STF-1",442,202,46,17,419,194,465,210
Mus musculus,hsa04950,39,PDX1,"PDX1, GSF, IDX-1, IPF1, IUF1, MODY4, PAGEN1, PDX-1, STF-1",212,478,46,17,189,470,235,486
Mus musculus,hsa04950,7,HNF1B,"HNF1B, ADTKD3, FJHN, HNF-1-beta, HNF-1B, HNF1beta, HNF2, HPC11, LF-B3, LFB3, MODY5, RCAD, T2D, TCF-2, TCF2, VHNF1",359,399,46,17,336,390,382,408
Mus musculus,hsa04960,18,NR3C2,"NR3C2, MCR, MLR, MR, NR3C2VIT",516,357,46,17,493,348,539,366
Mus musculus,hsa04960,31,HSD11B2,"HSD11B2, AME, AME1, HSD11K, HSD2, SDR9C3",529,278,46,17,506,270,552,286
Mus musculus,hsa04960,38,INSR,"INSR, CD220, HHF5",582,652,46,17,559,644,605,660
Mus musculus,hsa04960,40,PIK3CA,"P3R3URF-PIK3R3, LOC110117498-PIK3R3...",416,614,46,17,393,606,439,622
Mus musculus,hsa04960,40,PIK3CD,"P3R3URF-PIK3R3, LOC110117498-PIK3R3...",416,614,46,17,393,606,439,622
Mus musculus,hsa04960,40,PIK3R1,"P3R3URF-PIK3R3, LOC110117498-PIK3R3...",416,614,46,17,393,606,439,622
Mus musculus,hsa04960,40,PIK3R2,"P3R3URF-PIK3R3, LOC110117498-PIK3R3...",416,614,46,17,393,606,439,622
Mus musculus,hsa04960,42,INS,"INS, IDDM, IDDM1, IDDM2, ILPR, IRDN, MODY10, PNDM4",664,636,46,17,641,628,687,644
Mus musculus,hsa04961,102,CLTC,"CLTA, LCA...",289,495,46,17,266,486,312,504
Mus musculus,hsa04961,106,AP2S1,"AP2M1, AP50, CLAPM1, MRD60, mu2...",310,469,46,17,287,460,333,478
Mus musculus,hsa04961,112,DNM1,"DNM1, DEE31, DEE31A, DEE31B, DNM, EIEE31...",158,447,46,17,135,438,181,456
Mus musculus,hsa04961,112,DNM2,"DNM1, DEE31, DEE31A, DEE31B, DNM, EIEE31...",158,447,46,17,135,438,181,456
Mus musculus,hsa04961,113,DNM1,"DNM1, DEE31, DEE31A, DEE31B, DNM, EIEE31...",158,407,46,17,135,398,181,416
Mus musculus,hsa04961,113,DNM2,"DNM1, DEE31, DEE31A, DEE31B, DNM, EIEE31...",158,407,46,17,135,398,181,416
Mus musculus,hsa04961,120,PLCB1,"PLCB1, DEE12, EIEE12, PI-PLC, PLC-154, PLC-I, PLC-beta-1, PLC154, PLCB1A, PLCB1B...",343,749,46,17,320,740,366,758
Mus musculus,hsa04961,120,PLCB3,"PLCB1, DEE12, EIEE12, PI-PLC, PLC-154, PLC-I, PLC-beta-1, PLC154, PLCB1A, PLCB1B...",343,749,46,17,320,740,366,758
Mus musculus,hsa04961,120,PLCB4,"PLCB1, DEE12, EIEE12, PI-PLC, PLC-154, PLC-I, PLC-beta-1, PLC154, PLCB1A, PLCB1B...",343,749,46,17,320,740,366,758
Mus musculus,hsa04961,130,ESR1,"ESR1, ER, ESR, ESRA, ESTRR, Era, NR3A1",832,317,46,17,809,308,855,326
Mus musculus,hsa04962,75,VAMP2,"VAMP2, NEDHAHM, SYB2, VAMP-2",227,445,46,17,204,436,250,454
Mus musculus,hsa04962,79,DYNC1H1,"DYNLL2, DNCL1B, Dlc2, RSPH22...",335,314,46,17,312,306,358,322
Mus musculus,hsa04964,103,PCK1,"PCK1, PCKDC, PEPCK-C, PEPCK1, PEPCKC...",416,784,46,17,393,776,439,792
Mus musculus,hsa04964,103,PCK2,"PCK1, PCKDC, PEPCK-C, PEPCK1, PEPCKC...",416,784,46,17,393,776,439,792
Mus musculus,hsa04964,68,GLS,"GLS2, GA, GLS, LGA, hLGA...",346,540,46,17,323,532,369,548
Mus musculus,hsa04964,69,GLUD1,"GLUD1, GDH, GDH1, GLUD, hGDH1...",346,597,46,17,323,588,369,606
Mus musculus,hsa04964,95,SLC25A10,"SLC25A10, DIC, MTDPS19",375,721,46,17,352,712,398,730
Mus musculus,hsa04964,99,MDH1,"MDH1, DEE88, EIEE88, HEL-S-32, KAR, MDH-s, MDHA, MGC:1375, MOR2",345,770,46,17,322,762,368,778
Mus musculus,hsa04966,27,ATP6V0A2,ATP6V1FP2...,159,334,46,17,136,326,182,342
Mus musculus,hsa04966,27,ATP6V1A,ATP6V1FP2...,159,334,46,17,136,326,182,342
Mus musculus,hsa04966,27,ATP6V1E1,ATP6V1FP2...,159,334,46,17,136,326,182,342
Mus musculus,hsa04970,48,VAMP2,"VAMP2, NEDHAHM, SYB2, VAMP-2",586,383,46,17,563,374,609,392
Mus musculus,hsa04970,52,PLCB1,"PLCB1, DEE12, EIEE12, PI-PLC, PLC-154, PLC-I, PLC-beta-1, PLC154, PLCB1A, PLCB1B...",343,495,46,17,320,486,366,504
Mus musculus,hsa04970,52,PLCB3,"PLCB1, DEE12, EIEE12, PI-PLC, PLC-154, PLC-I, PLC-beta-1, PLC154, PLCB1A, PLCB1B...",343,495,46,17,320,486,366,504
Mus musculus,hsa04970,52,PLCB4,"PLCB1, DEE12, EIEE12, PI-PLC, PLC-154, PLC-I, PLC-beta-1, PLC154, PLCB1A, PLCB1B...",343,495,46,17,320,486,366,504
Mus musculus,hsa04970,53,ITPR1,"ITPR1, ACV, CLA4, INSP3R1, IP3R, IP3R1, PPP1R94, SCA15, SCA16, SCA29...",489,576,46,17,466,568,512,584
Mus musculus,hsa04970,53,ITPR2,"ITPR1, ACV, CLA4, INSP3R1, IP3R, IP3R1, PPP1R94, SCA15, SCA16, SCA29...",489,576,46,17,466,568,512,584
Mus musculus,hsa04971,72,PLCB1,"PLCB1, DEE12, EIEE12, PI-PLC, PLC-154, PLC-I, PLC-beta-1, PLC154, PLCB1A, PLCB1B...",382,327,46,17,359,318,405,336
Mus musculus,hsa04971,72,PLCB3,"PLCB1, DEE12, EIEE12, PI-PLC, PLC-154, PLC-I, PLC-beta-1, PLC154, PLCB1A, PLCB1B...",382,327,46,17,359,318,405,336
Mus musculus,hsa04971,72,PLCB4,"PLCB1, DEE12, EIEE12, PI-PLC, PLC-154, PLC-I, PLC-beta-1, PLC154, PLCB1A, PLCB1B...",382,327,46,17,359,318,405,336
Mus musculus,hsa04971,73,ITPR1,"ITPR1, ACV, CLA4, INSP3R1, IP3R, IP3R1, PPP1R94, SCA15, SCA16, SCA29...",499,392,46,17,476,384,522,400
Mus musculus,hsa04971,73,ITPR2,"ITPR1, ACV, CLA4, INSP3R1, IP3R, IP3R1, PPP1R94, SCA15, SCA16, SCA29...",499,392,46,17,476,384,522,400
Mus musculus,hsa04972,53,PLCB1,"PLCB1, DEE12, EIEE12, PI-PLC, PLC-154, PLC-I, PLC-beta-1, PLC154, PLCB1A, PLCB1B...",367,292,46,17,344,284,390,300
Mus musculus,hsa04972,53,PLCB3,"PLCB1, DEE12, EIEE12, PI-PLC, PLC-154, PLC-I, PLC-beta-1, PLC154, PLCB1A, PLCB1B...",367,292,46,17,344,284,390,300
Mus musculus,hsa04972,53,PLCB4,"PLCB1, DEE12, EIEE12, PI-PLC, PLC-154, PLC-I, PLC-beta-1, PLC154, PLCB1A, PLCB1B...",367,292,46,17,344,284,390,300
Mus musculus,hsa04972,54,ITPR1,"ITPR1, ACV, CLA4, INSP3R1, IP3R, IP3R1, PPP1R94, SCA15, SCA16, SCA29...",525,475,46,17,502,466,548,484
Mus musculus,hsa04972,54,ITPR2,"ITPR1, ACV, CLA4, INSP3R1, IP3R, IP3R1, PPP1R94, SCA15, SCA16, SCA29...",525,475,46,17,502,466,548,484
Mus musculus,hsa04973,115,SLC2A2,"SLC2A2, GLUT2",536,699,46,17,513,690,559,708
Mus musculus,hsa04973,126,SLC2A2,"SLC2A2, GLUT2",636,654,46,17,613,646,659,662
Mus musculus,hsa04973,132,HK1,"HK1, CNSHA5, HK, HK1-ta, HK1-tb, HK1-tc, HKD, HKI, HMSNR, HXK1, NEDVIBA, NMSR, RP79, hexokinase...",720,417,46,17,697,408,743,426
Mus musculus,hsa04973,133,G6PC3,"G6PC1, G6PC, G6PT, G6Pase, GSD1, GSD1a...",854,430,46,17,831,422,877,438
Mus musculus,hsa04973,135,PIK3CA,"P3R3URF-PIK3R3, LOC110117498-PIK3R3...",680,504,46,17,657,496,703,512
Mus musculus,hsa04973,135,PIK3CD,"P3R3URF-PIK3R3, LOC110117498-PIK3R3...",680,504,46,17,657,496,703,512
Mus musculus,hsa04973,135,PIK3R1,"P3R3URF-PIK3R3, LOC110117498-PIK3R3...",680,504,46,17,657,496,703,512
Mus musculus,hsa04973,135,PIK3R2,"P3R3URF-PIK3R3, LOC110117498-PIK3R3...",680,504,46,17,657,496,703,512
Mus musculus,hsa04973,136,AKT2,"AKT3, MPPH, MPPH2, PKB-GAMMA, PKBG, PRKBG, RAC-PK-gamma, RAC-gamma, STK-2...",793,544,46,17,770,536,816,552
Mus musculus,hsa04973,148,PLCB1,"PLCB1, DEE12, EIEE12, PI-PLC, PLC-154, PLC-I, PLC-beta-1, PLC154, PLCB1A, PLCB1B...",643,769,46,17,620,760,666,778
Mus musculus,hsa04973,148,PLCB3,"PLCB1, DEE12, EIEE12, PI-PLC, PLC-154, PLC-I, PLC-beta-1, PLC154, PLCB1A, PLCB1B...",643,769,46,17,620,760,666,778
Mus musculus,hsa04973,148,PLCB4,"PLCB1, DEE12, EIEE12, PI-PLC, PLC-154, PLC-I, PLC-beta-1, PLC154, PLCB1A, PLCB1B...",643,769,46,17,620,760,666,778
Mus musculus,hsa04973,49,SLC5A1,"SLC5A1, D22S675, NAGT, SGLT-1, SGLT1",446,382,46,17,423,374,469,390
Mus musculus,hsa04973,51,SLC2A2,"SLC2A2, GLUT2",976,358,46,17,953,350,999,366
Mus musculus,hsa04973,53,SLC37A4,"SLC37A4, CDG2W, G6PT, G6PT1, G6PT2, G6PT3, GSD1b, GSD1c, GSD1d, PRO0685, SPX4, TRG-19, TRG19",747,443,46,17,724,434,770,452
Mus musculus,hsa04973,66,SLC2A2,"SLC2A2, GLUT2",976,695,46,17,953,686,999,704
Mus musculus,hsa04973,78,LCT,"LCT, LAC, LPH, LPH1",420,248,46,17,397,240,443,256
Mus musculus,hsa04973,79,SI,SI,425,504,46,17,402,496,448,512
Mus musculus,hsa04974,133,SLC36A2,"SLC36A4, PAT4...",622,699,46,17,599,690,645,708
Mus musculus,hsa04974,65,SLC1A1,"SLC1A1, DCBXA, EAAC1, EAAT3, SCZD18, hEAAC1",534,511,46,17,511,502,557,520
Mus musculus,hsa04974,66,SLC7A9,"SLC7A9, BAT1, CSNU3",535,766,46,17,512,758,558,774
Mus musculus,hsa04974,74,SLC7A7,"SLC7A7, LAT3, LPI, MOP-2, Y+LAT1, y+LAT-1",1007,770,46,17,984,762,1030,778
Mus musculus,hsa04974,79,SLC6A19,"SLC6A19, B0AT1, HND",533,637,46,17,510,628,556,646
Mus musculus,hsa04974,85,SLC3A1,"SLC3A1, ATR1, CSNU1, D2H, NBAT, RBAT",508,749,46,17,485,740,531,758
Mus musculus,hsa04975,100,ABCA1,"ABCA1, ABC-1, ABC1, CERP, HDLCQTL13, HDLDT1, HPALP1, TGD",1063,573,46,17,1040,564,1086,582
Mus musculus,hsa04975,209,APOB,"APOB, FCHL2, FLDB, LDLCQ4, apoB-100, apoB-48",922,431,46,17,899,422,945,440
Mus musculus,hsa04975,214,SLC27A4,"SLC27A4, ACSVL4, FATP4, IPS...",666,540,46,17,643,532,689,548
Mus musculus,hsa04975,215,APOA1,"APOA1, HPALP2, apo(a)",1126,550,46,17,1103,542,1149,558
Mus musculus,hsa04975,219,APOA1,"APOA1, HPALP2, apo(a)",1126,637,46,17,1103,628,1149,646
Mus musculus,hsa04975,221,SCARB1,"SCARB1, CD36L1, CLA-1, CLA1, HDLCQ6, HDLQTL6, SR-BI, SRB1",446,637,46,17,423,628,469,646
Mus musculus,hsa04975,234,GOT2,"GOT2, DEE82, KAT4, KATIV, KYAT4, mitAAT",535,573,46,17,512,564,558,582
Mus musculus,hsa04975,46,ABCG5,"ABCG5, STSL, STSL2",449,757,46,17,426,748,472,766
Mus musculus,hsa04975,47,ABCG8,"ABCG8, GBD4, STSL, STSL1",449,774,46,17,426,766,472,782
Mus musculus,hsa04975,53,APOB,"APOB, FCHL2, FLDB, LDLCQ4, apoB-100, apoB-48",858,651,46,17,835,642,881,660
Mus musculus,hsa04975,61,AGPAT2,"AGPAT1, 1-AGPAT1, G15, LPAAT-alpha, LPAATA, LPLAT1...",727,302,46,17,704,294,750,310
Mus musculus,hsa04975,63,DGAT1,"DGAT2, ARAT, GS1999FULL, HMFN1045...",749,570,46,17,726,562,772,578
Mus musculus,hsa04975,64,ACAT1,"ACAT1, ACAT, MAT, T2, THIL...",730,714,46,17,707,706,753,722
Mus musculus,hsa04975,64,ACAT2,"ACAT1, ACAT, MAT, T2, THIL...",730,714,46,17,707,706,753,722
Mus musculus,hsa04975,80,MTTP,"MTTP, ABL, MTP",833,625,46,17,810,616,856,634
Mus musculus,hsa04975,81,APOB,"APOB, FCHL2, FLDB, LDLCQ4, apoB-100, apoB-48",1064,310,46,17,1041,302,1087,318
Mus musculus,hsa04975,82,APOB,"APOB, FCHL2, FLDB, LDLCQ4, apoB-100, apoB-48",1201,308,46,17,1178,300,1224,316
Mus musculus,hsa04975,90,APOA1,"APOA1, HPALP2, apo(a)",1201,377,46,17,1178,368,1224,386
Mus musculus,hsa04975,92,APOA1,"APOA1, HPALP2, apo(a)",1065,374,46,17,1042,366,1088,382
Mus musculus,hsa04975,94,APOA1,"APOA1, HPALP2, apo(a)",922,497,46,17,899,488,945,506
Mus musculus,hsa04975,96,APOB,"APOB, FCHL2, FLDB, LDLCQ4, apoB-100, apoB-48",948,630,46,17,925,622,971,638
Mus musculus,hsa04976,123,EPHX1,"EPHX1, EPHX, EPOX, HYL1, MEH",221,183,46,17,198,174,244,192
Mus musculus,hsa04976,124,SLC10A1,"SLC10A1, FHCA2, NTCP",221,311,46,17,198,302,244,320
Mus musculus,hsa04976,125,ABCB11,"ABCB11, ABC16, BRIC2, BSEP, PFIC-2, PFIC2, PGY4, SPGP",636,347,46,17,613,338,659,356
Mus musculus,hsa04976,126,ABCC2,"ABCC2, ABC30, CMOAT, DJS, MRP2, cMRP",642,384,46,17,619,376,665,392
Mus musculus,hsa04976,130,CYP7A1,"CYP7A1, CP7A, CYP7, CYPVII",436,226,46,17,413,218,459,234
Mus musculus,hsa04976,131,NR1H4,"NR1H4, BAR, FXR, HRR-1, HRR1, PFIC5, RIP14",465,311,46,17,442,302,488,320
Mus musculus,hsa04976,134,ABCG5,"ABCG5, STSL, STSL2",638,280,46,17,615,272,661,288
Mus musculus,hsa04976,135,ABCG8,"ABCG8, GBD4, STSL, STSL1",638,297,46,17,615,288,661,306
Mus musculus,hsa04976,139,SLC10A2,"SLC10A2, ASBT, IBAT, ISBT, NTCP2, PBAM, PBAM1",823,670,46,17,800,662,846,678
Mus musculus,hsa04976,148,ABCB4,"ABCB4, ABC21, GBD1, ICP3, MDR2, MDR2/3, MDR3, PFIC-3, PGY3",833,380,46,17,810,372,856,388
Mus musculus,hsa04976,151,SLC5A1,"SLC5A1, D22S675, NAGT, SGLT-1, SGLT1",823,735,46,17,800,726,846,744
Mus musculus,hsa04976,152,SLC2A1,"SLC2A1, CSE, DYT17, DYT18, DYT9, EIG12, GLUT, GLUT-1, GLUT1, GLUT1DS, HTLVR, PED, SDCHCN",1180,812,46,17,1157,804,1203,820
Mus musculus,hsa04976,181,SLC10A2,"SLC10A2, ASBT, IBAT, ISBT, NTCP2, PBAM, PBAM1",1180,640,46,17,1157,632,1203,648
Mus musculus,hsa04976,196,UGT1A1,UGT2B11...,470,481,46,17,447,472,493,490
Mus musculus,hsa04976,198,SLC27A5,"SLC27A5, ACSB, ACSVL6, BACS, BAL, FACVL3, FATP-5, FATP5, VLACSR, VLCS-H2, VLCSH2",471,502,46,17,448,494,494,510
Mus musculus,hsa04976,199,BAAT,"BAAT, BACAT, BACD1, BAT, HCHO",522,502,46,17,499,494,545,510
Mus musculus,hsa04976,211,NR1H4,"NR1H4, BAR, FXR, HRR-1, HRR1, PFIC5, RIP14",1031,345,46,17,1008,336,1054,354
Mus musculus,hsa04976,301,SCARB1,"SCARB1, CD36L1, CLA-1, CLA1, HDLCQ6, HDLQTL6, SR-BI, SRB1",535,91,46,17,512,82,558,100
Mus musculus,hsa04976,302,LDLR,"LDLR, FH, FHC, FHCL1, LDLCQ2",465,91,46,17,442,82,488,100
Mus musculus,hsa04976,307,HMGCR,"HMGCR, LDLCQ3, LGMDR28, MYPLG",409,157,46,17,386,148,432,166
Mus musculus,hsa04977,104,CUBN,"CUBN, IFCR, IGS, IGS1, MGA1, gp280",607,201,46,17,584,192,630,210
Mus musculus,hsa04977,105,CUBN,"CUBN, IFCR, IGS, IGS1, MGA1, gp280",722,180,46,17,699,172,745,188
Mus musculus,hsa04977,109,CBLIF,"CBLIF, GIF, IF, IFMH, INF, TCN3",780,174,46,17,757,166,803,182
Mus musculus,hsa04977,110,CBLIF,"CBLIF, GIF, IF, IFMH, INF, TCN3",486,211,46,17,463,202,509,220
Mus musculus,hsa04977,114,LMBRD1,"LMBRD1, C6orf209, LMBD1, MAHCF, NESI",964,187,46,17,941,178,987,196
Mus musculus,hsa04977,115,CBLIF,"CBLIF, GIF, IF, IFMH, INF, TCN3",895,175,46,17,872,166,918,184
Mus musculus,hsa04977,120,TCN2,"TCN2, D22S676, D22S750, II, TC, TC_II, TC-2, TC2, TCII",1291,259,46,17,1268,250,1314,268
Mus musculus,hsa04977,122,TCN2,"TCN2, D22S676, D22S750, II, TC, TC_II, TC-2, TC2, TCII",1038,259,46,17,1015,250,1061,268
Mus musculus,hsa04977,123,CBLIF,"CBLIF, GIF, IF, IFMH, INF, TCN3",659,240,46,17,636,232,682,248
Mus musculus,hsa04977,124,CUBN,"CUBN, IFCR, IGS, IGS1, MGA1, gp280",705,240,46,17,682,232,728,248
Mus musculus,hsa04977,142,MMACHC,"MMACHC, cblC",1053,166,46,17,1030,158,1076,174
Mus musculus,hsa04977,149,SLC5A6,"SLC5A6, COMNB, NERIB, SMVT, SMVTD, hSMVT",607,370,46,17,584,362,630,378
Mus musculus,hsa04977,151,SLC19A1,"SLC19A1, CHMD, FOLT, IFC-1, IFC1, IMD114, MEGAF, REFC, RFC, RFC1, RFT-1, hRFC, hSLC19A1",604,518,46,17,581,510,627,526
Mus musculus,hsa04977,156,SLC19A2,"SLC19A2, TC1, THMD1, THT1, THTR1, TRMA...",522,280,46,17,499,272,545,288
Mus musculus,hsa04977,156,SLC19A3,"SLC19A2, TC1, THMD1, THT1, THTR1, TRMA...",522,280,46,17,499,272,545,288
Mus musculus,hsa04977,172,BTD,BTD,344,349,46,17,321,340,367,358
Mus musculus,hsa04977,207,SCARB1,"SCARB1, CD36L1, CLA-1, CLA1, HDLCQ6, HDLQTL6, SR-BI, SRB1",522,699,46,17,499,690,545,708
Mus musculus,hsa04977,248,SLC52A3,"SLC52A3, BVVLS, BVVLS1, C20orf54, RFT2, RFVT3, bA371L19.1, hRFT2",522,314,46,17,499,306,545,322
Mus musculus,hsa04977,283,SLC46A1,"SLC46A1, G21, HCP1, HsPCFT, PCFT, hPCFT",604,490,46,17,581,482,627,498
Mus musculus,hsa04977,297,CBLIF,"CBLIF, GIF, IF, IFMH, INF, TCN3",344,235,46,17,321,226,367,244
Mus musculus,hsa04977,301,AMN,"AMN, IGS2, PRO1028, amnionless",607,218,46,17,584,210,630,226
Mus musculus,hsa04977,302,AMN,"AMN, IGS2, PRO1028, amnionless",705,257,46,17,682,248,728,266
Mus musculus,hsa04977,303,AMN,"AMN, IGS2, PRO1028, amnionless",722,197,46,17,699,188,745,206
Mus musculus,hsa04977,304,ABCD4,"ABCD4, ABC41, EST352188, MAHCJ, P70R, P79R, PMP69, PXMP1L",964,204,46,17,941,196,987,212
Mus musculus,hsa04977,66,APOB,"APOB, FCHL2, FLDB, LDLCQ4, apoB-100, apoB-48",1124,611,46,17,1101,602,1147,620
Mus musculus,hsa04977,67,APOB,"APOB, FCHL2, FLDB, LDLCQ4, apoB-100, apoB-48",1262,615,46,17,1239,606,1285,624
Mus musculus,hsa04977,73,APOA1,"APOA1, AMYLD3, HPALP2, apo(a)",1264,694,46,17,1241,686,1287,702
Mus musculus,hsa04977,75,APOA1,"APOA1, AMYLD3, HPALP2, apo(a)",1126,692,46,17,1103,684,1149,700
Mus musculus,hsa04977,76,APOA1,"APOA1, AMYLD3, HPALP2, apo(a)",898,688,46,17,875,680,921,696
Mus musculus,hsa04977,85,APOB,"APOB, FCHL2, FLDB, LDLCQ4, apoB-100, apoB-48",899,604,46,17,876,596,922,612
Mus musculus,hsa04978,108,SLC46A1,"SLC46A1, G21, HCP1, HsPCFT, PCFT, hPCFT",313,575,46,17,290,566,336,584
Mus musculus,hsa04978,110,SLC11A2,"SLC11A2, AHMIO1, DCT1, DMT1, NRAMP2",222,648,46,17,199,640,245,656
Mus musculus,hsa04978,111,SLC40A1,"SLC40A1, FPN, FPN1, HFE4, IREG1, MST079, MSTP079, MTP1, SLC11A3",821,601,46,17,798,592,844,610
Mus musculus,hsa04978,117,FTH1,"FTH1, FHC, FTH, FTHL6, HFE5, NBIA9, PIG15, PLIF...",643,653,46,17,620,644,666,662
Mus musculus,hsa04978,117,FTL,"FTH1, FHC, FTH, FTHL6, HFE5, NBIA9, PIG15, PLIF...",643,653,46,17,620,644,666,662
Mus musculus,hsa04978,124,HMOX1,"HMOX1, HMOX1D, HO-1, HSP32, bK286B10...",393,592,46,17,370,584,416,600
Mus musculus,hsa04978,126,HEPHL1,"HEPHL1, HJDD, ZP...",821,634,46,17,798,626,844,642
Mus musculus,hsa04978,130,TF,"TF, HEL-S-71p, PRO1557, PRO2086, TFQTL1",940,659,46,17,917,650,963,668
Mus musculus,hsa04978,132,SLC39A4,"SLC39A4, AEZ, AWMS2, ZIP4",306,690,46,17,283,682,329,698
Mus musculus,hsa04978,139,ATP7A,"ATP7A, DSMAX, HMNX, MK, MNK, SMAX3...",643,733,46,17,620,724,666,742
Mus musculus,hsa04978,139,ATP7B,"ATP7A, DSMAX, HMNX, MK, MNK, SMAX3...",643,733,46,17,620,724,666,742
Mus musculus,hsa04978,180,SLC5A1,"SLC5A1, D22S675, NAGT, SGLT-1, SGLT1",222,498,46,17,199,490,245,506
Mus musculus,hsa04978,181,SLC6A19,"SLC6A19, B0AT1, HND",222,519,46,17,199,510,245,528
Mus musculus,hsa04978,206,CLCN2,"CLCN2, CIC-2, CLC2, ECA2, ECA3, EGI11, EGI3, EGMA, EJM6, EJM8, FHA2, FHII, HALD2, LKPAT, clC-2",821,484,46,17,798,476,844,492
Mus musculus,hsa04979,163,APOA1,"APOA1, AMYLD3, HPALP2, apo(a)",981,1056,46,17,958,1048,1004,1064
Mus musculus,hsa04979,166,APOB,"APOB, FCHL2, FLDB, LDLCQ4, apoB-100, apoB-48",1031,1056,46,17,1008,1048,1054,1064
Mus musculus,hsa04979,168,APOC2,"APOC1, APOC1B, Apo-CI, ApoC-I, apo-CIB, apoC-IB...",1031,1076,46,17,1008,1068,1054,1084
Mus musculus,hsa04979,168,APOC3,"APOC1, APOC1B, Apo-CI, ApoC-I, apo-CIB, apoC-IB...",1031,1076,46,17,1008,1068,1054,1084
Mus musculus,hsa04979,169,APOE,"APOE, AD2, APO-E, ApoE4, LDLCQ5, LPG",1031,1096,46,17,1008,1088,1054,1104
Mus musculus,hsa04979,175,LPA,"LPA, AK38, APOA, LP",736,1056,46,17,713,1048,759,1064
Mus musculus,hsa04979,182,APOE,"APOE, AD2, APO-E, ApoE4, LDLCQ5, LPG",919,1076,46,17,896,1068,942,1084
Mus musculus,hsa04979,183,APOB,"APOB, FCHL2, FLDB, LDLCQ4, apoB-100, apoB-48",919,1056,46,17,896,1048,942,1064
Mus musculus,hsa04979,184,APOB,"APOB, FCHL2, FLDB, LDLCQ4, apoB-100, apoB-48",857,1056,46,17,834,1048,880,1064
Mus musculus,hsa04979,185,APOC2,"APOC1, APOC1B, Apo-CI, ApoC-I, apo-CIB, apoC-IB...",857,1076,46,17,834,1068,880,1084
Mus musculus,hsa04979,185,APOC3,"APOC1, APOC1B, Apo-CI, ApoC-I, apo-CIB, apoC-IB...",857,1076,46,17,834,1068,880,1084
Mus musculus,hsa04979,186,APOE,"APOE, AD2, APO-E, ApoE4, LDLCQ5, LPG",857,1096,46,17,834,1088,880,1104
Mus musculus,hsa04979,187,APOB,"APOB, FCHL2, FLDB, LDLCQ4, apoB-100, apoB-48",796,1056,46,17,773,1048,819,1064
Mus musculus,hsa04979,188,APOB,"APOB, FCHL2, FLDB, LDLCQ4, apoB-100, apoB-48",736,1076,46,17,713,1068,759,1084
Mus musculus,hsa04979,189,APOB,"APOB, FCHL2, FLDB, LDLCQ4, apoB-100, apoB-48",678,1056,46,17,655,1048,701,1064
Mus musculus,hsa04979,190,APOA1,"APOA1, AMYLD3, HPALP2, apo(a)",620,1056,46,17,597,1048,643,1064
Mus musculus,hsa04979,192,APOC2,"APOC1, APOC1B, Apo-CI, ApoC-I, apo-CIB, apoC-IB...",620,1096,46,17,597,1088,643,1104
Mus musculus,hsa04979,192,APOC3,"APOC1, APOC1B, Apo-CI, ApoC-I, apo-CIB, apoC-IB...",620,1096,46,17,597,1088,643,1104
Mus musculus,hsa04979,193,APOE,"APOE, AD2, APO-E, ApoE4, LDLCQ5, LPG",620,1116,46,17,597,1108,643,1124
Mus musculus,hsa04979,195,APOE,"APOE, AD2, APO-E, ApoE4, LDLCQ5, LPG",796,1076,46,17,773,1068,819,1084
Mus musculus,hsa04979,199,ANGPTL3,"ANGPTL3, ANG-5, ANGPT5, ANL3, FHBL2...",122,353,46,17,99,344,145,362
Mus musculus,hsa04979,203,APOC2,"APOC2, APO-CII, APOC-II",70,299,46,17,47,290,93,308
Mus musculus,hsa04979,204,LPL,"LPL, HDLCQ11, LIPD",143,309,46,17,120,300,166,318
Mus musculus,hsa04979,205,ABCA1,"ABCA1, ABC-1, ABC1, CERP, HDLCQTL13, HDLDT1, HPALP1, TGD",377,177,46,17,354,168,400,186
Mus musculus,hsa04979,206,ABCA1,"ABCA1, ABC-1, ABC1, CERP, HDLCQTL13, HDLDT1, HPALP1, TGD",377,434,46,17,354,426,400,442
Mus musculus,hsa04979,207,ABCA1,"ABCA1, ABC-1, ABC1, CERP, HDLCQTL13, HDLDT1, HPALP1, TGD",1111,152,46,17,1088,144,1134,160
Mus musculus,hsa04979,210,APOA1,"APOA1, AMYLD3, HPALP2, apo(a)",334,214,46,17,311,206,357,222
Mus musculus,hsa04979,211,APOA1,"APOA1, AMYLD3, HPALP2, apo(a)",1053,183,46,17,1030,174,1076,192
Mus musculus,hsa04979,212,APOA1,"APOA1, AMYLD3, HPALP2, apo(a)",417,401,46,17,394,392,440,410
Mus musculus,hsa04979,233,LDLR,"LDLR, FH, FHC, FHCL1, LDLCQ2",1260,212,46,17,1237,204,1283,220
Mus musculus,hsa04979,236,LCAT,LCAT,483,271,46,17,460,262,506,280
Mus musculus,hsa04979,237,APOA1,"APOA1, AMYLD3, HPALP2, apo(a)",483,213,46,17,460,204,506,222
Mus musculus,hsa04979,239,CETP,"CETP, BPIFF, HDLCQ10",703,345,46,17,680,336,726,354
Mus musculus,hsa04979,242,LPL,"LPL, HDLCQ11, LIPD",942,281,46,17,919,272,965,290
Mus musculus,hsa04979,243,LIPC,"LIPC, HDLCQ12, HL, HTGL, LIPH",1162,281,46,17,1139,272,1185,290
Mus musculus,hsa04979,244,SCARB1,"SCARB1, CD36L1, CLA-1, CLA1, HDLCQ6, HDLQTL6, SR-BI, SRB1",581,434,46,17,558,426,604,442
Mus musculus,hsa04979,246,PCSK9,"PCSK9, FH3, FHCL3, HCHOLA3, LDLCQ1, NARC-1, NARC1, PC9",1179,448,46,17,1156,440,1202,456
Mus musculus,hsa04979,247,LDLR,"LDLR, FH, FHC, FHCL1, LDLCQ2",1152,465,46,17,1129,456,1175,474
Mus musculus,hsa04979,248,PCSK9,"PCSK9, FH3, FHCL3, HCHOLA3, LDLCQ1, NARC-1, NARC1, PC9",983,550,46,17,960,542,1006,558
Mus musculus,hsa04979,249,LDLR,"LDLR, FH, FHC, FHCL1, LDLCQ2",956,567,46,17,933,558,979,576
Mus musculus,hsa04979,250,PCSK9,"PCSK9, FH3, FHCL3, HCHOLA3, LDLCQ1, NARC-1, NARC1, PC9",736,557,46,17,713,548,759,566
Mus musculus,hsa04979,251,LDLR,"LDLR, FH, FHC, FHCL1, LDLCQ2",709,574,46,17,686,566,732,582
Mus musculus,hsa04979,253,LDLR,"LDLR, FH, FHC, FHCL1, LDLCQ2",1263,434,46,17,1240,426,1286,442
Mus musculus,hsa04979,254,LDLRAP1,"LDLRAP1, ARH, ARH1, ARH2, FHCB1, FHCB2, FHCL4",1320,434,46,17,1297,426,1343,442
Mus musculus,hsa04979,256,LPA,"LPA, AK38, APOA, LP",1359,336,46,17,1336,328,1382,344
Mus musculus,hsa04979,257,LIPA,"LIPA, CESD, LAL",572,589,46,17,549,580,595,598
Mus musculus,hsa04979,259,NPC1,"NPC1, NPC, POGZ, SLC65A1",569,696,46,17,546,688,592,704
Mus musculus,hsa04979,260,VAPB,"VAPB, ALS8, VAMP-B, VAP-B...",519,713,46,17,496,704,542,722
Mus musculus,hsa04979,262,NPC2,"NPC2, EDDM1, HE1",614,668,46,17,591,660,637,676
Mus musculus,hsa04979,263,STAR,"STAR, STARD1",963,660,46,17,940,652,986,668
Mus musculus,hsa04979,270,APOB,"APOB, FCHL2, FLDB, LDLCQ4, apoB-100, apoB-48",869,731,46,17,846,722,892,740
Mus musculus,hsa04979,271,APOB,"APOB, FCHL2, FLDB, LDLCQ4, apoB-100, apoB-48",1122,428,46,17,1099,420,1145,436
Mus musculus,hsa04979,272,CYP27A1,"CYP27A1, CP27, CTX, CYP27",986,626,46,17,963,618,1009,634
Mus musculus,hsa04979,273,CYP7A1,"CYP7A1, CP7A, CYP7, CYPVII",919,811,46,17,896,802,942,820
Mus musculus,hsa04979,289,ABCG5,"ABCG5, STSL, STSL2...",1300,854,46,17,1277,846,1323,862
Mus musculus,hsa04979,289,ABCG8,"ABCG5, STSL, STSL2...",1300,854,46,17,1277,846,1323,862
Mus musculus,hsa04979,290,ABCB11,"ABCB11, ABC16, BRIC2, BSEP, PFIC-2, PFIC2, PGY4, SPGP",1300,824,46,17,1277,816,1323,832
Mus musculus,hsa04979,294,APOE,"APOE, AD2, APO-E, ApoE4, LDLCQ5, LPG",229,555,46,17,206,546,252,564
Mus musculus,hsa04980,120,TCN2,"TCN2, D22S676, D22S750, II, TC, TC_II, TC-2, TC2, TCII",127,403,46,17,104,394,150,412
Mus musculus,hsa04980,304,CD320,"CD320, 8D6, 8D6A, TCBLR, TCII-R, TCN2R, sCD320",201,403,46,17,178,394,224,412
Mus musculus,hsa04980,309,TCN2,"TCN2, D22S676, D22S750, II, TC, TC_II, TC-2, TC2, TCII",320,403,46,17,297,394,343,412
Mus musculus,hsa04980,312,LMBRD1,"LMBRD1, C6orf209, LMBD1, MAHCF, NESI",490,417,46,17,467,408,513,426
Mus musculus,hsa04980,313,TCN2,"TCN2, D22S676, D22S750, II, TC, TC_II, TC-2, TC2, TCII",434,403,46,17,411,394,457,412
Mus musculus,hsa04980,319,ABCD4,"ABCD4, ABC41, EST352188, MAHCJ, P70R, P79R, PMP69, PXMP1L",490,434,46,17,467,426,513,442
Mus musculus,hsa04980,323,ZNF143,"ZNF76, D6S229E, ZNF523, Zfp523...",307,198,46,17,284,190,330,206
Mus musculus,hsa04980,330,MMACHC,"MMACHC, cblC",595,414,46,17,572,406,618,422
Mus musculus,hsa04980,334,MMUT,"MMUT, MCM, MUT",654,208,46,17,631,200,677,216
Mus musculus,hsa04980,339,MTRR,"MTRR, MSR, cblE",707,534,46,17,684,526,730,542
Mus musculus,hsa04980,349,MTR,"MTR, HMAG, MS, cblG",830,540,46,17,807,532,853,548
Mus musculus,hsa04980,351,MMAB,"MMAB, ATR, CFAP23, cblB, cob",626,287,46,17,603,278,649,296
Mus musculus,hsa04980,357,HCFC1,"HCFC1, CFF, HCF, HCF-1, HCF1, HFC1, MAHCX, MRX3, PPP1R89, VCAF, XLID3",353,198,46,17,330,190,376,206
Mus musculus,hsa04980,359,THAP11,"THAP11, CTG-B43a, CTG-B45d, HRIHFB2206, RONIN",399,198,46,17,376,190,422,206
Mus musculus,hsa04980,361,MMADHC,"MMADHC, C2orf25, CL25022, cblD",626,388,46,17,603,380,649,396
Mus musculus,hsa04980,363,MMAA,"MMAA, cblA",601,226,46,17,578,218,624,234
Mus musculus,hsa04980,365,MMADHC,"MMADHC, C2orf25, CL25022, cblD",626,467,46,17,603,458,649,476
Mus musculus,hsa04980,366,CBLIF,"CBLIF, GIF, IF, IFMH, INF, TCN3",127,303,46,17,104,294,150,312
Mus musculus,hsa04980,368,TCN1,"TCN1, HC, TC-1, TC1, TCI",127,203,46,17,104,194,150,212
Mus musculus,hsa04980,384,CD320,"CD320, 8D6, 8D6A, TCBLR, TCII-R, TCN2R, sCD320",274,403,46,17,251,394,297,412
Mus musculus,hsa04981,104,SLC19A1,"SLC19A1, CHMD, FOLT, IFC-1, IFC1, IMD114, MEGAF, REFC, RFC, RFC1, RFT-1, hRFC, hSLC19A1",813,489,46,17,790,480,836,498
Mus musculus,hsa04981,105,MTHFS,"ST20-MTHFS, MTHFS...",411,364,46,17,388,356,434,372
Mus musculus,hsa04981,109,MTHFR,MTHFR,493,450,46,17,470,442,516,458
Mus musculus,hsa04981,110,MTHFD1,"MTHFD1, CIMAH, MTHFC, MTHFD",493,380,46,17,470,372,516,388
Mus musculus,hsa04981,114,ABCC2,"ABCC2, ABC30, CMOAT, DJS, MRP2, cMRP",249,630,46,17,226,622,272,638
Mus musculus,hsa04981,120,SHMT2,"SHMT1, CSHMT, SHMT...",1026,404,46,17,1003,396,1049,412
Mus musculus,hsa04981,123,SLC19A1,"SLC19A1, CHMD, FOLT, IFC-1, IFC1, IMD114, MEGAF, REFC, RFC, RFC1, RFT-1, hRFC, hSLC19A1",693,1219,46,17,670,1210,716,1228
Mus musculus,hsa04981,317,DHFR,"DHFR, DHFR1, DHFRP1, DYR...",936,404,46,17,913,396,959,412
Mus musculus,hsa04981,332,SLC19A1,"SLC19A1, CHMD, FOLT, IFC-1, IFC1, IMD114, MEGAF, REFC, RFC, RFC1, RFT-1, hRFC, hSLC19A1",249,489,46,17,226,480,272,498
Mus musculus,hsa04981,340,SLC46A1,"SLC46A1, G21, HCP1, HsPCFT, PCFT, hPCFT",248,340,46,17,225,332,271,348
Mus musculus,hsa04981,352,SLC46A1,"SLC46A1, G21, HCP1, HsPCFT, PCFT, hPCFT",813,340,46,17,790,332,836,348
Mus musculus,hsa04981,366,ABCC2,"ABCC2, ABC30, CMOAT, DJS, MRP2, cMRP",883,695,46,17,860,686,906,704
Mus musculus,hsa04981,375,MTHFR,MTHFR,1122,404,46,17,1099,396,1145,412
Mus musculus,hsa04981,388,FOLR1,"FOLR1, FBP, FOLR, FRalpha, NCFTD...",244,1059,46,17,221,1050,267,1068
Mus musculus,hsa04981,390,SLC46A1,"SLC46A1, G21, HCP1, HsPCFT, PCFT, hPCFT",547,1089,46,17,524,1080,570,1098
Mus musculus,hsa04981,393,FOLR1,"FOLR1, FBP, FOLR, FRalpha, NCFTD...",693,1059,46,17,670,1050,716,1068
Mus musculus,hsa04981,394,FOLR1,"FOLR1, FBP, FOLR, FRalpha, NCFTD...",502,1059,46,17,479,1050,525,1068
Mus musculus,hsa04981,401,SLC46A1,"SLC46A1, G21, HCP1, HsPCFT, PCFT, hPCFT",243,1145,46,17,220,1136,266,1154
Mus musculus,hsa04981,409,MTHFR,MTHFR,105,1084,46,17,82,1076,128,1092
Mus musculus,hsa04981,424,TYMS,"TYMS, DKCD, HST422, TMS, TS",996,456,46,17,973,448,1019,464
Mus musculus,hsa04981,437,FOLR1,"FOLR1, FBP, FOLR, FRalpha, NCFTD...",362,1059,46,17,339,1050,385,1068
Mus musculus,hsa04981,466,MTR,"MTR, HMAG, MS, cblG",1228,1096,46,17,1205,1088,1251,1104
Mus musculus,hsa04981,473,FOLR1,"FOLR1, FBP, FOLR, FRalpha, NCFTD...",801,1098,46,17,778,1090,824,1106
Mus musculus,hsa04981,487,MTHFD1,"MTHFD1, CIMAH, MTHFC, MTHFD",105,1108,46,17,82,1100,128,1116
Mus musculus,hsa04981,488,MTHFS,"ST20-MTHFS, MTHFS...",105,1132,46,17,82,1124,128,1140
Mus musculus,hsa05010,129,APOE,"APOE, AD2, APO-E, ApoE4, LDLCQ5, LPG",327,496,46,17,304,488,350,504
Mus musculus,hsa05010,148,LPL,"LPL, HDLCQ11, LIPD",327,479,46,17,304,470,350,488
Mus musculus,hsa05010,257,KIF5A,"KLC3, KLC2, KLC2L, KLCt, KNS2B...",1104,1148,46,17,1081,1140,1127,1156
Mus musculus,hsa05010,257,KIF5C,"KLC3, KLC2, KLC2L, KLCt, KNS2B...",1104,1148,46,17,1081,1140,1127,1156
Mus musculus,hsa05010,312,INS,"INS, IDDM, IDDM1, IDDM2, ILPR, IRDN, MODY10, PNDM4",335,1461,46,17,312,1452,358,1470
Mus musculus,hsa05010,313,INSR,"INSR, CD220, HHF5",407,1461,46,17,384,1452,430,1470
Mus musculus,hsa05010,314,AKT2,"AKT3, MPPH, MPPH2, PKB-GAMMA, PKBG, PRKBG, RAC-PK-gamma, RAC-gamma, STK-2...",736,1461,46,17,713,1452,759,1470
Mus musculus,hsa05010,315,PIK3CA,"P3R3URF-PIK3R3, LOC110117498-PIK3R3...",591,1461,46,17,568,1452,614,1470
Mus musculus,hsa05010,315,PIK3CD,"P3R3URF-PIK3R3, LOC110117498-PIK3R3...",591,1461,46,17,568,1452,614,1470
Mus musculus,hsa05010,315,PIK3R1,"P3R3URF-PIK3R3, LOC110117498-PIK3R3...",591,1461,46,17,568,1452,614,1470
Mus musculus,hsa05010,315,PIK3R2,"P3R3URF-PIK3R3, LOC110117498-PIK3R3...",591,1461,46,17,568,1452,614,1470
Mus musculus,hsa05010,343,SLC25A4,"PPIF, CYP3, CyP-M, Cyp-D, CypD...",939,475,46,17,916,466,962,484
Mus musculus,hsa05010,35,CYCS,"CYCS, CYC, HCS, THC4",1029,508,46,17,1006,500,1052,516
Mus musculus,hsa05010,40,NDUFA1,NDUFC2-KCTD14...,828,269,46,17,805,260,851,278
Mus musculus,hsa05010,40,NDUFA10,NDUFC2-KCTD14...,828,269,46,17,805,260,851,278
Mus musculus,hsa05010,40,NDUFA11,NDUFC2-KCTD14...,828,269,46,17,805,260,851,278
Mus musculus,hsa05010,40,NDUFA12,NDUFC2-KCTD14...,828,269,46,17,805,260,851,278
Mus musculus,hsa05010,40,NDUFA13,NDUFC2-KCTD14...,828,269,46,17,805,260,851,278
Mus musculus,hsa05010,40,NDUFA2,NDUFC2-KCTD14...,828,269,46,17,805,260,851,278
Mus musculus,hsa05010,40,NDUFA4,NDUFC2-KCTD14...,828,269,46,17,805,260,851,278
Mus musculus,hsa05010,40,NDUFA6,NDUFC2-KCTD14...,828,269,46,17,805,260,851,278
Mus musculus,hsa05010,40,NDUFA8,NDUFC2-KCTD14...,828,269,46,17,805,260,851,278
Mus musculus,hsa05010,40,NDUFA9,NDUFC2-KCTD14...,828,269,46,17,805,260,851,278
Mus musculus,hsa05010,40,NDUFB10,NDUFC2-KCTD14...,828,269,46,17,805,260,851,278
Mus musculus,hsa05010,40,NDUFB11,NDUFC2-KCTD14...,828,269,46,17,805,260,851,278
Mus musculus,hsa05010,40,NDUFB3,NDUFC2-KCTD14...,828,269,46,17,805,260,851,278
Mus musculus,hsa05010,40,NDUFB8,NDUFC2-KCTD14...,828,269,46,17,805,260,851,278
Mus musculus,hsa05010,40,NDUFB9,NDUFC2-KCTD14...,828,269,46,17,805,260,851,278
Mus musculus,hsa05010,40,NDUFC2,NDUFC2-KCTD14...,828,269,46,17,805,260,851,278
Mus musculus,hsa05010,40,NDUFS1,NDUFC2-KCTD14...,828,269,46,17,805,260,851,278
Mus musculus,hsa05010,40,NDUFS2,NDUFC2-KCTD14...,828,269,46,17,805,260,851,278
Mus musculus,hsa05010,40,NDUFS3,NDUFC2-KCTD14...,828,269,46,17,805,260,851,278
Mus musculus,hsa05010,40,NDUFS4,NDUFC2-KCTD14...,828,269,46,17,805,260,851,278
Mus musculus,hsa05010,40,NDUFS6,NDUFC2-KCTD14...,828,269,46,17,805,260,851,278
Mus musculus,hsa05010,40,NDUFS7,NDUFC2-KCTD14...,828,269,46,17,805,260,851,278
Mus musculus,hsa05010,40,NDUFS8,NDUFC2-KCTD14...,828,269,46,17,805,260,851,278
Mus musculus,hsa05010,40,NDUFV1,NDUFC2-KCTD14...,828,269,46,17,805,260,851,278
Mus musculus,hsa05010,40,NDUFV2,NDUFC2-KCTD14...,828,269,46,17,805,260,851,278
Mus musculus,hsa05010,41,SDHA,"SDHA, CMD1GG, FP, MC2DN1, NDAXOA, PGL5, PPGL5, SDH1, SDH2, SDHF...",828,298,46,17,805,290,851,306
Mus musculus,hsa05010,41,SDHB,"SDHA, CMD1GG, FP, MC2DN1, NDAXOA, PGL5, PPGL5, SDH1, SDH2, SDHF...",828,298,46,17,805,290,851,306
Mus musculus,hsa05010,41,SDHC,"SDHA, CMD1GG, FP, MC2DN1, NDAXOA, PGL5, PPGL5, SDH1, SDH2, SDHF...",828,298,46,17,805,290,851,306
Mus musculus,hsa05010,41,SDHD,"SDHA, CMD1GG, FP, MC2DN1, NDAXOA, PGL5, PPGL5, SDH1, SDH2, SDHF...",828,298,46,17,805,290,851,306
Mus musculus,hsa05010,42,CYC1,"UQCR11, 0710008D09Rik, QCR10, UQCR...",828,326,46,17,805,318,851,334
Mus musculus,hsa05010,42,UQCRB,"UQCR11, 0710008D09Rik, QCR10, UQCR...",828,326,46,17,805,318,851,334
Mus musculus,hsa05010,42,UQCRC1,"UQCR11, 0710008D09Rik, QCR10, UQCR...",828,326,46,17,805,318,851,334
Mus musculus,hsa05010,42,UQCRC2,"UQCR11, 0710008D09Rik, QCR10, UQCR...",828,326,46,17,805,318,851,334
Mus musculus,hsa05010,42,UQCRFS1,"UQCR11, 0710008D09Rik, QCR10, UQCR...",828,326,46,17,805,318,851,334
Mus musculus,hsa05010,42,UQCRQ,"UQCR11, 0710008D09Rik, QCR10, UQCR...",828,326,46,17,805,318,851,334
Mus musculus,hsa05010,43,ATP5F1A,"ATP5PD, APT5H, ATP5H, ATPQ...",828,384,46,17,805,376,851,392
Mus musculus,hsa05010,43,ATP5F1B,"ATP5PD, APT5H, ATP5H, ATPQ...",828,384,46,17,805,376,851,392
Mus musculus,hsa05010,43,ATP5F1D,"ATP5PD, APT5H, ATP5H, ATPQ...",828,384,46,17,805,376,851,392
Mus musculus,hsa05010,43,ATP5F1E,"ATP5PD, APT5H, ATP5H, ATPQ...",828,384,46,17,805,376,851,392
Mus musculus,hsa05010,43,ATP5PO,"ATP5PD, APT5H, ATP5H, ATPQ...",828,384,46,17,805,376,851,392
Mus musculus,hsa05010,44,COX4I1,"COX6B2, COXVIB2, CT59...",828,356,46,17,805,348,851,364
Mus musculus,hsa05010,44,COX4I2,"COX6B2, COXVIB2, CT59...",828,356,46,17,805,348,851,364
Mus musculus,hsa05010,44,COX5A,"COX6B2, COXVIB2, CT59...",828,356,46,17,805,348,851,364
Mus musculus,hsa05010,44,COX6A1,"COX6B2, COXVIB2, CT59...",828,356,46,17,805,348,851,364
Mus musculus,hsa05010,44,COX6A2,"COX6B2, COXVIB2, CT59...",828,356,46,17,805,348,851,364
Mus musculus,hsa05010,44,COX6B1,"COX6B2, COXVIB2, CT59...",828,356,46,17,805,348,851,364
Mus musculus,hsa05010,44,COX7B,"COX6B2, COXVIB2, CT59...",828,356,46,17,805,348,851,364
Mus musculus,hsa05010,44,COX8A,"COX6B2, COXVIB2, CT59...",828,356,46,17,805,348,851,364
Mus musculus,hsa05010,46,ITPR1,"ITPR1, ACV, CLA4, INSP3R1, IP3R, IP3R1, PPP1R94, SCA15, SCA16, SCA29...",716,710,46,17,693,702,739,718
Mus musculus,hsa05010,46,ITPR2,"ITPR1, ACV, CLA4, INSP3R1, IP3R, IP3R1, PPP1R94, SCA15, SCA16, SCA29...",716,710,46,17,693,702,739,718
Mus musculus,hsa05010,51,PLCB1,"PLCB1, DEE12, EIEE12, PI-PLC, PLC-154, PLC-I, PLC-beta-1, PLC154, PLCB1A, PLCB1B...",551,593,46,17,528,584,574,602
Mus musculus,hsa05010,51,PLCB3,"PLCB1, DEE12, EIEE12, PI-PLC, PLC-154, PLC-I, PLC-beta-1, PLC154, PLCB1A, PLCB1B...",551,593,46,17,528,584,574,602
Mus musculus,hsa05010,51,PLCB4,"PLCB1, DEE12, EIEE12, PI-PLC, PLC-154, PLC-I, PLC-beta-1, PLC154, PLCB1A, PLCB1B...",551,593,46,17,528,584,574,602
Mus musculus,hsa05010,57,GRIN1,"GRIN1, DEE101, GluN1, MRD8, NDHMSD, NDHMSR, NMD-R1, NMDA1, NMDAR1, NR1, hNR1...",407,692,46,17,384,684,430,700
Mus musculus,hsa05010,57,GRIN2A,"GRIN1, DEE101, GluN1, MRD8, NDHMSD, NDHMSR, NMD-R1, NMDA1, NMDAR1, NR1, hNR1...",407,692,46,17,384,684,430,700
Mus musculus,hsa05010,57,GRIN2B,"GRIN1, DEE101, GluN1, MRD8, NDHMSD, NDHMSR, NMD-R1, NMDA1, NMDAR1, NR1, hNR1...",407,692,46,17,384,684,430,700
Mus musculus,hsa05010,57,GRIN2D,"GRIN1, DEE101, GluN1, MRD8, NDHMSD, NDHMSR, NMD-R1, NMDA1, NMDAR1, NR1, hNR1...",407,692,46,17,384,684,430,700
Mus musculus,hsa05010,61,HSD17B10,"HSD17B10, 17b-HSD10, ABAD, CAMR, DUPXp11.22, ERAB, HADH2, HCD2, HSD10MD, MHBD, MRPP2, MRX17, MRX31, MRXS10, SCHAD, SDR5C1",901,398,46,17,878,390,924,406
Mus musculus,hsa05010,795,SLC39A13,"SLC39A11, C17orf26, ZIP-11, ZIP11...",407,838,46,17,384,830,430,846
Mus musculus,hsa05010,795,SLC39A14,"SLC39A11, C17orf26, ZIP-11, ZIP11...",407,838,46,17,384,830,430,846
Mus musculus,hsa05010,795,SLC39A4,"SLC39A11, C17orf26, ZIP-11, ZIP11...",407,838,46,17,384,830,430,846
Mus musculus,hsa05010,795,SLC39A8,"SLC39A11, C17orf26, ZIP-11, ZIP11...",407,838,46,17,384,830,430,846
Mus musculus,hsa05010,798,SLC11A2,"SLC11A2, AHMIO1, DCT1, DMT1, NRAMP2",407,904,46,17,384,896,430,912
Mus musculus,hsa05012,149,TH,"TH, DYT14, DYT5b, TYH",1164,720,46,17,1141,712,1187,728
Mus musculus,hsa05012,15,PRKN,"PRKN, AR-JP, LPRS2, PARK2, PDJ",996,227,46,17,973,218,1019,236
Mus musculus,hsa05012,150,SLC6A3,"SLC6A3, DAT, DAT1, PKDYS, PKDYS1",616,749,46,17,593,740,639,758
Mus musculus,hsa05012,159,SLC18A2,"SLC18A1, CGAT, VAT1, VMAT1...",909,863,46,17,886,854,932,872
Mus musculus,hsa05012,160,SLC6A3,"SLC6A3, DAT, DAT1, PKDYS, PKDYS1",616,952,46,17,593,944,639,960
Mus musculus,hsa05012,20,PINK1,"PINK1, BRPK, PARK6",915,1183,46,17,892,1174,938,1192
Mus musculus,hsa05012,25,CYCS,"CYCS, CYC, HCS, THC4",1318,1019,46,17,1295,1010,1341,1028
Mus musculus,hsa05012,26,NDUFA1,NDUFC2-KCTD14...,869,990,46,17,846,982,892,998
Mus musculus,hsa05012,26,NDUFA10,NDUFC2-KCTD14...,869,990,46,17,846,982,892,998
Mus musculus,hsa05012,26,NDUFA11,NDUFC2-KCTD14...,869,990,46,17,846,982,892,998
Mus musculus,hsa05012,26,NDUFA12,NDUFC2-KCTD14...,869,990,46,17,846,982,892,998
Mus musculus,hsa05012,26,NDUFA13,NDUFC2-KCTD14...,869,990,46,17,846,982,892,998
Mus musculus,hsa05012,26,NDUFA2,NDUFC2-KCTD14...,869,990,46,17,846,982,892,998
Mus musculus,hsa05012,26,NDUFA6,NDUFC2-KCTD14...,869,990,46,17,846,982,892,998
Mus musculus,hsa05012,26,NDUFA8,NDUFC2-KCTD14...,869,990,46,17,846,982,892,998
Mus musculus,hsa05012,26,NDUFA9,NDUFC2-KCTD14...,869,990,46,17,846,982,892,998
Mus musculus,hsa05012,26,NDUFB10,NDUFC2-KCTD14...,869,990,46,17,846,982,892,998
Mus musculus,hsa05012,26,NDUFB11,NDUFC2-KCTD14...,869,990,46,17,846,982,892,998
Mus musculus,hsa05012,26,NDUFB3,NDUFC2-KCTD14...,869,990,46,17,846,982,892,998
Mus musculus,hsa05012,26,NDUFB8,NDUFC2-KCTD14...,869,990,46,17,846,982,892,998
Mus musculus,hsa05012,26,NDUFB9,NDUFC2-KCTD14...,869,990,46,17,846,982,892,998
Mus musculus,hsa05012,26,NDUFC2,NDUFC2-KCTD14...,869,990,46,17,846,982,892,998
Mus musculus,hsa05012,26,NDUFS1,NDUFC2-KCTD14...,869,990,46,17,846,982,892,998
Mus musculus,hsa05012,26,NDUFS2,NDUFC2-KCTD14...,869,990,46,17,846,982,892,998
Mus musculus,hsa05012,26,NDUFS3,NDUFC2-KCTD14...,869,990,46,17,846,982,892,998
Mus musculus,hsa05012,26,NDUFS4,NDUFC2-KCTD14...,869,990,46,17,846,982,892,998
Mus musculus,hsa05012,26,NDUFS6,NDUFC2-KCTD14...,869,990,46,17,846,982,892,998
Mus musculus,hsa05012,26,NDUFS7,NDUFC2-KCTD14...,869,990,46,17,846,982,892,998
Mus musculus,hsa05012,26,NDUFS8,NDUFC2-KCTD14...,869,990,46,17,846,982,892,998
Mus musculus,hsa05012,26,NDUFV1,NDUFC2-KCTD14...,869,990,46,17,846,982,892,998
Mus musculus,hsa05012,26,NDUFV2,NDUFC2-KCTD14...,869,990,46,17,846,982,892,998
Mus musculus,hsa05012,267,ITPR1,"ITPR1, ACV, CLA4, INSP3R1, IP3R, IP3R1, PPP1R94, SCA15, SCA16, SCA29...",878,627,46,17,855,618,901,636
Mus musculus,hsa05012,267,ITPR2,"ITPR1, ACV, CLA4, INSP3R1, IP3R, IP3R1, PPP1R94, SCA15, SCA16, SCA29...",878,627,46,17,855,618,901,636
Mus musculus,hsa05012,27,SDHA,"SDHA, CMD1GG, FP, MC2DN1, NDAXOA, PGL5, PPGL5, SDH1, SDH2, SDHF...",869,1025,46,17,846,1016,892,1034
Mus musculus,hsa05012,27,SDHB,"SDHA, CMD1GG, FP, MC2DN1, NDAXOA, PGL5, PPGL5, SDH1, SDH2, SDHF...",869,1025,46,17,846,1016,892,1034
Mus musculus,hsa05012,27,SDHC,"SDHA, CMD1GG, FP, MC2DN1, NDAXOA, PGL5, PPGL5, SDH1, SDH2, SDHF...",869,1025,46,17,846,1016,892,1034
Mus musculus,hsa05012,27,SDHD,"SDHA, CMD1GG, FP, MC2DN1, NDAXOA, PGL5, PPGL5, SDH1, SDH2, SDHF...",869,1025,46,17,846,1016,892,1034
Mus musculus,hsa05012,273,PRKN,"PRKN, AR-JP, LPRS2, PARK2, PDJ",679,683,46,17,656,674,702,692
Mus musculus,hsa05012,28,CYC1,"UQCR11, 0710008D09Rik, QCR10, UQCR...",869,1056,46,17,846,1048,892,1064
Mus musculus,hsa05012,28,UQCRB,"UQCR11, 0710008D09Rik, QCR10, UQCR...",869,1056,46,17,846,1048,892,1064
Mus musculus,hsa05012,28,UQCRC1,"UQCR11, 0710008D09Rik, QCR10, UQCR...",869,1056,46,17,846,1048,892,1064
Mus musculus,hsa05012,28,UQCRC2,"UQCR11, 0710008D09Rik, QCR10, UQCR...",869,1056,46,17,846,1048,892,1064
Mus musculus,hsa05012,28,UQCRFS1,"UQCR11, 0710008D09Rik, QCR10, UQCR...",869,1056,46,17,846,1048,892,1064
Mus musculus,hsa05012,28,UQCRQ,"UQCR11, 0710008D09Rik, QCR10, UQCR...",869,1056,46,17,846,1048,892,1064
Mus musculus,hsa05012,29,COX4I1,"COX6B2, COXVIB2, CT59...",869,1089,46,17,846,1080,892,1098
Mus musculus,hsa05012,29,COX4I2,"COX6B2, COXVIB2, CT59...",869,1089,46,17,846,1080,892,1098
Mus musculus,hsa05012,29,COX5A,"COX6B2, COXVIB2, CT59...",869,1089,46,17,846,1080,892,1098
Mus musculus,hsa05012,29,COX6A1,"COX6B2, COXVIB2, CT59...",869,1089,46,17,846,1080,892,1098
Mus musculus,hsa05012,29,COX6A2,"COX6B2, COXVIB2, CT59...",869,1089,46,17,846,1080,892,1098
Mus musculus,hsa05012,29,COX6B1,"COX6B2, COXVIB2, CT59...",869,1089,46,17,846,1080,892,1098
Mus musculus,hsa05012,29,COX7B,"COX6B2, COXVIB2, CT59...",869,1089,46,17,846,1080,892,1098
Mus musculus,hsa05012,29,COX8A,"COX6B2, COXVIB2, CT59...",869,1089,46,17,846,1080,892,1098
Mus musculus,hsa05012,292,KIF5A,"KLC3, KLC2, KLC2L, KLCt, KNS2B...",840,1338,46,17,817,1330,863,1346
Mus musculus,hsa05012,292,KIF5C,"KLC3, KLC2, KLC2L, KLCt, KNS2B...",840,1338,46,17,817,1330,863,1346
Mus musculus,hsa05012,30,ATP5F1A,"ATP5PD, APT5H, ATP5H, ATPQ...",869,1121,46,17,846,1112,892,1130
Mus musculus,hsa05012,30,ATP5F1B,"ATP5PD, APT5H, ATP5H, ATPQ...",869,1121,46,17,846,1112,892,1130
Mus musculus,hsa05012,30,ATP5F1D,"ATP5PD, APT5H, ATP5H, ATPQ...",869,1121,46,17,846,1112,892,1130
Mus musculus,hsa05012,30,ATP5F1E,"ATP5PD, APT5H, ATP5H, ATPQ...",869,1121,46,17,846,1112,892,1130
Mus musculus,hsa05012,30,ATP5PO,"ATP5PD, APT5H, ATP5H, ATPQ...",869,1121,46,17,846,1112,892,1130
Mus musculus,hsa05012,304,PINK1,"PINK1, BRPK, PARK6",762,1006,46,17,739,998,785,1014
Mus musculus,hsa05012,307,PRKN,"PRKN, AR-JP, LPRS2, PARK2, PDJ",1006,1192,46,17,983,1184,1029,1200
Mus musculus,hsa05012,31,HTRA2,"HTRA2, MGCA8, OMI, PARK13, PRSS25",1172,1009,46,17,1149,1000,1195,1018
Mus musculus,hsa05012,314,PINK1,"PINK1, BRPK, PARK6",1250,1149,46,17,1227,1140,1273,1158
Mus musculus,hsa05012,315,PRKN,"PRKN, AR-JP, LPRS2, PARK2, PDJ",1330,1129,46,17,1307,1120,1353,1138
Mus musculus,hsa05012,32,SLC25A4,"PPIF, CYP3, CyP-M, Cyp-D, CypD...",1236,1073,46,17,1213,1064,1259,1082
Mus musculus,hsa05012,335,PINK1,"PINK1, BRPK, PARK6",1250,984,46,17,1227,976,1273,992
Mus musculus,hsa05012,347,NFE2L2,"NFE2L2, HEBP1, IMDDHH, NRF2, Nrf-2",1352,1372,46,17,1329,1364,1375,1380
Mus musculus,hsa05012,362,TXN2,"TXN2, COXPD29, MT-TRX, MTRX, TRX2, TXN...",1467,1372,46,17,1444,1364,1490,1380
Mus musculus,hsa05012,364,SLC18A2,"SLC18A1, CGAT, VAT1, VMAT1...",951,810,46,17,928,802,974,818
Mus musculus,hsa05012,368,PRKN,"PRKN, AR-JP, LPRS2, PARK2, PDJ",798,776,46,17,775,768,821,784
Mus musculus,hsa05012,374,MAOA,"MAOA, BRNRS, MAO-A...",1196,782,46,17,1173,774,1219,790
Mus musculus,hsa05012,375,PRKN,"PRKN, AR-JP, LPRS2, PARK2, PDJ",1231,747,46,17,1208,738,1254,756
Mus musculus,hsa05012,398,MFN2,"MFN1, hfzo1, hfzo2...",1089,1183,46,17,1066,1174,1112,1192
Mus musculus,hsa05012,5,LRRK2,"LRRK2, AURA17, DARDARIN, PARK8, RIPK7, ROCO2",1180,963,46,17,1157,954,1203,972
Mus musculus,hsa05012,711,SLC6A3,"SLC6A3, DAT, DAT1, PKDYS, PKDYS1",616,1422,46,17,593,1414,639,1430
Mus musculus,hsa05012,715,TXN2,"TXN2, COXPD29, MT-TRX, MTRX, TRX2, TXN...",1140,1469,46,17,1117,1460,1163,1478
Mus musculus,hsa05012,724,SLC11A2,"SLC39A11, C17orf26, ZIP-11, ZIP11...",616,1026,46,17,593,1018,639,1034
Mus musculus,hsa05012,724,SLC39A13,"SLC39A11, C17orf26, ZIP-11, ZIP11...",616,1026,46,17,593,1018,639,1034
Mus musculus,hsa05012,724,SLC39A14,"SLC39A11, C17orf26, ZIP-11, ZIP11...",616,1026,46,17,593,1018,639,1034
Mus musculus,hsa05012,724,SLC39A4,"SLC39A11, C17orf26, ZIP-11, ZIP11...",616,1026,46,17,593,1018,639,1034
Mus musculus,hsa05012,724,SLC39A8,"SLC39A11, C17orf26, ZIP-11, ZIP11...",616,1026,46,17,593,1018,639,1034
Mus musculus,hsa05014,101,CCS,CCS,639,1609,46,17,616,1600,662,1618
Mus musculus,hsa05014,11,SLC1A2,"SLC1A2, DEE41, EAAT2, EIEE41, GLT-1, GLT1, HBGT",188,306,46,17,165,298,211,314
Mus musculus,hsa05014,183,PINK1,"PINK1, BRPK, PARK6",842,525,46,17,819,516,865,534
Mus musculus,hsa05014,184,NDUFA1,NDUFC2-KCTD14...,723,267,46,17,700,258,746,276
Mus musculus,hsa05014,184,NDUFA10,NDUFC2-KCTD14...,723,267,46,17,700,258,746,276
Mus musculus,hsa05014,184,NDUFA11,NDUFC2-KCTD14...,723,267,46,17,700,258,746,276
Mus musculus,hsa05014,184,NDUFA12,NDUFC2-KCTD14...,723,267,46,17,700,258,746,276
Mus musculus,hsa05014,184,NDUFA13,NDUFC2-KCTD14...,723,267,46,17,700,258,746,276
Mus musculus,hsa05014,184,NDUFA2,NDUFC2-KCTD14...,723,267,46,17,700,258,746,276
Mus musculus,hsa05014,184,NDUFA4,NDUFC2-KCTD14...,723,267,46,17,700,258,746,276
Mus musculus,hsa05014,184,NDUFA6,NDUFC2-KCTD14...,723,267,46,17,700,258,746,276
Mus musculus,hsa05014,184,NDUFA8,NDUFC2-KCTD14...,723,267,46,17,700,258,746,276
Mus musculus,hsa05014,184,NDUFA9,NDUFC2-KCTD14...,723,267,46,17,700,258,746,276
Mus musculus,hsa05014,184,NDUFB10,NDUFC2-KCTD14...,723,267,46,17,700,258,746,276
Mus musculus,hsa05014,184,NDUFB11,NDUFC2-KCTD14...,723,267,46,17,700,258,746,276
Mus musculus,hsa05014,184,NDUFB3,NDUFC2-KCTD14...,723,267,46,17,700,258,746,276
Mus musculus,hsa05014,184,NDUFB8,NDUFC2-KCTD14...,723,267,46,17,700,258,746,276
Mus musculus,hsa05014,184,NDUFB9,NDUFC2-KCTD14...,723,267,46,17,700,258,746,276
Mus musculus,hsa05014,184,NDUFC2,NDUFC2-KCTD14...,723,267,46,17,700,258,746,276
Mus musculus,hsa05014,184,NDUFS1,NDUFC2-KCTD14...,723,267,46,17,700,258,746,276
Mus musculus,hsa05014,184,NDUFS2,NDUFC2-KCTD14...,723,267,46,17,700,258,746,276
Mus musculus,hsa05014,184,NDUFS3,NDUFC2-KCTD14...,723,267,46,17,700,258,746,276
Mus musculus,hsa05014,184,NDUFS4,NDUFC2-KCTD14...,723,267,46,17,700,258,746,276
Mus musculus,hsa05014,184,NDUFS6,NDUFC2-KCTD14...,723,267,46,17,700,258,746,276
Mus musculus,hsa05014,184,NDUFS7,NDUFC2-KCTD14...,723,267,46,17,700,258,746,276
Mus musculus,hsa05014,184,NDUFS8,NDUFC2-KCTD14...,723,267,46,17,700,258,746,276
Mus musculus,hsa05014,184,NDUFV1,NDUFC2-KCTD14...,723,267,46,17,700,258,746,276
Mus musculus,hsa05014,184,NDUFV2,NDUFC2-KCTD14...,723,267,46,17,700,258,746,276
Mus musculus,hsa05014,185,SDHA,"SDHA, CMD1GG, FP, MC2DN1, NDAXOA, PGL5, PPGL5, SDH1, SDH2, SDHF...",723,302,46,17,700,294,746,310
Mus musculus,hsa05014,185,SDHB,"SDHA, CMD1GG, FP, MC2DN1, NDAXOA, PGL5, PPGL5, SDH1, SDH2, SDHF...",723,302,46,17,700,294,746,310
Mus musculus,hsa05014,185,SDHC,"SDHA, CMD1GG, FP, MC2DN1, NDAXOA, PGL5, PPGL5, SDH1, SDH2, SDHF...",723,302,46,17,700,294,746,310
Mus musculus,hsa05014,185,SDHD,"SDHA, CMD1GG, FP, MC2DN1, NDAXOA, PGL5, PPGL5, SDH1, SDH2, SDHF...",723,302,46,17,700,294,746,310
Mus musculus,hsa05014,186,CYC1,"UQCR11, 0710008D09Rik, QCR10, UQCR...",723,333,46,17,700,324,746,342
Mus musculus,hsa05014,186,UQCRB,"UQCR11, 0710008D09Rik, QCR10, UQCR...",723,333,46,17,700,324,746,342
Mus musculus,hsa05014,186,UQCRC1,"UQCR11, 0710008D09Rik, QCR10, UQCR...",723,333,46,17,700,324,746,342
Mus musculus,hsa05014,186,UQCRC2,"UQCR11, 0710008D09Rik, QCR10, UQCR...",723,333,46,17,700,324,746,342
Mus musculus,hsa05014,186,UQCRFS1,"UQCR11, 0710008D09Rik, QCR10, UQCR...",723,333,46,17,700,324,746,342
Mus musculus,hsa05014,186,UQCRQ,"UQCR11, 0710008D09Rik, QCR10, UQCR...",723,333,46,17,700,324,746,342
Mus musculus,hsa05014,187,COX4I1,"COX6B2, COXVIB2, CT59...",723,366,46,17,700,358,746,374
Mus musculus,hsa05014,187,COX4I2,"COX6B2, COXVIB2, CT59...",723,366,46,17,700,358,746,374
Mus musculus,hsa05014,187,COX5A,"COX6B2, COXVIB2, CT59...",723,366,46,17,700,358,746,374
Mus musculus,hsa05014,187,COX6A1,"COX6B2, COXVIB2, CT59...",723,366,46,17,700,358,746,374
Mus musculus,hsa05014,187,COX6A2,"COX6B2, COXVIB2, CT59...",723,366,46,17,700,358,746,374
Mus musculus,hsa05014,187,COX6B1,"COX6B2, COXVIB2, CT59...",723,366,46,17,700,358,746,374
Mus musculus,hsa05014,187,COX7B,"COX6B2, COXVIB2, CT59...",723,366,46,17,700,358,746,374
Mus musculus,hsa05014,187,COX8A,"COX6B2, COXVIB2, CT59...",723,366,46,17,700,358,746,374
Mus musculus,hsa05014,188,ATP5F1A,"ATP5PD, APT5H, ATP5H, ATPQ...",723,398,46,17,700,390,746,406
Mus musculus,hsa05014,188,ATP5F1B,"ATP5PD, APT5H, ATP5H, ATPQ...",723,398,46,17,700,390,746,406
Mus musculus,hsa05014,188,ATP5F1D,"ATP5PD, APT5H, ATP5H, ATPQ...",723,398,46,17,700,390,746,406
Mus musculus,hsa05014,188,ATP5F1E,"ATP5PD, APT5H, ATP5H, ATPQ...",723,398,46,17,700,390,746,406
Mus musculus,hsa05014,188,ATP5PO,"ATP5PD, APT5H, ATP5H, ATPQ...",723,398,46,17,700,390,746,406
Mus musculus,hsa05014,20,GRIA2,"GRIA1, GLUH1, GLUR1, GLURA, GluA1, HBGR1, MRD67, MRT76...",328,1216,46,17,305,1208,351,1224
Mus musculus,hsa05014,20,GRIN1,"GRIA1, GLUH1, GLUR1, GLURA, GluA1, HBGR1, MRD67, MRT76...",328,1216,46,17,305,1208,351,1224
Mus musculus,hsa05014,20,GRIN2A,"GRIA1, GLUH1, GLUR1, GLURA, GluA1, HBGR1, MRD67, MRT76...",328,1216,46,17,305,1208,351,1224
Mus musculus,hsa05014,20,GRIN2B,"GRIA1, GLUH1, GLUR1, GLURA, GluA1, HBGR1, MRD67, MRT76...",328,1216,46,17,305,1208,351,1224
Mus musculus,hsa05014,20,GRIN2D,"GRIA1, GLUH1, GLUR1, GLURA, GluA1, HBGR1, MRD67, MRT76...",328,1216,46,17,305,1208,351,1224
Mus musculus,hsa05014,220,KIF5A,"KLC3, KLC2, KLC2L, KLCt, KNS2B...",1084,1606,46,17,1061,1598,1107,1614
Mus musculus,hsa05014,220,KIF5C,"KLC3, KLC2, KLC2L, KLCt, KNS2B...",1084,1606,46,17,1061,1598,1107,1614
Mus musculus,hsa05014,226,PRKN,"PRKN, AR-JP, LPRS2, PARK2, PDJ",902,554,46,17,879,546,925,562
Mus musculus,hsa05014,23,CYCS,"CYCS, CYC, HCS, THC4",874,97,46,17,851,88,897,106
Mus musculus,hsa05014,282,TBK1,"TBK1, AIARV, FTDALS4, IIAE8, NAK, T2K",920,634,46,17,897,626,943,642
Mus musculus,hsa05014,353,PRKN,"PRKN, AR-JP, LPRS2, PARK2, PDJ",961,928,46,17,938,920,984,936
Mus musculus,hsa05014,360,VAPB,"VAPB, ALS8, VAMP-B, VAP-B",877,1099,46,17,854,1090,900,1108
Mus musculus,hsa05014,388,CHCHD10,"CHCHD10, C22orf16, FTDALS2, IMMD, MIX17A, N27C7-4, SMAJ",855,1062,46,17,832,1054,878,1070
Mus musculus,hsa05014,389,CHCHD10,"CHCHD10, C22orf16, FTDALS2, IMMD, MIX17A, N27C7-4, SMAJ",1326,1062,46,17,1303,1054,1349,1070
Mus musculus,hsa05014,410,FIG4,"FIG4, ALS11, BOP, BTOP, CMT4J, KIAA0274, SAC3, YVS, dJ249I4.1",1369,462,46,17,1346,454,1392,470
Mus musculus,hsa05014,420,SPG11,"SPG11, ALS5, CMT2X, KIAA1840",1358,286,46,17,1335,278,1381,294
Mus musculus,hsa05014,92,CAT,CAT,756,1626,46,17,733,1618,779,1634
Mus musculus,hsa05016,126,CLTC,"CLTA, LCA...",404,180,46,17,381,172,427,188
Mus musculus,hsa05016,127,AP2S1,"AP2M1, AP50, CLAPM1, MRD60, mu2...",450,188,46,17,427,180,473,196
Mus musculus,hsa05016,15,NDUFA1,NDUFC2-KCTD14...,744,724,46,17,721,716,767,732
Mus musculus,hsa05016,15,NDUFA10,NDUFC2-KCTD14...,744,724,46,17,721,716,767,732
Mus musculus,hsa05016,15,NDUFA11,NDUFC2-KCTD14...,744,724,46,17,721,716,767,732
Mus musculus,hsa05016,15,NDUFA12,NDUFC2-KCTD14...,744,724,46,17,721,716,767,732
Mus musculus,hsa05016,15,NDUFA13,NDUFC2-KCTD14...,744,724,46,17,721,716,767,732
Mus musculus,hsa05016,15,NDUFA2,NDUFC2-KCTD14...,744,724,46,17,721,716,767,732
Mus musculus,hsa05016,15,NDUFA4,NDUFC2-KCTD14...,744,724,46,17,721,716,767,732
Mus musculus,hsa05016,15,NDUFA6,NDUFC2-KCTD14...,744,724,46,17,721,716,767,732
Mus musculus,hsa05016,15,NDUFA8,NDUFC2-KCTD14...,744,724,46,17,721,716,767,732
Mus musculus,hsa05016,15,NDUFA9,NDUFC2-KCTD14...,744,724,46,17,721,716,767,732
Mus musculus,hsa05016,15,NDUFB10,NDUFC2-KCTD14...,744,724,46,17,721,716,767,732
Mus musculus,hsa05016,15,NDUFB11,NDUFC2-KCTD14...,744,724,46,17,721,716,767,732
Mus musculus,hsa05016,15,NDUFB3,NDUFC2-KCTD14...,744,724,46,17,721,716,767,732
Mus musculus,hsa05016,15,NDUFB8,NDUFC2-KCTD14...,744,724,46,17,721,716,767,732
Mus musculus,hsa05016,15,NDUFB9,NDUFC2-KCTD14...,744,724,46,17,721,716,767,732
Mus musculus,hsa05016,15,NDUFC2,NDUFC2-KCTD14...,744,724,46,17,721,716,767,732
Mus musculus,hsa05016,15,NDUFS1,NDUFC2-KCTD14...,744,724,46,17,721,716,767,732
Mus musculus,hsa05016,15,NDUFS2,NDUFC2-KCTD14...,744,724,46,17,721,716,767,732
Mus musculus,hsa05016,15,NDUFS3,NDUFC2-KCTD14...,744,724,46,17,721,716,767,732
Mus musculus,hsa05016,15,NDUFS4,NDUFC2-KCTD14...,744,724,46,17,721,716,767,732
Mus musculus,hsa05016,15,NDUFS6,NDUFC2-KCTD14...,744,724,46,17,721,716,767,732
Mus musculus,hsa05016,15,NDUFS7,NDUFC2-KCTD14...,744,724,46,17,721,716,767,732
Mus musculus,hsa05016,15,NDUFS8,NDUFC2-KCTD14...,744,724,46,17,721,716,767,732
Mus musculus,hsa05016,15,NDUFV1,NDUFC2-KCTD14...,744,724,46,17,721,716,767,732
Mus musculus,hsa05016,15,NDUFV2,NDUFC2-KCTD14...,744,724,46,17,721,716,767,732
Mus musculus,hsa05016,16,SDHA,"SDHA, CMD1GG, FP, MC2DN1, NDAXOA, PGL5, PPGL5, SDH1, SDH2, SDHF...",744,754,46,17,721,746,767,762
Mus musculus,hsa05016,16,SDHB,"SDHA, CMD1GG, FP, MC2DN1, NDAXOA, PGL5, PPGL5, SDH1, SDH2, SDHF...",744,754,46,17,721,746,767,762
Mus musculus,hsa05016,16,SDHC,"SDHA, CMD1GG, FP, MC2DN1, NDAXOA, PGL5, PPGL5, SDH1, SDH2, SDHF...",744,754,46,17,721,746,767,762
Mus musculus,hsa05016,16,SDHD,"SDHA, CMD1GG, FP, MC2DN1, NDAXOA, PGL5, PPGL5, SDH1, SDH2, SDHF...",744,754,46,17,721,746,767,762
Mus musculus,hsa05016,17,CYC1,"UQCR11, 0710008D09Rik, QCR10, UQCR...",744,784,46,17,721,776,767,792
Mus musculus,hsa05016,17,UQCRB,"UQCR11, 0710008D09Rik, QCR10, UQCR...",744,784,46,17,721,776,767,792
Mus musculus,hsa05016,17,UQCRC1,"UQCR11, 0710008D09Rik, QCR10, UQCR...",744,784,46,17,721,776,767,792
Mus musculus,hsa05016,17,UQCRC2,"UQCR11, 0710008D09Rik, QCR10, UQCR...",744,784,46,17,721,776,767,792
Mus musculus,hsa05016,17,UQCRFS1,"UQCR11, 0710008D09Rik, QCR10, UQCR...",744,784,46,17,721,776,767,792
Mus musculus,hsa05016,17,UQCRQ,"UQCR11, 0710008D09Rik, QCR10, UQCR...",744,784,46,17,721,776,767,792
Mus musculus,hsa05016,18,COX4I1,"COX6B2, COXVIB2, CT59...",744,814,46,17,721,806,767,822
Mus musculus,hsa05016,18,COX4I2,"COX6B2, COXVIB2, CT59...",744,814,46,17,721,806,767,822
Mus musculus,hsa05016,18,COX5A,"COX6B2, COXVIB2, CT59...",744,814,46,17,721,806,767,822
Mus musculus,hsa05016,18,COX6A1,"COX6B2, COXVIB2, CT59...",744,814,46,17,721,806,767,822
Mus musculus,hsa05016,18,COX6A2,"COX6B2, COXVIB2, CT59...",744,814,46,17,721,806,767,822
Mus musculus,hsa05016,18,COX6B1,"COX6B2, COXVIB2, CT59...",744,814,46,17,721,806,767,822
Mus musculus,hsa05016,18,COX7B,"COX6B2, COXVIB2, CT59...",744,814,46,17,721,806,767,822
Mus musculus,hsa05016,18,COX8A,"COX6B2, COXVIB2, CT59...",744,814,46,17,721,806,767,822
Mus musculus,hsa05016,19,ATP5F1A,"ATP5PD, APT5H, ATP5H, ATPQ...",744,844,46,17,721,836,767,852
Mus musculus,hsa05016,19,ATP5F1B,"ATP5PD, APT5H, ATP5H, ATPQ...",744,844,46,17,721,836,767,852
Mus musculus,hsa05016,19,ATP5F1D,"ATP5PD, APT5H, ATP5H, ATPQ...",744,844,46,17,721,836,767,852
Mus musculus,hsa05016,19,ATP5F1E,"ATP5PD, APT5H, ATP5H, ATPQ...",744,844,46,17,721,836,767,852
Mus musculus,hsa05016,19,ATP5PO,"ATP5PD, APT5H, ATP5H, ATPQ...",744,844,46,17,721,836,767,852
Mus musculus,hsa05016,275,KIF5A,"KLC3, KLC2, KLC2L, KLCt, KNS2B...",461,308,46,17,438,300,484,316
Mus musculus,hsa05016,275,KIF5C,"KLC3, KLC2, KLC2L, KLCt, KNS2B...",461,308,46,17,438,300,484,316
Mus musculus,hsa05016,286,GRIA2,"GRIA1, GLUH1, GLUR1, GLURA, GluA1, HBGR1, MRD67, MRT76...",308,784,46,17,285,776,331,792
Mus musculus,hsa05016,286,GRIA3,"GRIA1, GLUH1, GLUR1, GLURA, GluA1, HBGR1, MRD67, MRT76...",308,784,46,17,285,776,331,792
Mus musculus,hsa05016,286,GRIA4,"GRIA1, GLUH1, GLUR1, GLURA, GluA1, HBGR1, MRD67, MRT76...",308,784,46,17,285,776,331,792
Mus musculus,hsa05016,292,SLC1A2,"SLC1A2, DEE41, EAAT2, EIEE41, GLT-1, GLT1, HBGT...",174,904,46,17,151,896,197,912
Mus musculus,hsa05016,292,SLC1A3,"SLC1A2, DEE41, EAAT2, EIEE41, GLT-1, GLT1, HBGT...",174,904,46,17,151,896,197,912
Mus musculus,hsa05016,47,GRIN1,"GRIN1, DEE101, GluN1, MRD8, NDHMSD, NDHMSR, NMD-R1, NMDA1, NMDAR1, NR1, hNR1...",308,690,46,17,285,682,331,698
Mus musculus,hsa05016,47,GRIN2B,"GRIN1, DEE101, GluN1, MRD8, NDHMSD, NDHMSR, NMD-R1, NMDA1, NMDAR1, NR1, hNR1...",308,690,46,17,285,682,331,698
Mus musculus,hsa05016,52,PLCB1,"PLCB1, DEE12, EIEE12, PI-PLC, PLC-154, PLC-I, PLC-beta-1, PLC154, PLCB1A, PLCB1B...",470,567,46,17,447,558,493,576
Mus musculus,hsa05016,52,PLCB3,"PLCB1, DEE12, EIEE12, PI-PLC, PLC-154, PLC-I, PLC-beta-1, PLC154, PLCB1A, PLCB1B...",470,567,46,17,447,558,493,576
Mus musculus,hsa05016,52,PLCB4,"PLCB1, DEE12, EIEE12, PI-PLC, PLC-154, PLC-I, PLC-beta-1, PLC154, PLCB1A, PLCB1B...",470,567,46,17,447,558,493,576
Mus musculus,hsa05016,53,ITPR1,"ITPR1, ACV, CLA4, INSP3R1, IP3R, IP3R1, PPP1R94, SCA15, SCA16, SCA29",563,690,46,17,540,682,586,698
Mus musculus,hsa05016,66,SLC25A4,"PPIF, CYP3, CyP-M, Cyp-D, CypD...",925,887,46,17,902,878,948,896
Mus musculus,hsa05016,67,CYCS,"CYCS, CYC, HCS, THC4",925,922,46,17,902,914,948,930
Mus musculus,hsa05016,75,TFAM,"TFAM, MTDPS15, MTTF1, MTTFA, TCF6, TCF6L1, TCF6L2, TCF6L3",643,508,46,17,620,500,666,516
Mus musculus,hsa05017,111,ITPR1,"ITPR1, ACV, CLA4, INSP3R1, IP3R, IP3R1, PPP1R94, SCA15, SCA16, SCA29...",641,348,46,17,618,340,664,356
Mus musculus,hsa05017,111,ITPR2,"ITPR1, ACV, CLA4, INSP3R1, IP3R, IP3R1, PPP1R94, SCA15, SCA16, SCA29...",641,348,46,17,618,340,664,356
Mus musculus,hsa05017,214,TWNK,"TWNK, ATXN8, C10orf2, IOSCA, MTDPS7, PEO, PEO1, PEOA3, PRLTS5, SANDO, SCA8, TWINL",1169,1549,46,17,1146,1540,1192,1558
Mus musculus,hsa05017,22,PLCB1,"PLCB1, DEE12, EIEE12, PI-PLC, PLC-154, PLC-I, PLC-beta-1, PLC154, PLCB1A, PLCB1B...",552,234,46,17,529,226,575,242
Mus musculus,hsa05017,22,PLCB3,"PLCB1, DEE12, EIEE12, PI-PLC, PLC-154, PLC-I, PLC-beta-1, PLC154, PLCB1A, PLCB1B...",552,234,46,17,529,226,575,242
Mus musculus,hsa05017,22,PLCB4,"PLCB1, DEE12, EIEE12, PI-PLC, PLC-154, PLC-I, PLC-beta-1, PLC154, PLCB1A, PLCB1B...",552,234,46,17,529,226,575,242
Mus musculus,hsa05017,221,AFG3L2,"AFG3L2, OPA12, SCA28, SPAX5",577,579,46,17,554,570,600,588
Mus musculus,hsa05017,223,OPA1,"OPA1, BERHS, MGM1, MTDPS14, NPG, NTG, largeG",751,579,46,17,728,570,774,588
Mus musculus,hsa05017,246,ITPR1,"ITPR1, ACV, CLA4, INSP3R1, IP3R, IP3R1, PPP1R94, SCA15, SCA16, SCA29",1329,1121,46,17,1306,1112,1352,1130
Mus musculus,hsa05017,262,GRIN1,"GRIN3A, GluN3A, NMDAR-L, NMDAR3A, NR3A...",396,415,46,17,373,406,419,424
Mus musculus,hsa05017,262,GRIN2A,"GRIN3A, GluN3A, NMDAR-L, NMDAR3A, NR3A...",396,415,46,17,373,406,419,424
Mus musculus,hsa05017,262,GRIN2B,"GRIN3A, GluN3A, NMDAR-L, NMDAR3A, NR3A...",396,415,46,17,373,406,419,424
Mus musculus,hsa05017,262,GRIN2D,"GRIN3A, GluN3A, NMDAR-L, NMDAR3A, NR3A...",396,415,46,17,373,406,419,424
Mus musculus,hsa05017,267,GRIN1,"GRIN3A, GluN3A, NMDAR-L, NMDAR3A, NR3A...",396,959,46,17,373,950,419,968
Mus musculus,hsa05017,267,GRIN2A,"GRIN3A, GluN3A, NMDAR-L, NMDAR3A, NR3A...",396,959,46,17,373,950,419,968
Mus musculus,hsa05017,267,GRIN2B,"GRIN3A, GluN3A, NMDAR-L, NMDAR3A, NR3A...",396,959,46,17,373,950,419,968
Mus musculus,hsa05017,267,GRIN2D,"GRIN3A, GluN3A, NMDAR-L, NMDAR3A, NR3A...",396,959,46,17,373,950,419,968
Mus musculus,hsa05017,27,GRIA2,"GRIA1, GLUH1, GLUR1, GLURA, GluA1, HBGR1, MRD67, MRT76...",396,301,46,17,373,292,419,310
Mus musculus,hsa05017,27,GRIA3,"GRIA1, GLUH1, GLUR1, GLURA, GluA1, HBGR1, MRD67, MRT76...",396,301,46,17,373,292,419,310
Mus musculus,hsa05017,273,VLDLR,"VLDLR, CAMRQ1, CARMQ1, CHRMQ1, VLDL-R, VLDLRCH",396,1642,46,17,373,1634,419,1650
Mus musculus,hsa05017,275,PIK3CA,"P3R3URF-PIK3R3, LOC110117498-PIK3R3...",558,1642,46,17,535,1634,581,1650
Mus musculus,hsa05017,275,PIK3CD,"P3R3URF-PIK3R3, LOC110117498-PIK3R3...",558,1642,46,17,535,1634,581,1650
Mus musculus,hsa05017,275,PIK3R1,"P3R3URF-PIK3R3, LOC110117498-PIK3R3...",558,1642,46,17,535,1634,581,1650
Mus musculus,hsa05017,275,PIK3R2,"P3R3URF-PIK3R3, LOC110117498-PIK3R3...",558,1642,46,17,535,1634,581,1650
Mus musculus,hsa05017,276,AKT2,"AKT3, MPPH, MPPH2, PKB-GAMMA, PKBG, PRKBG, RAC-PK-gamma, RAC-gamma, STK-2...",639,1641,46,17,616,1632,662,1650
Mus musculus,hsa05017,28,GRM1,"GRM1, GPRC1A, MGLU1, MGLUR1, PPP1R85, SCA44, SCAR13",396,234,46,17,373,226,419,242
Mus musculus,hsa05017,285,GRM1,"GRM1, GPRC1A, MGLU1, MGLUR1, PPP1R85, SCA44, SCAR13",1329,1210,46,17,1306,1202,1352,1218
Mus musculus,hsa05017,320,CYCS,"CYCS, CYC, HCS, THC4",907,513,46,17,884,504,930,522
Mus musculus,hsa05017,322,SLC25A4,"PPIF, CYP3, CyP-M, Cyp-D, CypD...",793,513,46,17,770,504,816,522
Mus musculus,hsa05017,67,PLCB1,"PLCB1, DEE12, EIEE12, PI-PLC, PLC-154, PLC-I, PLC-beta-1, PLC154, PLCB1A, PLCB1B...",552,783,46,17,529,774,575,792
Mus musculus,hsa05017,67,PLCB3,"PLCB1, DEE12, EIEE12, PI-PLC, PLC-154, PLC-I, PLC-beta-1, PLC154, PLCB1A, PLCB1B...",552,783,46,17,529,774,575,792
Mus musculus,hsa05017,67,PLCB4,"PLCB1, DEE12, EIEE12, PI-PLC, PLC-154, PLC-I, PLC-beta-1, PLC154, PLCB1A, PLCB1B...",552,783,46,17,529,774,575,792
Mus musculus,hsa05017,74,GRIA2,"GRIA1, GLUH1, GLUR1, GLURA, GluA1, HBGR1, MRD67, MRT76...",396,851,46,17,373,842,419,860
Mus musculus,hsa05017,74,GRIA3,"GRIA1, GLUH1, GLUR1, GLURA, GluA1, HBGR1, MRD67, MRT76...",396,851,46,17,373,842,419,860
Mus musculus,hsa05017,75,GRM1,"GRM1, GPRC1A, MGLU1, MGLUR1, PPP1R85, SCA44, SCAR13",396,783,46,17,373,774,419,792
Mus musculus,hsa05017,76,ITPR1,"ITPR1, ACV, CLA4, INSP3R1, IP3R, IP3R1, PPP1R94, SCA15, SCA16, SCA29...",643,899,46,17,620,890,666,908
Mus musculus,hsa05017,76,ITPR2,"ITPR1, ACV, CLA4, INSP3R1, IP3R, IP3R1, PPP1R94, SCA15, SCA16, SCA29...",643,899,46,17,620,890,666,908
Mus musculus,hsa05020,168,CYCS,"CYCS, CYC, HCS, THC4",1167,501,46,17,1144,492,1190,510
Mus musculus,hsa05020,173,NDUFA1,NDUFC2-KCTD14...,988,606,46,17,965,598,1011,614
Mus musculus,hsa05020,173,NDUFA10,NDUFC2-KCTD14...,988,606,46,17,965,598,1011,614
Mus musculus,hsa05020,173,NDUFA11,NDUFC2-KCTD14...,988,606,46,17,965,598,1011,614
Mus musculus,hsa05020,173,NDUFA12,NDUFC2-KCTD14...,988,606,46,17,965,598,1011,614
Mus musculus,hsa05020,173,NDUFA13,NDUFC2-KCTD14...,988,606,46,17,965,598,1011,614
Mus musculus,hsa05020,173,NDUFA2,NDUFC2-KCTD14...,988,606,46,17,965,598,1011,614
Mus musculus,hsa05020,173,NDUFA4,NDUFC2-KCTD14...,988,606,46,17,965,598,1011,614
Mus musculus,hsa05020,173,NDUFA6,NDUFC2-KCTD14...,988,606,46,17,965,598,1011,614
Mus musculus,hsa05020,173,NDUFA8,NDUFC2-KCTD14...,988,606,46,17,965,598,1011,614
Mus musculus,hsa05020,173,NDUFA9,NDUFC2-KCTD14...,988,606,46,17,965,598,1011,614
Mus musculus,hsa05020,173,NDUFB10,NDUFC2-KCTD14...,988,606,46,17,965,598,1011,614
Mus musculus,hsa05020,173,NDUFB11,NDUFC2-KCTD14...,988,606,46,17,965,598,1011,614
Mus musculus,hsa05020,173,NDUFB3,NDUFC2-KCTD14...,988,606,46,17,965,598,1011,614
Mus musculus,hsa05020,173,NDUFB8,NDUFC2-KCTD14...,988,606,46,17,965,598,1011,614
Mus musculus,hsa05020,173,NDUFB9,NDUFC2-KCTD14...,988,606,46,17,965,598,1011,614
Mus musculus,hsa05020,173,NDUFC2,NDUFC2-KCTD14...,988,606,46,17,965,598,1011,614
Mus musculus,hsa05020,173,NDUFS1,NDUFC2-KCTD14...,988,606,46,17,965,598,1011,614
Mus musculus,hsa05020,173,NDUFS2,NDUFC2-KCTD14...,988,606,46,17,965,598,1011,614
Mus musculus,hsa05020,173,NDUFS3,NDUFC2-KCTD14...,988,606,46,17,965,598,1011,614
Mus musculus,hsa05020,173,NDUFS4,NDUFC2-KCTD14...,988,606,46,17,965,598,1011,614
Mus musculus,hsa05020,173,NDUFS6,NDUFC2-KCTD14...,988,606,46,17,965,598,1011,614
Mus musculus,hsa05020,173,NDUFS7,NDUFC2-KCTD14...,988,606,46,17,965,598,1011,614
Mus musculus,hsa05020,173,NDUFS8,NDUFC2-KCTD14...,988,606,46,17,965,598,1011,614
Mus musculus,hsa05020,173,NDUFV1,NDUFC2-KCTD14...,988,606,46,17,965,598,1011,614
Mus musculus,hsa05020,173,NDUFV2,NDUFC2-KCTD14...,988,606,46,17,965,598,1011,614
Mus musculus,hsa05020,174,SDHA,"SDHA, CMD1GG, FP, MC2DN1, NDAXOA, PGL5, PPGL5, SDH1, SDH2, SDHF...",988,635,46,17,965,626,1011,644
Mus musculus,hsa05020,174,SDHB,"SDHA, CMD1GG, FP, MC2DN1, NDAXOA, PGL5, PPGL5, SDH1, SDH2, SDHF...",988,635,46,17,965,626,1011,644
Mus musculus,hsa05020,174,SDHC,"SDHA, CMD1GG, FP, MC2DN1, NDAXOA, PGL5, PPGL5, SDH1, SDH2, SDHF...",988,635,46,17,965,626,1011,644
Mus musculus,hsa05020,174,SDHD,"SDHA, CMD1GG, FP, MC2DN1, NDAXOA, PGL5, PPGL5, SDH1, SDH2, SDHF...",988,635,46,17,965,626,1011,644
Mus musculus,hsa05020,175,CYC1,"UQCR11, 0710008D09Rik, QCR10, UQCR...",988,663,46,17,965,654,1011,672
Mus musculus,hsa05020,175,UQCRB,"UQCR11, 0710008D09Rik, QCR10, UQCR...",988,663,46,17,965,654,1011,672
Mus musculus,hsa05020,175,UQCRC1,"UQCR11, 0710008D09Rik, QCR10, UQCR...",988,663,46,17,965,654,1011,672
Mus musculus,hsa05020,175,UQCRC2,"UQCR11, 0710008D09Rik, QCR10, UQCR...",988,663,46,17,965,654,1011,672
Mus musculus,hsa05020,175,UQCRFS1,"UQCR11, 0710008D09Rik, QCR10, UQCR...",988,663,46,17,965,654,1011,672
Mus musculus,hsa05020,175,UQCRQ,"UQCR11, 0710008D09Rik, QCR10, UQCR...",988,663,46,17,965,654,1011,672
Mus musculus,hsa05020,176,ATP5F1A,"ATP5PD, APT5H, ATP5H, ATPQ...",988,721,46,17,965,712,1011,730
Mus musculus,hsa05020,176,ATP5F1B,"ATP5PD, APT5H, ATP5H, ATPQ...",988,721,46,17,965,712,1011,730
Mus musculus,hsa05020,176,ATP5F1D,"ATP5PD, APT5H, ATP5H, ATPQ...",988,721,46,17,965,712,1011,730
Mus musculus,hsa05020,176,ATP5F1E,"ATP5PD, APT5H, ATP5H, ATPQ...",988,721,46,17,965,712,1011,730
Mus musculus,hsa05020,176,ATP5PO,"ATP5PD, APT5H, ATP5H, ATPQ...",988,721,46,17,965,712,1011,730
Mus musculus,hsa05020,177,COX4I1,"COX6B2, COXVIB2, CT59...",988,693,46,17,965,684,1011,702
Mus musculus,hsa05020,177,COX4I2,"COX6B2, COXVIB2, CT59...",988,693,46,17,965,684,1011,702
Mus musculus,hsa05020,177,COX5A,"COX6B2, COXVIB2, CT59...",988,693,46,17,965,684,1011,702
Mus musculus,hsa05020,177,COX6A1,"COX6B2, COXVIB2, CT59...",988,693,46,17,965,684,1011,702
Mus musculus,hsa05020,177,COX6A2,"COX6B2, COXVIB2, CT59...",988,693,46,17,965,684,1011,702
Mus musculus,hsa05020,177,COX6B1,"COX6B2, COXVIB2, CT59...",988,693,46,17,965,684,1011,702
Mus musculus,hsa05020,177,COX7B,"COX6B2, COXVIB2, CT59...",988,693,46,17,965,684,1011,702
Mus musculus,hsa05020,177,COX8A,"COX6B2, COXVIB2, CT59...",988,693,46,17,965,684,1011,702
Mus musculus,hsa05020,179,ITPR1,"ITPR1, ACV, CLA4, INSP3R1, IP3R, IP3R1, PPP1R94, SCA15, SCA16, SCA29...",929,462,46,17,906,454,952,470
Mus musculus,hsa05020,179,ITPR2,"ITPR1, ACV, CLA4, INSP3R1, IP3R, IP3R1, PPP1R94, SCA15, SCA16, SCA29...",929,462,46,17,906,454,952,470
Mus musculus,hsa05020,180,GRIN1,"GRIN3A, GluN3A, NMDAR-L, NMDAR3A, NR3A...",320,461,46,17,297,452,343,470
Mus musculus,hsa05020,180,GRIN2A,"GRIN3A, GluN3A, NMDAR-L, NMDAR3A, NR3A...",320,461,46,17,297,452,343,470
Mus musculus,hsa05020,180,GRIN2B,"GRIN3A, GluN3A, NMDAR-L, NMDAR3A, NR3A...",320,461,46,17,297,452,343,470
Mus musculus,hsa05020,180,GRIN2D,"GRIN3A, GluN3A, NMDAR-L, NMDAR3A, NR3A...",320,461,46,17,297,452,343,470
Mus musculus,hsa05020,195,SLC25A4,"PPIF, CYP3, CyP-M, Cyp-D, CypD...",1106,543,46,17,1083,534,1129,552
Mus musculus,hsa05020,210,KIF5A,"KLC3, KLC2, KLC2L, KLCt, KNS2B...",1293,1063,46,17,1270,1054,1316,1072
Mus musculus,hsa05020,210,KIF5C,"KLC3, KLC2, KLC2L, KLCt, KNS2B...",1293,1063,46,17,1270,1054,1316,1072
Mus musculus,hsa05020,252,PIK3CA,"P3R3URF-PIK3R3, LOC110117498-PIK3R3...",447,952,46,17,424,944,470,960
Mus musculus,hsa05020,252,PIK3CD,"P3R3URF-PIK3R3, LOC110117498-PIK3R3...",447,952,46,17,424,944,470,960
Mus musculus,hsa05020,252,PIK3R1,"P3R3URF-PIK3R3, LOC110117498-PIK3R3...",447,952,46,17,424,944,470,960
Mus musculus,hsa05020,252,PIK3R2,"P3R3URF-PIK3R3, LOC110117498-PIK3R3...",447,952,46,17,424,944,470,960
Mus musculus,hsa05022,1694,PINK1,"PINK1, BRPK, PARK6",1015,1290,46,17,992,1282,1038,1298
Mus musculus,hsa05022,1695,NDUFA1,NDUFC2-KCTD14...,833,1033,46,17,810,1024,856,1042
Mus musculus,hsa05022,1695,NDUFA10,NDUFC2-KCTD14...,833,1033,46,17,810,1024,856,1042
Mus musculus,hsa05022,1695,NDUFA11,NDUFC2-KCTD14...,833,1033,46,17,810,1024,856,1042
Mus musculus,hsa05022,1695,NDUFA12,NDUFC2-KCTD14...,833,1033,46,17,810,1024,856,1042
Mus musculus,hsa05022,1695,NDUFA13,NDUFC2-KCTD14...,833,1033,46,17,810,1024,856,1042
Mus musculus,hsa05022,1695,NDUFA2,NDUFC2-KCTD14...,833,1033,46,17,810,1024,856,1042
Mus musculus,hsa05022,1695,NDUFA6,NDUFC2-KCTD14...,833,1033,46,17,810,1024,856,1042
Mus musculus,hsa05022,1695,NDUFA8,NDUFC2-KCTD14...,833,1033,46,17,810,1024,856,1042
Mus musculus,hsa05022,1695,NDUFA9,NDUFC2-KCTD14...,833,1033,46,17,810,1024,856,1042
Mus musculus,hsa05022,1695,NDUFB10,NDUFC2-KCTD14...,833,1033,46,17,810,1024,856,1042
Mus musculus,hsa05022,1695,NDUFB11,NDUFC2-KCTD14...,833,1033,46,17,810,1024,856,1042
Mus musculus,hsa05022,1695,NDUFB3,NDUFC2-KCTD14...,833,1033,46,17,810,1024,856,1042
Mus musculus,hsa05022,1695,NDUFB8,NDUFC2-KCTD14...,833,1033,46,17,810,1024,856,1042
Mus musculus,hsa05022,1695,NDUFB9,NDUFC2-KCTD14...,833,1033,46,17,810,1024,856,1042
Mus musculus,hsa05022,1695,NDUFC2,NDUFC2-KCTD14...,833,1033,46,17,810,1024,856,1042
Mus musculus,hsa05022,1695,NDUFS1,NDUFC2-KCTD14...,833,1033,46,17,810,1024,856,1042
Mus musculus,hsa05022,1695,NDUFS2,NDUFC2-KCTD14...,833,1033,46,17,810,1024,856,1042
Mus musculus,hsa05022,1695,NDUFS3,NDUFC2-KCTD14...,833,1033,46,17,810,1024,856,1042
Mus musculus,hsa05022,1695,NDUFS4,NDUFC2-KCTD14...,833,1033,46,17,810,1024,856,1042
Mus musculus,hsa05022,1695,NDUFS6,NDUFC2-KCTD14...,833,1033,46,17,810,1024,856,1042
Mus musculus,hsa05022,1695,NDUFS7,NDUFC2-KCTD14...,833,1033,46,17,810,1024,856,1042
Mus musculus,hsa05022,1695,NDUFS8,NDUFC2-KCTD14...,833,1033,46,17,810,1024,856,1042
Mus musculus,hsa05022,1695,NDUFV1,NDUFC2-KCTD14...,833,1033,46,17,810,1024,856,1042
Mus musculus,hsa05022,1695,NDUFV2,NDUFC2-KCTD14...,833,1033,46,17,810,1024,856,1042
Mus musculus,hsa05022,1696,SDHA,"SDHA, CMD1GG, FP, MC2DN1, NDAXOA, PGL5, PPGL5, SDH1, SDH2, SDHF...",833,1068,46,17,810,1060,856,1076
Mus musculus,hsa05022,1696,SDHB,"SDHA, CMD1GG, FP, MC2DN1, NDAXOA, PGL5, PPGL5, SDH1, SDH2, SDHF...",833,1068,46,17,810,1060,856,1076
Mus musculus,hsa05022,1696,SDHC,"SDHA, CMD1GG, FP, MC2DN1, NDAXOA, PGL5, PPGL5, SDH1, SDH2, SDHF...",833,1068,46,17,810,1060,856,1076
Mus musculus,hsa05022,1696,SDHD,"SDHA, CMD1GG, FP, MC2DN1, NDAXOA, PGL5, PPGL5, SDH1, SDH2, SDHF...",833,1068,46,17,810,1060,856,1076
Mus musculus,hsa05022,1697,CYC1,"UQCR11, 0710008D09Rik, QCR10, UQCR...",833,1099,46,17,810,1090,856,1108
Mus musculus,hsa05022,1697,UQCRB,"UQCR11, 0710008D09Rik, QCR10, UQCR...",833,1099,46,17,810,1090,856,1108
Mus musculus,hsa05022,1697,UQCRC1,"UQCR11, 0710008D09Rik, QCR10, UQCR...",833,1099,46,17,810,1090,856,1108
Mus musculus,hsa05022,1697,UQCRC2,"UQCR11, 0710008D09Rik, QCR10, UQCR...",833,1099,46,17,810,1090,856,1108
Mus musculus,hsa05022,1697,UQCRFS1,"UQCR11, 0710008D09Rik, QCR10, UQCR...",833,1099,46,17,810,1090,856,1108
Mus musculus,hsa05022,1697,UQCRQ,"UQCR11, 0710008D09Rik, QCR10, UQCR...",833,1099,46,17,810,1090,856,1108
Mus musculus,hsa05022,1698,COX4I1,"COX6B2, COXVIB2, CT59...",833,1132,46,17,810,1124,856,1140
Mus musculus,hsa05022,1698,COX4I2,"COX6B2, COXVIB2, CT59...",833,1132,46,17,810,1124,856,1140
Mus musculus,hsa05022,1698,COX5A,"COX6B2, COXVIB2, CT59...",833,1132,46,17,810,1124,856,1140
Mus musculus,hsa05022,1698,COX6A1,"COX6B2, COXVIB2, CT59...",833,1132,46,17,810,1124,856,1140
Mus musculus,hsa05022,1698,COX6A2,"COX6B2, COXVIB2, CT59...",833,1132,46,17,810,1124,856,1140
Mus musculus,hsa05022,1698,COX6B1,"COX6B2, COXVIB2, CT59...",833,1132,46,17,810,1124,856,1140
Mus musculus,hsa05022,1698,COX7B,"COX6B2, COXVIB2, CT59...",833,1132,46,17,810,1124,856,1140
Mus musculus,hsa05022,1698,COX8A,"COX6B2, COXVIB2, CT59...",833,1132,46,17,810,1124,856,1140
Mus musculus,hsa05022,1699,ATP5F1A,"ATP5PD, APT5H, ATP5H, ATPQ...",833,1164,46,17,810,1156,856,1172
Mus musculus,hsa05022,1699,ATP5F1B,"ATP5PD, APT5H, ATP5H, ATPQ...",833,1164,46,17,810,1156,856,1172
Mus musculus,hsa05022,1699,ATP5F1D,"ATP5PD, APT5H, ATP5H, ATPQ...",833,1164,46,17,810,1156,856,1172
Mus musculus,hsa05022,1699,ATP5F1E,"ATP5PD, APT5H, ATP5H, ATPQ...",833,1164,46,17,810,1156,856,1172
Mus musculus,hsa05022,1699,ATP5PO,"ATP5PD, APT5H, ATP5H, ATPQ...",833,1164,46,17,810,1156,856,1172
Mus musculus,hsa05022,1701,PRKN,"PRKN, AR-JP, LPRS2, PARK2, PDJ",1086,1369,46,17,1063,1360,1109,1378
Mus musculus,hsa05022,1745,TBK1,"TBK1, AIARV, FTDALS4, IIAE8, NAK, T2K",1030,1573,46,17,1007,1564,1053,1582
Mus musculus,hsa05022,1789,FIG4,"FIG4, ALS11, BOP, BTOP, CMT4J, KIAA0274, SAC3, YVS, dJ249I4.1",1833,1580,46,17,1810,1572,1856,1588
Mus musculus,hsa05022,179,ITPR1,"ITPR1, ACV, CLA4, INSP3R1, IP3R, IP3R1, PPP1R94, SCA15, SCA16, SCA29...",1058,721,46,17,1035,712,1081,730
Mus musculus,hsa05022,179,ITPR2,"ITPR1, ACV, CLA4, INSP3R1, IP3R, IP3R1, PPP1R94, SCA15, SCA16, SCA29...",1058,721,46,17,1035,712,1081,730
Mus musculus,hsa05022,1793,SPG11,"SPG11, ALS5, CMT2X, KIAA1840",2039,1536,46,17,2016,1528,2062,1544
Mus musculus,hsa05022,180,GRIN1,"GRIN1, DEE101, GluN1, MRD8, NDHMSD, NDHMSR, NMD-R1, NMDA1, NMDAR1, NR1, hNR1...",396,555,46,17,373,546,419,564
Mus musculus,hsa05022,180,GRIN2A,"GRIN1, DEE101, GluN1, MRD8, NDHMSD, NDHMSR, NMD-R1, NMDA1, NMDAR1, NR1, hNR1...",396,555,46,17,373,546,419,564
Mus musculus,hsa05022,180,GRIN2B,"GRIN1, DEE101, GluN1, MRD8, NDHMSD, NDHMSR, NMD-R1, NMDA1, NMDAR1, NR1, hNR1...",396,555,46,17,373,546,419,564
Mus musculus,hsa05022,180,GRIN2D,"GRIN1, DEE101, GluN1, MRD8, NDHMSD, NDHMSR, NMD-R1, NMDA1, NMDAR1, NR1, hNR1...",396,555,46,17,373,546,419,564
Mus musculus,hsa05022,1850,PLCB1,"PLCB1, DEE12, EIEE12, PI-PLC, PLC-154, PLC-I, PLC-beta-1, PLC154, PLCB1A, PLCB1B...",750,604,46,17,727,596,773,612
Mus musculus,hsa05022,1850,PLCB3,"PLCB1, DEE12, EIEE12, PI-PLC, PLC-154, PLC-I, PLC-beta-1, PLC154, PLCB1A, PLCB1B...",750,604,46,17,727,596,773,612
Mus musculus,hsa05022,1850,PLCB4,"PLCB1, DEE12, EIEE12, PI-PLC, PLC-154, PLC-I, PLC-beta-1, PLC154, PLCB1A, PLCB1B...",750,604,46,17,727,596,773,612
Mus musculus,hsa05022,1854,GRIA2,"GRIA1, GLUH1, GLUR1, GLURA, GluA1, HBGR1, MRD67, MRT76...",396,664,46,17,373,656,419,672
Mus musculus,hsa05022,1854,GRIA3,"GRIA1, GLUH1, GLUR1, GLURA, GluA1, HBGR1, MRD67, MRT76...",396,664,46,17,373,656,419,672
Mus musculus,hsa05022,1854,GRIA4,"GRIA1, GLUH1, GLUR1, GLURA, GluA1, HBGR1, MRD67, MRT76...",396,664,46,17,373,656,419,672
Mus musculus,hsa05022,1877,LRRK2,"LRRK2, AURA17, DARDARIN, PARK8, RIPK7, ROCO2",1271,1029,46,17,1248,1020,1294,1038
Mus musculus,hsa05022,1881,CYCS,"CYCS, CYC, HCS, THC4",1409,1085,46,17,1386,1076,1432,1094
Mus musculus,hsa05022,1882,HTRA2,"HTRA2, MGCA8, OMI, PARK13, PRSS25",1263,1075,46,17,1240,1066,1286,1084
Mus musculus,hsa05022,1883,SLC25A4,"PPIF, CYP3, CyP-M, Cyp-D, CypD...",1327,1139,46,17,1304,1130,1350,1148
Mus musculus,hsa05022,1905,SLC6A3,"SLC6A3, DAT, DAT1, PKDYS, PKDYS1",396,994,46,17,373,986,419,1002
Mus musculus,hsa05022,1906,PINK1,"PINK1, BRPK, PARK6",724,955,46,17,701,946,747,964
Mus musculus,hsa05022,1910,PINK1,"PINK1, BRPK, PARK6",1339,1241,46,17,1316,1232,1362,1250
Mus musculus,hsa05022,1911,PRKN,"PRKN, AR-JP, LPRS2, PARK2, PDJ",1419,1221,46,17,1396,1212,1442,1230
Mus musculus,hsa05022,1931,PINK1,"PINK1, BRPK, PARK6",1339,1050,46,17,1316,1042,1362,1058
Mus musculus,hsa05022,1936,MFN2,"MFN1, hfzo1, hfzo2...",1086,1290,46,17,1063,1282,1109,1298
Mus musculus,hsa05022,1968,GRM1,"GRM1, GPRC1A, MGLU1, MGLUR1, PPP1R85, SCA44, SCAR13",396,464,46,17,373,456,419,472
Mus musculus,hsa05022,1977,PRKN,"PRKN, AR-JP, LPRS2, PARK2, PDJ",668,632,46,17,645,624,691,640
Mus musculus,hsa05022,1989,VAPB,"VAPB, ALS8, VAMP-B, VAP-B",1332,587,46,17,1309,578,1355,596
Mus musculus,hsa05022,2018,CAT,CAT,830,1738,46,17,807,1730,853,1746
Mus musculus,hsa05022,2027,CCS,CCS,703,1716,46,17,680,1708,726,1724
Mus musculus,hsa05022,210,KIF5A,"KLC3, KLC2, KLC2L, KLCt, KNS2B...",1290,2001,46,17,1267,1992,1313,2010
Mus musculus,hsa05022,210,KIF5C,"KLC3, KLC2, KLC2L, KLCt, KNS2B...",1290,2001,46,17,1267,1992,1313,2010
Mus musculus,hsa05022,2146,HSD17B10,"HSD17B10, 17b-HSD10, ABAD, CAMR, DUPXp11.22, ERAB, HADH2, HCD2, HSD10MD, MHBD, MRPP2, MRX17, MRX31, MRXS10, SCHAD, SDR5C1",1231,1182,46,17,1208,1174,1254,1190
Mus musculus,hsa05022,2245,PRKN,"PRKN, AR-JP, LPRS2, PARK2, PDJ",1446,374,46,17,1423,366,1469,382
Mus musculus,hsa05030,19,SLC18A2,"SLC18A1, CGAT, VAT1, VMAT1...",343,311,46,17,320,302,366,320
Mus musculus,hsa05030,219,TH,"TH, DYT14, DYT5b, TYH",157,979,46,17,134,970,180,988
Mus musculus,hsa05030,220,DDC,"DDC, AADC",226,979,46,17,203,970,249,988
Mus musculus,hsa05030,221,SLC18A2,"SLC18A1, CGAT, VAT1, VMAT1...",343,1030,46,17,320,1022,366,1038
Mus musculus,hsa05030,222,MAOA,"MAOA, BRNRS, MAO-A...",436,926,46,17,413,918,459,934
Mus musculus,hsa05030,223,SLC6A3,"SLC6A3, DAT, DAT1, PKDYS, PKDYS1",526,995,46,17,503,986,549,1004
Mus musculus,hsa05030,280,GRIA2,"GRIA2, GLUR2, GLURB, GluA2, GluR-K2, HBGR2, NEDLIB, gluR-2, gluR-B",642,889,46,17,619,880,665,898
Mus musculus,hsa05030,286,GRIN1,"GRIN3A, GluN3A, NMDAR-L, NMDAR3A, NR3A...",642,921,46,17,619,912,665,930
Mus musculus,hsa05030,286,GRIN2A,"GRIN3A, GluN3A, NMDAR-L, NMDAR3A, NR3A...",642,921,46,17,619,912,665,930
Mus musculus,hsa05030,286,GRIN2B,"GRIN3A, GluN3A, NMDAR-L, NMDAR3A, NR3A...",642,921,46,17,619,912,665,930
Mus musculus,hsa05030,286,GRIN2D,"GRIN3A, GluN3A, NMDAR-L, NMDAR3A, NR3A...",642,921,46,17,619,912,665,930
Mus musculus,hsa05030,34,SLC18A2,"SLC18A1, CGAT, VAT1, VMAT1...",336,675,46,17,313,666,359,684
Mus musculus,hsa05030,46,SLC6A3,"SLC6A3, DAT, DAT1, PKDYS, PKDYS1",527,260,46,17,504,252,550,268
Mus musculus,hsa05030,56,MAOA,"MAOA, BRNRS, MAO-A...",434,565,46,17,411,556,457,574
Mus musculus,hsa05030,58,SLC6A3,"SLC6A3, DAT, DAT1, PKDYS, PKDYS1",529,626,46,17,506,618,552,634
Mus musculus,hsa05030,72,TH,"TH, DYT14, DYT5b, TYH",157,622,46,17,134,614,180,630
Mus musculus,hsa05030,73,DDC,"DDC, AADC",227,622,46,17,204,614,250,630
Mus musculus,hsa05030,85,TH,"TH, DYT14, DYT5b, TYH",157,259,46,17,134,250,180,268
Mus musculus,hsa05030,86,DDC,"DDC, AADC",227,259,46,17,204,250,250,268
Mus musculus,hsa05030,89,MAOA,"MAOA, BRNRS, MAO-A...",434,220,46,17,411,212,457,228
Mus musculus,hsa05031,110,TH,"TH, DYT14, DYT5b, TYH",157,612,46,17,134,604,180,620
Mus musculus,hsa05031,111,DDC,"DDC, AADC",227,613,46,17,204,604,250,622
Mus musculus,hsa05031,129,TH,"TH, DYT14, DYT5b, TYH",157,259,46,17,134,250,180,268
Mus musculus,hsa05031,130,DDC,"DDC, AADC",227,259,46,17,204,250,250,268
Mus musculus,hsa05031,133,MAOA,"MAOA, BRNRS, MAO-A...",434,220,46,17,411,212,457,228
Mus musculus,hsa05031,213,GRIN1,"GRIN3A, GluN3A, NMDAR-L, NMDAR3A, NR3A...",642,914,46,17,619,906,665,922
Mus musculus,hsa05031,213,GRIN2A,"GRIN3A, GluN3A, NMDAR-L, NMDAR3A, NR3A...",642,914,46,17,619,906,665,922
Mus musculus,hsa05031,213,GRIN2B,"GRIN3A, GluN3A, NMDAR-L, NMDAR3A, NR3A...",642,914,46,17,619,906,665,922
Mus musculus,hsa05031,213,GRIN2D,"GRIN3A, GluN3A, NMDAR-L, NMDAR3A, NR3A...",642,914,46,17,619,906,665,922
Mus musculus,hsa05031,214,GRIA2,"GRIA1, GLUH1, GLUR1, GLURA, GluA1, HBGR1, MRD67, MRT76...",642,992,46,17,619,984,665,1000
Mus musculus,hsa05031,214,GRIA3,"GRIA1, GLUH1, GLUR1, GLURA, GluA1, HBGR1, MRD67, MRT76...",642,992,46,17,619,984,665,1000
Mus musculus,hsa05031,214,GRIA4,"GRIA1, GLUH1, GLUR1, GLURA, GluA1, HBGR1, MRD67, MRT76...",642,992,46,17,619,984,665,1000
Mus musculus,hsa05031,277,TH,"TH, DYT14, DYT5b, TYH",157,968,46,17,134,960,180,976
Mus musculus,hsa05031,278,DDC,"DDC, AADC",227,968,46,17,204,960,250,976
Mus musculus,hsa05031,279,MAOA,"MAOA, BRNRS, MAO-A...",429,927,46,17,406,918,452,936
Mus musculus,hsa05031,280,SLC6A3,"SLC6A3, DAT, DAT1, PKDYS, PKDYS1",527,987,46,17,504,978,550,996
Mus musculus,hsa05031,281,SLC6A3,"SLC6A3, DAT, DAT1, PKDYS, PKDYS1",527,928,46,17,504,920,550,936
Mus musculus,hsa05031,282,SLC18A2,"SLC18A1, CGAT, VAT1, VMAT1...",321,1035,46,17,298,1026,344,1044
Mus musculus,hsa05031,283,SLC18A2,"SLC18A1, CGAT, VAT1, VMAT1...",412,1085,46,17,389,1076,435,1094
Mus musculus,hsa05031,53,SLC18A2,"SLC18A1, CGAT, VAT1, VMAT1...",343,311,46,17,320,302,366,320
Mus musculus,hsa05031,68,SLC18A2,"SLC18A1, CGAT, VAT1, VMAT1...",319,679,46,17,296,670,342,688
Mus musculus,hsa05031,77,GRIN1,"GRIN3A, GluN3A, NMDAR-L, NMDAR3A, NR3A...",642,250,46,17,619,242,665,258
Mus musculus,hsa05031,77,GRIN2A,"GRIN3A, GluN3A, NMDAR-L, NMDAR3A, NR3A...",642,250,46,17,619,242,665,258
Mus musculus,hsa05031,77,GRIN2B,"GRIN3A, GluN3A, NMDAR-L, NMDAR3A, NR3A...",642,250,46,17,619,242,665,258
Mus musculus,hsa05031,77,GRIN2D,"GRIN3A, GluN3A, NMDAR-L, NMDAR3A, NR3A...",642,250,46,17,619,242,665,258
Mus musculus,hsa05031,78,GRIA2,"GRIA1, GLUH1, GLUR1, GLURA, GluA1, HBGR1, MRD67, MRT76...",642,297,46,17,619,288,665,306
Mus musculus,hsa05031,78,GRIA3,"GRIA1, GLUH1, GLUR1, GLURA, GluA1, HBGR1, MRD67, MRT76...",642,297,46,17,619,288,665,306
Mus musculus,hsa05031,78,GRIA4,"GRIA1, GLUH1, GLUR1, GLURA, GluA1, HBGR1, MRD67, MRT76...",642,297,46,17,619,288,665,306
Mus musculus,hsa05031,80,SLC6A3,"SLC6A3, DAT, DAT1, PKDYS, PKDYS1",527,260,46,17,504,252,550,268
Mus musculus,hsa05031,82,GRIN1,"GRIN3A, GluN3A, NMDAR-L, NMDAR3A, NR3A...",642,561,46,17,619,552,665,570
Mus musculus,hsa05031,82,GRIN2A,"GRIN3A, GluN3A, NMDAR-L, NMDAR3A, NR3A...",642,561,46,17,619,552,665,570
Mus musculus,hsa05031,82,GRIN2B,"GRIN3A, GluN3A, NMDAR-L, NMDAR3A, NR3A...",642,561,46,17,619,552,665,570
Mus musculus,hsa05031,82,GRIN2D,"GRIN3A, GluN3A, NMDAR-L, NMDAR3A, NR3A...",642,561,46,17,619,552,665,570
Mus musculus,hsa05031,83,GRIA2,"GRIA1, GLUH1, GLUR1, GLURA, GluA1, HBGR1, MRD67, MRT76...",642,638,46,17,619,630,665,646
Mus musculus,hsa05031,83,GRIA3,"GRIA1, GLUH1, GLUR1, GLURA, GluA1, HBGR1, MRD67, MRT76...",642,638,46,17,619,630,665,646
Mus musculus,hsa05031,83,GRIA4,"GRIA1, GLUH1, GLUR1, GLURA, GluA1, HBGR1, MRD67, MRT76...",642,638,46,17,619,630,665,646
Mus musculus,hsa05031,91,SLC18A2,"SLC18A1, CGAT, VAT1, VMAT1...",411,729,46,17,388,720,434,738
Mus musculus,hsa05031,92,MAOA,"MAOA, BRNRS, MAO-A...",434,565,46,17,411,556,457,574
Mus musculus,hsa05031,94,SLC6A3,"SLC6A3, DAT, DAT1, PKDYS, PKDYS1",526,570,46,17,503,562,549,578
Mus musculus,hsa05031,95,SLC6A3,"SLC6A3, DAT, DAT1, PKDYS, PKDYS1",527,628,46,17,504,620,550,636
Mus musculus,hsa05032,214,GABRA1,GABRR3...,590,214,46,17,567,206,613,222
Mus musculus,hsa05032,214,GABRA6,GABRR3...,590,214,46,17,567,206,613,222
Mus musculus,hsa05032,214,GABRB1,GABRR3...,590,214,46,17,567,206,613,222
Mus musculus,hsa05032,214,GABRB2,GABRR3...,590,214,46,17,567,206,613,222
Mus musculus,hsa05032,214,GABRB3,GABRR3...,590,214,46,17,567,206,613,222
Mus musculus,hsa05032,214,GABRD,GABRR3...,590,214,46,17,567,206,613,222
Mus musculus,hsa05032,214,GABRG2,GABRR3...,590,214,46,17,567,206,613,222
Mus musculus,hsa05032,215,GABRA1,GABRR3...,589,600,46,17,566,592,612,608
Mus musculus,hsa05032,215,GABRA6,GABRR3...,589,600,46,17,566,592,612,608
Mus musculus,hsa05032,215,GABRB1,GABRR3...,589,600,46,17,566,592,612,608
Mus musculus,hsa05032,215,GABRB2,GABRR3...,589,600,46,17,566,592,612,608
Mus musculus,hsa05032,215,GABRB3,GABRR3...,589,600,46,17,566,592,612,608
Mus musculus,hsa05032,215,GABRD,GABRR3...,589,600,46,17,566,592,612,608
Mus musculus,hsa05032,215,GABRG2,GABRR3...,589,600,46,17,566,592,612,608
Mus musculus,hsa05032,216,GABRA1,GABRR3...,589,969,46,17,566,960,612,978
Mus musculus,hsa05032,216,GABRA6,GABRR3...,589,969,46,17,566,960,612,978
Mus musculus,hsa05032,216,GABRB1,GABRR3...,589,969,46,17,566,960,612,978
Mus musculus,hsa05032,216,GABRB2,GABRR3...,589,969,46,17,566,960,612,978
Mus musculus,hsa05032,216,GABRB3,GABRR3...,589,969,46,17,566,960,612,978
Mus musculus,hsa05032,216,GABRD,GABRR3...,589,969,46,17,566,960,612,978
Mus musculus,hsa05032,216,GABRG2,GABRR3...,589,969,46,17,566,960,612,978
Mus musculus,hsa05032,217,GABRA1,GABRR3...,1377,1022,46,17,1354,1014,1400,1030
Mus musculus,hsa05032,217,GABRA6,GABRR3...,1377,1022,46,17,1354,1014,1400,1030
Mus musculus,hsa05032,217,GABRB1,GABRR3...,1377,1022,46,17,1354,1014,1400,1030
Mus musculus,hsa05032,217,GABRB2,GABRR3...,1377,1022,46,17,1354,1014,1400,1030
Mus musculus,hsa05032,217,GABRB3,GABRR3...,1377,1022,46,17,1354,1014,1400,1030
Mus musculus,hsa05032,217,GABRD,GABRR3...,1377,1022,46,17,1354,1014,1400,1030
Mus musculus,hsa05032,217,GABRG2,GABRR3...,1377,1022,46,17,1354,1014,1400,1030
Mus musculus,hsa05032,297,GABRA1,GABRR3...,1377,604,46,17,1354,596,1400,612
Mus musculus,hsa05032,297,GABRA6,GABRR3...,1377,604,46,17,1354,596,1400,612
Mus musculus,hsa05032,297,GABRB1,GABRR3...,1377,604,46,17,1354,596,1400,612
Mus musculus,hsa05032,297,GABRB2,GABRR3...,1377,604,46,17,1354,596,1400,612
Mus musculus,hsa05032,297,GABRB3,GABRR3...,1377,604,46,17,1354,596,1400,612
Mus musculus,hsa05032,297,GABRD,GABRR3...,1377,604,46,17,1354,596,1400,612
Mus musculus,hsa05032,297,GABRG2,GABRR3...,1377,604,46,17,1354,596,1400,612
Mus musculus,hsa05032,332,GABBR2,"GABBR1, GABABR1, GABBR1-3, GB1, GPRC3A, NEDLC...",590,315,46,17,567,306,613,324
Mus musculus,hsa05032,335,GABBR2,"GABBR1, GABABR1, GABBR1-3, GB1, GPRC3A, NEDLC...",589,691,46,17,566,682,612,700
Mus musculus,hsa05032,340,GABBR2,"GABBR1, GABABR1, GABBR1-3, GB1, GPRC3A, NEDLC...",1377,706,46,17,1354,698,1400,714
Mus musculus,hsa05032,343,GABBR2,"GABBR1, GABABR1, GABBR1-3, GB1, GPRC3A, NEDLC...",1377,1095,46,17,1354,1086,1400,1104
Mus musculus,hsa05032,346,GABBR2,"GABBR1, GABABR1, GABBR1-3, GB1, GPRC3A, NEDLC...",589,1076,46,17,566,1068,612,1084
Mus musculus,hsa05033,126,GABRA1,GABRR3...,549,567,46,17,526,558,572,576
Mus musculus,hsa05033,126,GABRA6,GABRR3...,549,567,46,17,526,558,572,576
Mus musculus,hsa05033,126,GABRB1,GABRR3...,549,567,46,17,526,558,572,576
Mus musculus,hsa05033,126,GABRB2,GABRR3...,549,567,46,17,526,558,572,576
Mus musculus,hsa05033,126,GABRB3,GABRR3...,549,567,46,17,526,558,572,576
Mus musculus,hsa05033,126,GABRD,GABRR3...,549,567,46,17,526,558,572,576
Mus musculus,hsa05033,126,GABRG2,GABRR3...,549,567,46,17,526,558,572,576
Mus musculus,hsa05033,127,GABRA1,GABRR3...,1188,571,46,17,1165,562,1211,580
Mus musculus,hsa05033,127,GABRA6,GABRR3...,1188,571,46,17,1165,562,1211,580
Mus musculus,hsa05033,127,GABRB1,GABRR3...,1188,571,46,17,1165,562,1211,580
Mus musculus,hsa05033,127,GABRB2,GABRR3...,1188,571,46,17,1165,562,1211,580
Mus musculus,hsa05033,127,GABRB3,GABRR3...,1188,571,46,17,1165,562,1211,580
Mus musculus,hsa05033,127,GABRD,GABRR3...,1188,571,46,17,1165,562,1211,580
Mus musculus,hsa05033,127,GABRG2,GABRR3...,1188,571,46,17,1165,562,1211,580
Mus musculus,hsa05033,164,GRIN1,"GRIN3A, GluN3A, NMDAR-L, NMDAR3A, NR3A...",549,933,46,17,526,924,572,942
Mus musculus,hsa05033,164,GRIN2A,"GRIN3A, GluN3A, NMDAR-L, NMDAR3A, NR3A...",549,933,46,17,526,924,572,942
Mus musculus,hsa05033,164,GRIN2B,"GRIN3A, GluN3A, NMDAR-L, NMDAR3A, NR3A...",549,933,46,17,526,924,572,942
Mus musculus,hsa05033,164,GRIN2D,"GRIN3A, GluN3A, NMDAR-L, NMDAR3A, NR3A...",549,933,46,17,526,924,572,942
Mus musculus,hsa05033,165,GRIA2,"GRIA1, GLUH1, GLUR1, GLURA, GluA1, HBGR1, MRD67, MRT76...",548,1009,46,17,525,1000,571,1018
Mus musculus,hsa05033,165,GRIA3,"GRIA1, GLUH1, GLUR1, GLURA, GluA1, HBGR1, MRD67, MRT76...",548,1009,46,17,525,1000,571,1018
Mus musculus,hsa05033,165,GRIA4,"GRIA1, GLUH1, GLUR1, GLURA, GluA1, HBGR1, MRD67, MRT76...",548,1009,46,17,525,1000,571,1018
Mus musculus,hsa05033,166,GRIA2,"GRIA1, GLUH1, GLUR1, GLURA, GluA1, HBGR1, MRD67, MRT76...",1188,1002,46,17,1165,994,1211,1010
Mus musculus,hsa05033,166,GRIA3,"GRIA1, GLUH1, GLUR1, GLURA, GluA1, HBGR1, MRD67, MRT76...",1188,1002,46,17,1165,994,1211,1010
Mus musculus,hsa05033,166,GRIA4,"GRIA1, GLUH1, GLUR1, GLURA, GluA1, HBGR1, MRD67, MRT76...",1188,1002,46,17,1165,994,1211,1010
Mus musculus,hsa05033,167,GRIN1,"GRIN3A, GluN3A, NMDAR-L, NMDAR3A, NR3A...",1188,923,46,17,1165,914,1211,932
Mus musculus,hsa05033,167,GRIN2A,"GRIN3A, GluN3A, NMDAR-L, NMDAR3A, NR3A...",1188,923,46,17,1165,914,1211,932
Mus musculus,hsa05033,167,GRIN2B,"GRIN3A, GluN3A, NMDAR-L, NMDAR3A, NR3A...",1188,923,46,17,1165,914,1211,932
Mus musculus,hsa05033,167,GRIN2D,"GRIN3A, GluN3A, NMDAR-L, NMDAR3A, NR3A...",1188,923,46,17,1165,914,1211,932
Mus musculus,hsa05034,173,TH,"TH, DYT14, DYT5b, TYH",157,979,46,17,134,970,180,988
Mus musculus,hsa05034,174,DDC,"DDC, AADC",226,979,46,17,203,970,249,988
Mus musculus,hsa05034,175,SLC18A2,"SLC18A1, CGAT, VAT1, VMAT1...",343,1030,46,17,320,1022,366,1038
Mus musculus,hsa05034,176,MAOA,"MAOA, BRNRS, MAO-A...",434,926,46,17,411,918,457,934
Mus musculus,hsa05034,177,SLC6A3,"SLC6A3, DAT, DAT1, PKDYS, PKDYS1",527,995,46,17,504,986,550,1004
Mus musculus,hsa05034,21,SLC18A2,"SLC18A1, CGAT, VAT1, VMAT1...",343,311,46,17,320,302,366,320
Mus musculus,hsa05034,261,GRIN1,"GRIN3A, GluN3A, NMDAR-L, NMDAR3A, NR3A...",645,957,46,17,622,948,668,966
Mus musculus,hsa05034,261,GRIN2A,"GRIN3A, GluN3A, NMDAR-L, NMDAR3A, NR3A...",645,957,46,17,622,948,668,966
Mus musculus,hsa05034,261,GRIN2B,"GRIN3A, GluN3A, NMDAR-L, NMDAR3A, NR3A...",645,957,46,17,622,948,668,966
Mus musculus,hsa05034,261,GRIN2D,"GRIN3A, GluN3A, NMDAR-L, NMDAR3A, NR3A...",645,957,46,17,622,948,668,966
Mus musculus,hsa05034,273,SLC29A1,"SLC29A1, AUG, ENT1, hENT1...",645,701,46,17,622,692,668,710
Mus musculus,hsa05034,273,SLC29A3,"SLC29A1, AUG, ENT1, hENT1...",645,701,46,17,622,692,668,710
Mus musculus,hsa05034,36,SLC18A2,"SLC18A1, CGAT, VAT1, VMAT1...",336,675,46,17,313,666,359,684
Mus musculus,hsa05034,46,SLC6A3,"SLC6A3, DAT, DAT1, PKDYS, PKDYS1",527,260,46,17,504,252,550,268
Mus musculus,hsa05034,47,GRIN1,"GRIN3A, GluN3A, NMDAR-L, NMDAR3A, NR3A...",645,533,46,17,622,524,668,542
Mus musculus,hsa05034,47,GRIN2A,"GRIN3A, GluN3A, NMDAR-L, NMDAR3A, NR3A...",645,533,46,17,622,524,668,542
Mus musculus,hsa05034,47,GRIN2B,"GRIN3A, GluN3A, NMDAR-L, NMDAR3A, NR3A...",645,533,46,17,622,524,668,542
Mus musculus,hsa05034,47,GRIN2D,"GRIN3A, GluN3A, NMDAR-L, NMDAR3A, NR3A...",645,533,46,17,622,524,668,542
Mus musculus,hsa05034,55,MAOA,"MAOA, BRNRS, MAO-A...",434,565,46,17,411,556,457,574
Mus musculus,hsa05034,57,SLC6A3,"SLC6A3, DAT, DAT1, PKDYS, PKDYS1",527,571,46,17,504,562,550,580
Mus musculus,hsa05034,71,TH,"TH, DYT14, DYT5b, TYH",157,621,46,17,134,612,180,630
Mus musculus,hsa05034,72,DDC,"DDC, AADC",226,621,46,17,203,612,249,630
Mus musculus,hsa05034,84,TH,"TH, DYT14, DYT5b, TYH",157,259,46,17,134,250,180,268
Mus musculus,hsa05034,85,DDC,"DDC, AADC",226,259,46,17,203,250,249,268
Mus musculus,hsa05034,88,MAOA,"MAOA, BRNRS, MAO-A...",434,220,46,17,411,212,457,228
Mus musculus,hsa05100,134,PIK3CA,"P3R3URF-PIK3R3, LOC110117498-PIK3R3...",182,335,46,17,159,326,205,344
Mus musculus,hsa05100,134,PIK3CD,"P3R3URF-PIK3R3, LOC110117498-PIK3R3...",182,335,46,17,159,326,205,344
Mus musculus,hsa05100,134,PIK3R1,"P3R3URF-PIK3R3, LOC110117498-PIK3R3...",182,335,46,17,159,326,205,344
Mus musculus,hsa05100,134,PIK3R2,"P3R3URF-PIK3R3, LOC110117498-PIK3R3...",182,335,46,17,159,326,205,344
Mus musculus,hsa05100,138,DNM1,"DNM1, DEE31, DEE31A, DEE31B, DNM, EIEE31...",370,250,46,17,347,242,393,258
Mus musculus,hsa05100,138,DNM2,"DNM1, DEE31, DEE31A, DEE31B, DNM, EIEE31...",370,250,46,17,347,242,393,258
Mus musculus,hsa05100,140,CLTC,"CLTA, LCA...",352,277,46,17,329,268,375,286
Mus musculus,hsa05110,58,ATP6AP1,ATP6V1FP2...,524,116,46,17,501,108,547,124
Mus musculus,hsa05110,58,ATP6V0A2,ATP6V1FP2...,524,116,46,17,501,108,547,124
Mus musculus,hsa05110,58,ATP6V1A,ATP6V1FP2...,524,116,46,17,501,108,547,124
Mus musculus,hsa05110,58,ATP6V1E1,ATP6V1FP2...,524,116,46,17,501,108,547,124
Mus musculus,hsa05110,73,PLCG2,"PLCG1, IDAA, NCKAP3, PLC-II, PLC1, PLC148, PLCgamma1...",404,621,46,17,381,612,427,630
Mus musculus,hsa05120,42,ATP6AP1,ATP6V1FP2...,689,796,46,17,666,788,712,804
Mus musculus,hsa05120,42,ATP6V0A2,ATP6V1FP2...,689,796,46,17,666,788,712,804
Mus musculus,hsa05120,42,ATP6V1A,ATP6V1FP2...,689,796,46,17,666,788,712,804
Mus musculus,hsa05120,42,ATP6V1E1,ATP6V1FP2...,689,796,46,17,666,788,712,804
Mus musculus,hsa05120,60,PLCG2,"PLCG1, IDAA, NCKAP3, PLC-II, PLC1, PLC148, PLCgamma1...",455,157,46,17,432,148,478,166
Mus musculus,hsa05130,548,MYO5A,"MYO1H, CCHS2...",1097,425,46,17,1074,416,1120,434
Mus musculus,hsa05130,595,CYCS,"CYCS, CYC, HCS, THC4",867,1576,46,17,844,1568,890,1584
Mus musculus,hsa05131,1074,PIK3CA,"P3R3URF-PIK3R3, LOC110117498-PIK3R3...",398,625,46,17,375,616,421,634
Mus musculus,hsa05131,1074,PIK3CD,"P3R3URF-PIK3R3, LOC110117498-PIK3R3...",398,625,46,17,375,616,421,634
Mus musculus,hsa05131,1074,PIK3R1,"P3R3URF-PIK3R3, LOC110117498-PIK3R3...",398,625,46,17,375,616,421,634
Mus musculus,hsa05131,1074,PIK3R2,"P3R3URF-PIK3R3, LOC110117498-PIK3R3...",398,625,46,17,375,616,421,634
Mus musculus,hsa05131,1082,ITPR1,"ITPR1, ACV, CLA4, INSP3R1, IP3R, IP3R1, PPP1R94, SCA15, SCA16, SCA29...",722,811,46,17,699,802,745,820
Mus musculus,hsa05131,1082,ITPR2,"ITPR1, ACV, CLA4, INSP3R1, IP3R, IP3R1, PPP1R94, SCA15, SCA16, SCA29...",722,811,46,17,699,802,745,820
Mus musculus,hsa05131,1083,PLCB1,"PLCD3, PLC-delta-3...",458,803,46,17,435,794,481,812
Mus musculus,hsa05131,1083,PLCB3,"PLCD3, PLC-delta-3...",458,803,46,17,435,794,481,812
Mus musculus,hsa05131,1083,PLCB4,"PLCD3, PLC-delta-3...",458,803,46,17,435,794,481,812
Mus musculus,hsa05131,1083,PLCD1,"PLCD3, PLC-delta-3...",458,803,46,17,435,794,481,812
Mus musculus,hsa05131,1083,PLCE1,"PLCD3, PLC-delta-3...",458,803,46,17,435,794,481,812
Mus musculus,hsa05131,1083,PLCG2,"PLCD3, PLC-delta-3...",458,803,46,17,435,794,481,812
Mus musculus,hsa05131,1091,AKT2,"AKT3, MPPH, MPPH2, PKB-GAMMA, PKBG, PRKBG, RAC-PK-gamma, RAC-gamma, STK-2...",734,707,46,17,711,698,757,716
Mus musculus,hsa05131,1132,HK1,"HK1, CNSHA5, HK, HK1-ta, HK1-tb, HK1-tc, HKD, HKI, HMSNR, HXK1, NEDVIBA, NMSR, RP79, hexokinase...",789,933,46,17,766,924,812,942
Mus musculus,hsa05131,1135,CYCS,"CYCS, CYC, HCS, THC4",967,933,46,17,944,924,990,942
Mus musculus,hsa05131,563,RBCK1,"RBCK1, C20orf18, HOIL-1, HOIL1, PBMEI, PGBM1, RBCK2, RNF54, UBCE7IP3, XAP3, XAP4, ZRANB4",572,1388,46,17,549,1380,595,1396
Mus musculus,hsa05131,564,RNF31,"RNF31, HOIP, IMD115, Paul, ZIBRA",572,1405,46,17,549,1396,595,1414
Mus musculus,hsa05131,630,TBK1,"TBK1, AIARV, FTDALS4, IIAE8, NAK, T2K",907,1826,46,17,884,1818,930,1834
Mus musculus,hsa05131,748,ATG5,"ATG5, APG5, APG5-LIKE, APG5L, ASP, SCAR25, hAPG5",734,1947,46,17,711,1938,757,1956
Mus musculus,hsa05131,769,ATG5,"ATG5, APG5, APG5-LIKE, APG5L, ASP, SCAR25, hAPG5",1009,2086,46,17,986,2078,1032,2094
Mus musculus,hsa05132,584,AKT2,"AKT3, MPPH, MPPH2, PKB-GAMMA, PKBG, PRKBG, RAC-PK-gamma, RAC-gamma, STK-2...",505,2176,46,17,482,2168,528,2184
Mus musculus,hsa05132,621,PIK3C2A,"PIK3C2A, CPK, OCSKD, PI3-K-C2(ALPHA), PI3-K-C2A, PI3K-C2-alpha, PI3K-C2alpha...",773,1146,46,17,750,1138,796,1154
Mus musculus,hsa05132,621,PIK3CA,"PIK3C2A, CPK, OCSKD, PI3-K-C2(ALPHA), PI3-K-C2A, PI3K-C2-alpha, PI3K-C2alpha...",773,1146,46,17,750,1138,796,1154
Mus musculus,hsa05132,621,PIK3CD,"PIK3C2A, CPK, OCSKD, PI3-K-C2(ALPHA), PI3-K-C2A, PI3K-C2-alpha, PI3K-C2alpha...",773,1146,46,17,750,1138,796,1154
Mus musculus,hsa05132,632,DNM2,"DNM2, CMT2M, CMTDI1, CMTDIB, DI-CMTB, DYN2, DYNII, LCCS5",1011,1182,46,17,988,1174,1034,1190
Mus musculus,hsa05132,781,AKT2,"AKT3, MPPH, MPPH2, PKB-GAMMA, PKBG, PRKBG, RAC-PK-gamma, RAC-gamma, STK-2...",655,1889,46,17,632,1880,678,1898
Mus musculus,hsa05132,831,CYCS,"CYCS, CYC, HCS, THC4",884,1837,46,17,861,1828,907,1846
Mus musculus,hsa05132,838,TXN2,"TXN2, COXPD29, MT-TRX, MTRX, TRX2, TXN...",728,1763,46,17,705,1754,751,1772
Mus musculus,hsa05132,940,RAB7A,"RAB7B, RAB7...",769,290,46,17,746,282,792,298
Mus musculus,hsa05132,945,DYNC1H1,"DYNLL2, DNCL1B, Dlc2, RSPH22...",920,273,46,17,897,264,943,282
Mus musculus,hsa05132,947,RAB7A,"RAB7B, RAB7...",769,325,46,17,746,316,792,334
Mus musculus,hsa05132,951,KIF5A,"KLC3, KLC2, KLC2L, KLCt, KNS2B...",920,339,46,17,897,330,943,348
Mus musculus,hsa05132,951,KIF5C,"KLC3, KLC2, KLC2L, KLCt, KNS2B...",920,339,46,17,897,330,943,348
Mus musculus,hsa05132,974,RAB7A,"RAB7B, RAB7...",769,208,46,17,746,200,792,216
Mus musculus,hsa05132,975,VPS11,"VPS39, TLP, VAM6, hVam6p...",792,225,46,17,769,216,815,234
Mus musculus,hsa05132,975,VPS33A,"VPS39, TLP, VAM6, hVam6p...",792,225,46,17,769,216,815,234
Mus musculus,hsa05134,119,SAR1B,"SAR1B, ANDD, CMRD, GTBPB, SARA2...",635,320,46,17,612,312,658,328
Mus musculus,hsa05134,130,CYCS,"CYCS, CYC, HCS, THC4",685,416,46,17,662,408,708,424
Mus musculus,hsa05134,169,HSPD1,"HSPD1, CPN60, GROEL, HLD4, HSP-60, HSP60, HSP65, HuCHA60, SPG13",132,407,46,17,109,398,155,416
Mus musculus,hsa05135,228,PIK3CA,"P3R3URF-PIK3R3, LOC110117498-PIK3R3...",498,995,46,17,475,986,521,1004
Mus musculus,hsa05135,228,PIK3CD,"P3R3URF-PIK3R3, LOC110117498-PIK3R3...",498,995,46,17,475,986,521,1004
Mus musculus,hsa05135,228,PIK3R1,"P3R3URF-PIK3R3, LOC110117498-PIK3R3...",498,995,46,17,475,986,521,1004
Mus musculus,hsa05135,228,PIK3R2,"P3R3URF-PIK3R3, LOC110117498-PIK3R3...",498,995,46,17,475,986,521,1004
Mus musculus,hsa05135,229,AKT2,"AKT3, MPPH, MPPH2, PKB-GAMMA, PKBG, PRKBG, RAC-PK-gamma, RAC-gamma, STK-2...",635,995,46,17,612,986,658,1004
Mus musculus,hsa05135,26,PIP5K1C,"PIP5K1C, LCCS3, PIP5K-GAMMA, PIP5K1-gamma, PIP5Kgamma...",983,176,46,17,960,168,1006,184
Mus musculus,hsa05135,263,TBK1,"TBK1, AIARV, FTDALS4, IIAE8, NAK, T2K",690,936,46,17,667,928,713,944
Mus musculus,hsa05142,105,PLCB1,"PLCB1, DEE12, EIEE12, PI-PLC, PLC-154, PLC-I, PLC-beta-1, PLC154, PLCB1A, PLCB1B...",428,615,46,17,405,606,451,624
Mus musculus,hsa05142,105,PLCB3,"PLCB1, DEE12, EIEE12, PI-PLC, PLC-154, PLC-I, PLC-beta-1, PLC154, PLCB1A, PLCB1B...",428,615,46,17,405,606,451,624
Mus musculus,hsa05142,105,PLCB4,"PLCB1, DEE12, EIEE12, PI-PLC, PLC-154, PLC-I, PLC-beta-1, PLC154, PLCB1A, PLCB1B...",428,615,46,17,405,606,451,624
Mus musculus,hsa05142,125,PIK3CA,"P3R3URF-PIK3R3, LOC110117498-PIK3R3...",354,722,46,17,331,714,377,730
Mus musculus,hsa05142,125,PIK3CD,"P3R3URF-PIK3R3, LOC110117498-PIK3R3...",354,722,46,17,331,714,377,730
Mus musculus,hsa05142,125,PIK3R1,"P3R3URF-PIK3R3, LOC110117498-PIK3R3...",354,722,46,17,331,714,377,730
Mus musculus,hsa05142,125,PIK3R2,"P3R3URF-PIK3R3, LOC110117498-PIK3R3...",354,722,46,17,331,714,377,730
Mus musculus,hsa05142,126,AKT2,"AKT3, MPPH, MPPH2, PKB-GAMMA, PKBG, PRKBG, RAC-PK-gamma, RAC-gamma, STK-2...",517,722,46,17,494,714,540,730
Mus musculus,hsa05143,125,APOA1,"APOA1, HPALP2, apo(a)",205,516,46,17,182,508,228,524
Mus musculus,hsa05143,154,PLCB1,"PLCB1, DEE12, EIEE12, PI-PLC, PLC-154, PLC-I, PLC-beta-1, PLC154, PLCB1A, PLCB1B...",1043,685,46,17,1020,676,1066,694
Mus musculus,hsa05143,154,PLCB3,"PLCB1, DEE12, EIEE12, PI-PLC, PLC-154, PLC-I, PLC-beta-1, PLC154, PLCB1A, PLCB1B...",1043,685,46,17,1020,676,1066,694
Mus musculus,hsa05143,154,PLCB4,"PLCB1, DEE12, EIEE12, PI-PLC, PLC-154, PLC-I, PLC-beta-1, PLC154, PLCB1A, PLCB1B...",1043,685,46,17,1020,676,1066,694
Mus musculus,hsa05145,187,LDLR,"LDLR, FH, FHC, FHCL1, LDLCQ2",326,565,46,17,303,556,349,574
Mus musculus,hsa05145,74,CYCS,"CYCS, CYC, HCS, THC4",647,631,46,17,624,622,670,640
Mus musculus,hsa05145,91,PIK3R5,"PIK3R6, C17orf38, HsT41028, p84_PIKAP, p87(PIKAP), p87PIKAP...",478,702,46,17,455,694,501,710
Mus musculus,hsa05145,93,AKT2,"AKT3, MPPH, MPPH2, PKB-GAMMA, PKBG, PRKBG, RAC-PK-gamma, RAC-gamma, STK-2...",662,702,46,17,639,694,685,710
Mus musculus,hsa05146,113,PIK3CA,"P3R3URF-PIK3R3, LOC110117498-PIK3R3...",1318,869,46,17,1295,860,1341,878
Mus musculus,hsa05146,113,PIK3CD,"P3R3URF-PIK3R3, LOC110117498-PIK3R3...",1318,869,46,17,1295,860,1341,878
Mus musculus,hsa05146,113,PIK3R1,"P3R3URF-PIK3R3, LOC110117498-PIK3R3...",1318,869,46,17,1295,860,1341,878
Mus musculus,hsa05146,113,PIK3R2,"P3R3URF-PIK3R3, LOC110117498-PIK3R3...",1318,869,46,17,1295,860,1341,878
Mus musculus,hsa05146,127,ARG1,ARG1...,740,746,46,17,717,738,763,754
Mus musculus,hsa05146,165,PLCB1,"PLCB1, DEE12, EIEE12, PI-PLC, PLC-154, PLC-I, PLC-beta-1, PLC154, PLCB1A, PLCB1B...",138,284,46,17,115,276,161,292
Mus musculus,hsa05146,165,PLCB3,"PLCB1, DEE12, EIEE12, PI-PLC, PLC-154, PLC-I, PLC-beta-1, PLC154, PLCB1A, PLCB1B...",138,284,46,17,115,276,161,292
Mus musculus,hsa05146,165,PLCB4,"PLCB1, DEE12, EIEE12, PI-PLC, PLC-154, PLC-I, PLC-beta-1, PLC154, PLCB1A, PLCB1B...",138,284,46,17,115,276,161,292
Mus musculus,hsa05146,99,RAB7A,"RAB7B, RAB7...",526,612,46,17,503,604,549,620
Mus musculus,hsa05152,141,AKT2,"AKT3, MPPH, MPPH2, PKB-GAMMA, PKBG, PRKBG, RAC-PK-gamma, RAC-gamma, STK-2...",717,171,46,17,694,162,740,180
Mus musculus,hsa05152,145,CYCS,"CYCS, CYC, HCS, THC4",1010,154,46,17,987,146,1033,162
Mus musculus,hsa05152,270,HSPD1,"HSPD1, CPN60, GROEL, HLD4, HSP-60, HSP60, HSP65, HuCHA60, SPG13",241,670,46,17,218,662,264,678
Mus musculus,hsa05152,271,HSPA9,"HSPA9, CRP40, CSA, EVPLS, GRP-75, GRP75, HEL-S-124m, HSPA9B, MOT, MOT2, MTHSP75, PBP74, SAAN, SIDBA4",240,630,46,17,217,622,263,638
Mus musculus,hsa05152,55,ATP6AP1,"TCIRG1, ATP6N1C, ATP6V0A3, Atp6i, OC-116kDa, OC116, OPTB1, Stv1, TIRC7, Vph1, a3...",1135,963,46,17,1112,954,1158,972
Mus musculus,hsa05152,55,ATP6V0A2,"TCIRG1, ATP6N1C, ATP6V0A3, Atp6i, OC-116kDa, OC116, OPTB1, Stv1, TIRC7, Vph1, a3...",1135,963,46,17,1112,954,1158,972
Mus musculus,hsa05152,60,LAMP2,"LAMP1, CD107a, LAMPA, LGP120...",1135,983,46,17,1112,974,1158,992
Mus musculus,hsa05152,61,RAB7A,"RAB7A, CMT2B, PRO2706, RAB7",1047,963,46,17,1024,954,1070,972
Mus musculus,hsa05152,63,CTSD,"CTSD, CLN10, CPSD, HEL-S-130P",1135,943,46,17,1112,934,1158,952
Mus musculus,hsa05160,114,PIK3CA,"P3R3URF-PIK3R3, LOC110117498-PIK3R3...",311,857,46,17,288,848,334,866
Mus musculus,hsa05160,114,PIK3CD,"P3R3URF-PIK3R3, LOC110117498-PIK3R3...",311,857,46,17,288,848,334,866
Mus musculus,hsa05160,114,PIK3R1,"P3R3URF-PIK3R3, LOC110117498-PIK3R3...",311,857,46,17,288,848,334,866
Mus musculus,hsa05160,114,PIK3R2,"P3R3URF-PIK3R3, LOC110117498-PIK3R3...",311,857,46,17,288,848,334,866
Mus musculus,hsa05160,115,AKT2,"AKT3, MPPH, MPPH2, PKB-GAMMA, PKBG, PRKBG, RAC-PK-gamma, RAC-gamma, STK-2...",475,857,46,17,452,848,498,866
Mus musculus,hsa05160,156,LDLR,"LDLR, FH, FHC, FHCL1, LDLCQ2",177,145,46,17,154,136,200,154
Mus musculus,hsa05160,221,OAS1,"OAS1, E18/E16, IFI-4, IMD100, OIAS, OIASI...",1060,690,46,17,1037,682,1083,698
Mus musculus,hsa05160,24,TBK1,"TBK1, AIARV, FTDALS4, IIAE8, NAK, T2K",673,367,46,17,650,358,696,376
Mus musculus,hsa05160,286,CYCS,"CYCS, CYC, HCS, THC4",558,1106,46,17,535,1098,581,1114
Mus musculus,hsa05160,51,STAT2,"STAT1, CANDF7, IMD31A, IMD31B, IMD31C, ISGF-3, STAT91...",434,714,46,17,411,706,457,722
Mus musculus,hsa05160,69,SCARB1,"SCARB1, CD36L1, CLA-1, CLA1, HDLCQ6, HDLQTL6, SR-BI, SRB1",177,169,46,17,154,160,200,178
Mus musculus,hsa05160,90,OAS1,"OAS1, E18/E16, IFI-4, IMD100, OIAS, OIASI...",590,288,46,17,567,280,613,296
Mus musculus,hsa05161,12,CYCS,"CYCS, CYC, HCS, THC4",614,790,46,17,591,782,637,798
Mus musculus,hsa05161,128,SLC10A1,"SLC10A1, FHCA2, NTCP",271,168,46,17,248,160,294,176
Mus musculus,hsa05161,160,TBK1,"TBK1, AIARV, FTDALS4, IIAE8, NAK, T2K",959,1523,46,17,936,1514,982,1532
Mus musculus,hsa05161,173,IFIH1,"IFIH1, AGS7, Hlcd, IDDM19, IMD95, MDA-5, MDA5, RLR-2, SGMRT1",491,1571,46,17,468,1562,514,1580
Mus musculus,hsa05161,180,STAT2,"STAT2, IMD44, ISGF-3, P113, PTORCH3, STAT113",880,1612,46,17,857,1604,903,1620
Mus musculus,hsa05161,384,STAT2,"STAT1, CANDF7, IMD31A, IMD31B, IMD31C, ISGF-3, STAT91...",714,933,46,17,691,924,737,942
Mus musculus,hsa05161,68,ATP6AP1,"ATP6AP1, 16A, ATP6IP1, ATP6S1, Ac45, CF2, VATPS1, XAP-3, XAP3",981,847,46,17,958,838,1004,856
Mus musculus,hsa05161,73,PIK3CA,"P3R3URF-PIK3R3, LOC110117498-PIK3R3...",485,627,46,17,462,618,508,636
Mus musculus,hsa05161,73,PIK3CD,"P3R3URF-PIK3R3, LOC110117498-PIK3R3...",485,627,46,17,462,618,508,636
Mus musculus,hsa05161,73,PIK3R1,"P3R3URF-PIK3R3, LOC110117498-PIK3R3...",485,627,46,17,462,618,508,636
Mus musculus,hsa05161,73,PIK3R2,"P3R3URF-PIK3R3, LOC110117498-PIK3R3...",485,627,46,17,462,618,508,636
Mus musculus,hsa05161,74,AKT2,"AKT3, MPPH, MPPH2, PKB-GAMMA, PKBG, PRKBG, RAC-PK-gamma, RAC-gamma, STK-2...",660,626,46,17,637,618,683,634
Mus musculus,hsa05162,122,PIK3CA,"P3R3URF-PIK3R3, LOC110117498-PIK3R3...",386,1477,46,17,363,1468,409,1486
Mus musculus,hsa05162,122,PIK3CD,"P3R3URF-PIK3R3, LOC110117498-PIK3R3...",386,1477,46,17,363,1468,409,1486
Mus musculus,hsa05162,122,PIK3R1,"P3R3URF-PIK3R3, LOC110117498-PIK3R3...",386,1477,46,17,363,1468,409,1486
Mus musculus,hsa05162,122,PIK3R2,"P3R3URF-PIK3R3, LOC110117498-PIK3R3...",386,1477,46,17,363,1468,409,1486
Mus musculus,hsa05162,123,AKT2,"AKT3, MPPH, MPPH2, PKB-GAMMA, PKBG, PRKBG, RAC-PK-gamma, RAC-gamma, STK-2...",485,1477,46,17,462,1468,508,1486
Mus musculus,hsa05162,236,ADAR,"ADAR, ADAR1, AGS6, DRADA, DSH, DSRAD, G1P1, IFI-4, IFI4, K88DSRBP, P136",1016,679,46,17,993,670,1039,688
Mus musculus,hsa05162,240,TBK1,"TBK1, AIARV, FTDALS4, IIAE8, NAK, T2K",683,336,46,17,660,328,706,344
Mus musculus,hsa05162,316,CYCS,"CYCS, CYC, HCS, THC4",753,1101,46,17,730,1092,776,1110
Mus musculus,hsa05162,71,IFIH1,"IFIH1, AGS7, Hlcd, IDDM19, IMD95, MDA-5, MDA5, RLR-2, SGMRT1",461,345,46,17,438,336,484,354
Mus musculus,hsa05162,80,STAT2,"STAT1, CANDF7, IMD31A, IMD31B, IMD31C, ISGF-3, STAT91...",487,687,46,17,464,678,510,696
Mus musculus,hsa05162,82,OAS1,"OAS1, E18/E16, IFI-4, IMD100, OIAS, OIASI...",1016,659,46,17,993,650,1039,668
Mus musculus,hsa05163,135,ITPR1,"ITPR1, ACV, CLA4, INSP3R1, IP3R, IP3R1, PPP1R94, SCA15, SCA16, SCA29...",645,559,46,17,622,550,668,568
Mus musculus,hsa05163,135,ITPR2,"ITPR1, ACV, CLA4, INSP3R1, IP3R, IP3R1, PPP1R94, SCA15, SCA16, SCA29...",645,559,46,17,622,550,668,568
Mus musculus,hsa05163,144,PIK3CA,"P3R3URF-PIK3R3, LOC110117498-PIK3R3...",503,498,46,17,480,490,526,506
Mus musculus,hsa05163,144,PIK3CD,"P3R3URF-PIK3R3, LOC110117498-PIK3R3...",503,498,46,17,480,490,526,506
Mus musculus,hsa05163,144,PIK3R1,"P3R3URF-PIK3R3, LOC110117498-PIK3R3...",503,498,46,17,480,490,526,506
Mus musculus,hsa05163,144,PIK3R2,"P3R3URF-PIK3R3, LOC110117498-PIK3R3...",503,498,46,17,480,490,526,506
Mus musculus,hsa05163,147,PLCB1,"PLCB1, DEE12, EIEE12, PI-PLC, PLC-154, PLC-I, PLC-beta-1, PLC154, PLCB1A, PLCB1B...",503,548,46,17,480,540,526,556
Mus musculus,hsa05163,147,PLCB3,"PLCB1, DEE12, EIEE12, PI-PLC, PLC-154, PLC-I, PLC-beta-1, PLC154, PLCB1A, PLCB1B...",503,548,46,17,480,540,526,556
Mus musculus,hsa05163,147,PLCB4,"PLCB1, DEE12, EIEE12, PI-PLC, PLC-154, PLC-I, PLC-beta-1, PLC154, PLCB1A, PLCB1B...",503,548,46,17,480,540,526,556
Mus musculus,hsa05163,17,AKT2,"AKT3, MPPH, MPPH2, PKB-GAMMA, PKBG, PRKBG, RAC-PK-gamma, RAC-gamma, STK-2...",649,169,46,17,626,160,672,178
Mus musculus,hsa05163,18,PIK3CA,"P3R3URF-PIK3R3, LOC110117498-PIK3R3...",501,169,46,17,478,160,524,178
Mus musculus,hsa05163,18,PIK3CD,"P3R3URF-PIK3R3, LOC110117498-PIK3R3...",501,169,46,17,478,160,524,178
Mus musculus,hsa05163,18,PIK3R1,"P3R3URF-PIK3R3, LOC110117498-PIK3R3...",501,169,46,17,478,160,524,178
Mus musculus,hsa05163,18,PIK3R2,"P3R3URF-PIK3R3, LOC110117498-PIK3R3...",501,169,46,17,478,160,524,178
Mus musculus,hsa05163,227,PIK3CA,"P3R3URF-PIK3R3, LOC110117498-PIK3R3...",503,746,46,17,480,738,526,754
Mus musculus,hsa05163,227,PIK3CD,"P3R3URF-PIK3R3, LOC110117498-PIK3R3...",503,746,46,17,480,738,526,754
Mus musculus,hsa05163,227,PIK3R1,"P3R3URF-PIK3R3, LOC110117498-PIK3R3...",503,746,46,17,480,738,526,754
Mus musculus,hsa05163,227,PIK3R2,"P3R3URF-PIK3R3, LOC110117498-PIK3R3...",503,746,46,17,480,738,526,754
Mus musculus,hsa05163,228,AKT2,"AKT3, MPPH, MPPH2, PKB-GAMMA, PKBG, PRKBG, RAC-PK-gamma, RAC-gamma, STK-2...",645,746,46,17,622,738,668,754
Mus musculus,hsa05163,283,PLCB1,"PLCB1, DEE12, EIEE12, PI-PLC, PLC-154, PLC-I, PLC-beta-1, PLC154, PLCB1A, PLCB1B...",503,1009,46,17,480,1000,526,1018
Mus musculus,hsa05163,283,PLCB3,"PLCB1, DEE12, EIEE12, PI-PLC, PLC-154, PLC-I, PLC-beta-1, PLC154, PLCB1A, PLCB1B...",503,1009,46,17,480,1000,526,1018
Mus musculus,hsa05163,283,PLCB4,"PLCB1, DEE12, EIEE12, PI-PLC, PLC-154, PLC-I, PLC-beta-1, PLC154, PLCB1A, PLCB1B...",503,1009,46,17,480,1000,526,1018
Mus musculus,hsa05163,305,PLCB1,"PLCB1, DEE12, EIEE12, PI-PLC, PLC-154, PLC-I, PLC-beta-1, PLC154, PLCB1A, PLCB1B...",503,860,46,17,480,852,526,868
Mus musculus,hsa05163,305,PLCB3,"PLCB1, DEE12, EIEE12, PI-PLC, PLC-154, PLC-I, PLC-beta-1, PLC154, PLCB1A, PLCB1B...",503,860,46,17,480,852,526,868
Mus musculus,hsa05163,305,PLCB4,"PLCB1, DEE12, EIEE12, PI-PLC, PLC-154, PLC-I, PLC-beta-1, PLC154, PLCB1A, PLCB1B...",503,860,46,17,480,852,526,868
Mus musculus,hsa05163,395,ITPR1,"ITPR1, ACV, CLA4, INSP3R1, IP3R, IP3R1, PPP1R94, SCA15, SCA16, SCA29...",645,1019,46,17,622,1010,668,1028
Mus musculus,hsa05163,395,ITPR2,"ITPR1, ACV, CLA4, INSP3R1, IP3R, IP3R1, PPP1R94, SCA15, SCA16, SCA29...",645,1019,46,17,622,1010,668,1028
Mus musculus,hsa05163,416,TBK1,"TBK1, AIARV, FTDALS4, IIAE8, NAK, T2K",849,358,46,17,826,350,872,366
Mus musculus,hsa05163,86,AKT2,"AKT3, MPPH, MPPH2, PKB-GAMMA, PKBG, PRKBG, RAC-PK-gamma, RAC-gamma, STK-2...",645,498,46,17,622,490,668,506
Mus musculus,hsa05163,97,CYCS,"CYCS, CYC, HCS, THC4",777,1450,46,17,754,1442,800,1458
Mus musculus,hsa05164,114,OAS1,"OAS1, E18/E16, IFI-4, IMD100, OIAS, OIASI...",416,395,46,17,393,386,439,404
Mus musculus,hsa05164,122,SLC25A4,"SLC25A4, AAC1, ANT, ANT_1, ANT1, MTDPS12, MTDPS12A, PEO2, PEO3, PEOA2, T1...",573,1106,46,17,550,1098,596,1114
Mus musculus,hsa05164,155,FDPS,"FDPS, FPPS, FPS, POROK9",267,1234,46,17,244,1226,290,1242
Mus musculus,hsa05164,25,IFIH1,"IFIH1, AGS7, Hlcd, IDDM19, IMD95, MDA-5, MDA5, RLR-2, SGMRT1",406,610,46,17,383,602,429,618
Mus musculus,hsa05164,320,CYCS,"CYCS, CYC, HCS, THC4",630,1119,46,17,607,1110,653,1128
Mus musculus,hsa05164,37,TBK1,"TBK1, AIARV, FTDALS4, IIAE8, NAK, T2K",688,671,46,17,665,662,711,680
Mus musculus,hsa05164,51,PIK3CA,"P3R3URF-PIK3R3, LOC110117498-PIK3R3...",382,1010,46,17,359,1002,405,1018
Mus musculus,hsa05164,51,PIK3CD,"P3R3URF-PIK3R3, LOC110117498-PIK3R3...",382,1010,46,17,359,1002,405,1018
Mus musculus,hsa05164,51,PIK3R1,"P3R3URF-PIK3R3, LOC110117498-PIK3R3...",382,1010,46,17,359,1002,405,1018
Mus musculus,hsa05164,51,PIK3R2,"P3R3URF-PIK3R3, LOC110117498-PIK3R3...",382,1010,46,17,359,1002,405,1018
Mus musculus,hsa05164,52,AKT2,"AKT3, MPPH, MPPH2, PKB-GAMMA, PKBG, PRKBG, RAC-PK-gamma, RAC-gamma, STK-2...",497,1010,46,17,474,1002,520,1018
Mus musculus,hsa05164,74,STAT2,"STAT1, CANDF7, IMD31A, IMD31B, IMD31C, ISGF-3, STAT91...",639,867,46,17,616,858,662,876
Mus musculus,hsa05164,77,OAS1,"OAS1, E18/E16, IFI-4, IMD100, OIAS, OIASI...",1045,846,46,17,1022,838,1068,854
Mus musculus,hsa05164,78,ADAR,"ADAR, ADAR1, AGS6, DRADA, DSH, DSRAD, G1P1, IFI-4, IFI4, K88DSRBP, P136",1045,865,46,17,1022,856,1068,874
Mus musculus,hsa05165,11,AKT2,"AKT3, MPPH, MPPH2, PKB-GAMMA, PKBG, PRKBG, RAC-PK-gamma, RAC-gamma, STK-2...",603,628,46,17,580,620,626,636
Mus musculus,hsa05165,12,PIK3CA,"P3R3URF-PIK3R3, LOC110117498-PIK3R3...",407,628,46,17,384,620,430,636
Mus musculus,hsa05165,12,PIK3CD,"P3R3URF-PIK3R3, LOC110117498-PIK3R3...",407,628,46,17,384,620,430,636
Mus musculus,hsa05165,12,PIK3R1,"P3R3URF-PIK3R3, LOC110117498-PIK3R3...",407,628,46,17,384,620,430,636
Mus musculus,hsa05165,12,PIK3R2,"P3R3URF-PIK3R3, LOC110117498-PIK3R3...",407,628,46,17,384,620,430,636
Mus musculus,hsa05165,181,TBK1,"TBK1, FTDALS4, IIAE8, NAK, T2K",889,336,46,17,866,328,912,344
Mus musculus,hsa05165,206,LFNG,"LFNG, SCDO3...",511,1074,46,17,488,1066,534,1082
Mus musculus,hsa05165,219,STAT2,"STAT2, IMD44, ISGF-3, P113, PTORCH3, STAT113",639,999,46,17,616,990,662,1008
Mus musculus,hsa05165,230,STAT2,"STAT2, IMD44, ISGF-3, P113, PTORCH3, STAT113",938,1008,46,17,915,1000,961,1016
Mus musculus,hsa05165,250,BCAP31,"BCAP31, 6C6-AG, BAP31, CDM, DDCH, DELXQ28, DXS1357E, MICRODELXq28",565,710,46,17,542,702,588,718
Mus musculus,hsa05165,252,ATP6AP1,ATP6V1FP2...,487,786,46,17,464,778,510,794
Mus musculus,hsa05165,252,ATP6V0A2,ATP6V1FP2...,487,786,46,17,464,778,510,794
Mus musculus,hsa05165,252,ATP6V1A,ATP6V1FP2...,487,786,46,17,464,778,510,794
Mus musculus,hsa05165,252,ATP6V1E1,ATP6V1FP2...,487,786,46,17,464,778,510,794
Mus musculus,hsa05165,294,PTEN,"PTEN, 10q23del, BZS, CWS1, DEC, GLM2, MHAM, MMAC1, PTEN1, PTENbeta, TEP1",547,576,46,17,524,568,570,584
Mus musculus,hsa05165,98,PTEN,"PTEN, 10q23del, BZS, CWS1, DEC, GLM2, MHAM, MMAC1, PTEN1, PTENbeta, TEP1",378,258,46,17,355,250,401,266
Mus musculus,hsa05166,101,SLC25A4,"SLC25A4, AAC1, ANT, ANT_1, ANT1, MTDPS12, MTDPS12A, PEO2, PEO3, PEOA2, T1...",695,612,46,17,672,604,718,620
Mus musculus,hsa05166,147,VAC14,"VAC14, ArPIKfyve, TAX1BP2, TRX",455,567,46,17,432,558,478,576
Mus musculus,hsa05166,203,PIK3CA,"P3R3URF-PIK3R3, LOC110117498-PIK3R3...",440,750,46,17,417,742,463,758
Mus musculus,hsa05166,203,PIK3CD,"P3R3URF-PIK3R3, LOC110117498-PIK3R3...",440,750,46,17,417,742,463,758
Mus musculus,hsa05166,203,PIK3R1,"P3R3URF-PIK3R3, LOC110117498-PIK3R3...",440,750,46,17,417,742,463,758
Mus musculus,hsa05166,203,PIK3R2,"P3R3URF-PIK3R3, LOC110117498-PIK3R3...",440,750,46,17,417,742,463,758
Mus musculus,hsa05166,205,AKT2,"AKT3, MPPH, MPPH2, PKB-GAMMA, PKBG, PRKBG, RAC-PK-gamma, RAC-gamma, STK-2...",650,750,46,17,627,742,673,758
Mus musculus,hsa05166,33,SLC2A1,"SLC2A1, CSE, DYT17, DYT18, DYT9, EIG12, GLUT, GLUT-1, GLUT1, GLUT1DS, HTLVR, PED, SDCHCN",290,125,46,17,267,116,313,134
Mus musculus,hsa05166,392,PTEN,"PTEN, 10q23del, BZS, CWS1, DEC, GLM2, MHAM, MMAC1, PTEN1, PTENbeta, PTENgama, TEP1",519,773,46,17,496,764,542,782
Mus musculus,hsa05166,93,FDPS,"FDPS, FPPS, FPS, POROK9",643,530,46,17,620,522,666,538
Mus musculus,hsa05167,110,STAT2,"STAT2, IMD44, ISGF-3, P113, PTORCH3, STAT113",933,317,46,17,910,308,956,326
Mus musculus,hsa05167,17,TBK1,"TBK1, AIARV, FTDALS4, IIAE8, NAK, T2K",757,178,46,17,734,170,780,186
Mus musculus,hsa05167,19,AKT2,"AKT3, MPPH, MPPH2, PKB-GAMMA, PKBG, PRKBG, RAC-PK-gamma, RAC-gamma, STK-2...",755,800,46,17,732,792,778,808
Mus musculus,hsa05167,263,ITPR1,"ITPR1, ACV, CLA4, INSP3R1, IP3R, IP3R1, PPP1R94, SCA15, SCA16, SCA29...",731,965,46,17,708,956,754,974
Mus musculus,hsa05167,263,ITPR2,"ITPR1, ACV, CLA4, INSP3R1, IP3R, IP3R1, PPP1R94, SCA15, SCA16, SCA29...",731,965,46,17,708,956,754,974
Mus musculus,hsa05167,282,PLCG2,"PLCG2, APLAID, FCAS3, PLC-IV, PLC-gamma-2",598,949,46,17,575,940,621,958
Mus musculus,hsa05167,362,PIK3R5,"PIK3R6, C17orf38, HsT41028, p84_PIKAP, p87(PIKAP), p87PIKAP...",582,788,46,17,559,780,605,796
Mus musculus,hsa05167,58,PIK3CA,"P3R3URF-PIK3R3, LOC110117498-PIK3R3...",582,810,46,17,559,802,605,818
Mus musculus,hsa05167,58,PIK3CD,"P3R3URF-PIK3R3, LOC110117498-PIK3R3...",582,810,46,17,559,802,605,818
Mus musculus,hsa05167,58,PIK3R1,"P3R3URF-PIK3R3, LOC110117498-PIK3R3...",582,810,46,17,559,802,605,818
Mus musculus,hsa05167,58,PIK3R2,"P3R3URF-PIK3R3, LOC110117498-PIK3R3...",582,810,46,17,559,802,605,818
Mus musculus,hsa05167,67,CYCS,"CYCS, CYC, HCS, THC4",814,440,46,17,791,432,837,448
Mus musculus,hsa05168,102,OAS1,"OAS1, E18/E16, IFI-4, IMD100, OIAS, OIASI...",481,721,46,17,458,712,504,730
Mus musculus,hsa05168,121,STAT2,"STAT1, CANDF7, IMD31A, IMD31B, IMD31C, ISGF-3, STAT91...",498,830,46,17,475,822,521,838
Mus musculus,hsa05168,215,TBK1,"TBK1, AIARV, FTDALS4, IIAE8, NAK, T2K",669,586,46,17,646,578,692,594
Mus musculus,hsa05168,272,AKT2,"AKT3, MPPH, MPPH2, PKB-GAMMA, PKBG, PRKBG, RAC-PK-gamma, RAC-gamma, STK-2...",503,1161,46,17,480,1152,526,1170
Mus musculus,hsa05168,286,PIK3CA,"P3R3URF-PIK3R3, LOC110117498-PIK3R3...",374,1161,46,17,351,1152,397,1170
Mus musculus,hsa05168,286,PIK3CD,"P3R3URF-PIK3R3, LOC110117498-PIK3R3...",374,1161,46,17,351,1152,397,1170
Mus musculus,hsa05168,286,PIK3R1,"P3R3URF-PIK3R3, LOC110117498-PIK3R3...",374,1161,46,17,351,1152,397,1170
Mus musculus,hsa05168,286,PIK3R2,"P3R3URF-PIK3R3, LOC110117498-PIK3R3...",374,1161,46,17,351,1152,397,1170
Mus musculus,hsa05168,331,OAS1,"OAS1, E18/E16, IFI-4, IMD100, OIAS, OIASI...",1228,848,46,17,1205,840,1251,856
Mus musculus,hsa05168,337,CYCS,"CYCS, CYC, HCS, THC4",803,1346,46,17,780,1338,826,1354
Mus musculus,hsa05168,69,HCFC1,"HCFC2, HCF-2, HCF2...",1014,666,46,17,991,658,1037,674
Mus musculus,hsa05168,73,TBK1,"TBK1, AIARV, FTDALS4, IIAE8, NAK, T2K",648,512,46,17,625,504,671,520
Mus musculus,hsa05168,76,IFIH1,"IFIH1, AGS7, Hlcd, IDDM19, IMD95, MDA-5, MDA5, RLR-2, SGMRT1",381,514,46,17,358,506,404,522
Mus musculus,hsa05169,101,PLCG2,"PLCG2, APLAID, FCAS3, PLC-IV, PLC-gamma-2",582,1425,46,17,559,1416,605,1434
Mus musculus,hsa05169,108,TBK1,"TBK1, AIARV, FTDALS4, IIAE8, NAK, T2K",667,333,46,17,644,324,690,342
Mus musculus,hsa05169,233,PIK3CA,"P3R3URF-PIK3R3, LOC110117498-PIK3R3...",490,1325,46,17,467,1316,513,1334
Mus musculus,hsa05169,233,PIK3CD,"P3R3URF-PIK3R3, LOC110117498-PIK3R3...",490,1325,46,17,467,1316,513,1334
Mus musculus,hsa05169,233,PIK3R1,"P3R3URF-PIK3R3, LOC110117498-PIK3R3...",490,1325,46,17,467,1316,513,1334
Mus musculus,hsa05169,233,PIK3R2,"P3R3URF-PIK3R3, LOC110117498-PIK3R3...",490,1325,46,17,467,1316,513,1334
Mus musculus,hsa05169,234,AKT2,"AKT3, MPPH, MPPH2, PKB-GAMMA, PKBG, PRKBG, RAC-PK-gamma, RAC-gamma, STK-2...",679,1305,46,17,656,1296,702,1314
Mus musculus,hsa05169,278,STAT2,"STAT2, IMD44, ISGF-3, P113, PTORCH3, STAT113",667,614,46,17,644,606,690,622
Mus musculus,hsa05169,299,OAS1,"OAS1, E18/E16, IFI-4, IMD100, OIAS, OIASI...",1027,595,46,17,1004,586,1050,604
Mus musculus,hsa05169,342,CYCS,"CYCS, CYC, HCS, THC4",672,524,46,17,649,516,695,532
Mus musculus,hsa05169,63,ENTPD1,"ENTPD8, E-NTPDase, GLSR2492, NTPDase-8, UNQ2492...",1054,1037,46,17,1031,1028,1077,1046
Mus musculus,hsa05169,83,PIK3CA,"P3R3URF-PIK3R3, LOC110117498-PIK3R3...",491,946,46,17,468,938,514,954
Mus musculus,hsa05169,83,PIK3CD,"P3R3URF-PIK3R3, LOC110117498-PIK3R3...",491,946,46,17,468,938,514,954
Mus musculus,hsa05169,83,PIK3R1,"P3R3URF-PIK3R3, LOC110117498-PIK3R3...",491,946,46,17,468,938,514,954
Mus musculus,hsa05169,83,PIK3R2,"P3R3URF-PIK3R3, LOC110117498-PIK3R3...",491,946,46,17,468,938,514,954
Mus musculus,hsa05169,84,AKT2,"AKT3, MPPH, MPPH2, PKB-GAMMA, PKBG, PRKBG, RAC-PK-gamma, RAC-gamma, STK-2...",679,946,46,17,656,938,702,954
Mus musculus,hsa05170,10,PIK3CA,"P3R3URF-PIK3R3, LOC110117498-PIK3R3...",503,299,46,17,480,290,526,308
Mus musculus,hsa05170,10,PIK3CD,"P3R3URF-PIK3R3, LOC110117498-PIK3R3...",503,299,46,17,480,290,526,308
Mus musculus,hsa05170,10,PIK3R1,"P3R3URF-PIK3R3, LOC110117498-PIK3R3...",503,299,46,17,480,290,526,308
Mus musculus,hsa05170,10,PIK3R2,"P3R3URF-PIK3R3, LOC110117498-PIK3R3...",503,299,46,17,480,290,526,308
Mus musculus,hsa05170,117,ITPR1,"ITPR1, ACV, CLA4, INSP3R1, IP3R, IP3R1, PPP1R94, SCA15, SCA16, SCA29...",645,482,46,17,622,474,668,490
Mus musculus,hsa05170,117,ITPR2,"ITPR1, ACV, CLA4, INSP3R1, IP3R, IP3R1, PPP1R94, SCA15, SCA16, SCA29...",645,482,46,17,622,474,668,490
Mus musculus,hsa05170,121,TBK1,"TBK1, AIARV, FTDALS4, IIAE8, NAK, T2K",848,823,46,17,825,814,871,832
Mus musculus,hsa05170,241,PLCG2,"PLCG1, IDAA, NCKAP3, PLC-II, PLC1, PLC148, PLCgamma1...",501,473,46,17,478,464,524,482
Mus musculus,hsa05170,260,SAMHD1,"SAMHD1, CHBL2, DCIP, HDDC1, MOP-5, SBBI88, hSAMHD1",1248,836,46,17,1225,828,1271,844
Mus musculus,hsa05170,327,AP1B1,"AP1M2, AP1-mu2, HSMU1B, MU-1B, MU1B, mu2...",487,1409,46,17,464,1400,510,1418
Mus musculus,hsa05170,327,AP1S1,"AP1M2, AP1-mu2, HSMU1B, MU-1B, MU1B, mu2...",487,1409,46,17,464,1400,510,1418
Mus musculus,hsa05170,327,AP1S2,"AP1M2, AP1-mu2, HSMU1B, MU-1B, MU1B, mu2...",487,1409,46,17,464,1400,510,1418
Mus musculus,hsa05170,53,CYCS,"CYCS, CYC, HCS, THC4",779,1142,46,17,756,1134,802,1150
Mus musculus,hsa05170,9,AKT2,"AKT3, MPPH, MPPH2, PKB-GAMMA, PKBG, PRKBG, RAC-PK-gamma, RAC-gamma, STK-2...",666,299,46,17,643,290,689,308
Mus musculus,hsa05171,250,IFIH1,"IFIH1, AGS7, Hlcd, IDDM19, IMD95, MDA-5, MDA5, RLR-2, SGMRT1",598,1598,46,17,575,1590,621,1606
Mus musculus,hsa05171,260,OAS1,"OAS1, E18/E16, IFI-4, IMD100, OIAS, OIASI...",1269,1851,46,17,1246,1842,1292,1860
Mus musculus,hsa05171,281,ADAR,"ADAR, ADAR1, AGS6, DRADA, DSH, DSRAD, G1P1, IFI-4, IFI4, K88DSRBP, P136",1217,1852,46,17,1194,1844,1240,1860
Mus musculus,hsa05171,285,TBK1,"TBK1, AIARV, FTDALS4, IIAE8, NAK, T2K",868,1590,46,17,845,1582,891,1598
Mus musculus,hsa05171,350,STAT2,"STAT2, IMD44, ISGF-3, P113, PTORCH3, STAT113",717,1876,46,17,694,1868,740,1884
Mus musculus,hsa05171,375,RPS10,RPS10-NUDT3...,817,864,46,17,794,856,840,872
Mus musculus,hsa05171,375,RPS15A,RPS10-NUDT3...,817,864,46,17,794,856,840,872
Mus musculus,hsa05171,375,RPS17,RPS10-NUDT3...,817,864,46,17,794,856,840,872
Mus musculus,hsa05171,375,RPS19,RPS10-NUDT3...,817,864,46,17,794,856,840,872
Mus musculus,hsa05171,375,RPS20,RPS10-NUDT3...,817,864,46,17,794,856,840,872
Mus musculus,hsa05171,375,RPS23,RPS10-NUDT3...,817,864,46,17,794,856,840,872
Mus musculus,hsa05171,375,RPS24,RPS10-NUDT3...,817,864,46,17,794,856,840,872
Mus musculus,hsa05171,375,RPS26,RPS10-NUDT3...,817,864,46,17,794,856,840,872
Mus musculus,hsa05171,375,RPS27,RPS10-NUDT3...,817,864,46,17,794,856,840,872
Mus musculus,hsa05171,375,RPS28,RPS10-NUDT3...,817,864,46,17,794,856,840,872
Mus musculus,hsa05171,375,RPS29,RPS10-NUDT3...,817,864,46,17,794,856,840,872
Mus musculus,hsa05171,375,RPS7,RPS10-NUDT3...,817,864,46,17,794,856,840,872
Mus musculus,hsa05171,375,RPSA,RPS10-NUDT3...,817,864,46,17,794,856,840,872
Mus musculus,hsa05171,377,RPL10,"RPL17-C18orf32, PD-1, RPL17...",817,881,46,17,794,872,840,890
Mus musculus,hsa05171,377,RPL11,"RPL17-C18orf32, PD-1, RPL17...",817,881,46,17,794,872,840,890
Mus musculus,hsa05171,377,RPL13,"RPL17-C18orf32, PD-1, RPL17...",817,881,46,17,794,872,840,890
Mus musculus,hsa05171,377,RPL15,"RPL17-C18orf32, PD-1, RPL17...",817,881,46,17,794,872,840,890
Mus musculus,hsa05171,377,RPL18,"RPL17-C18orf32, PD-1, RPL17...",817,881,46,17,794,872,840,890
Mus musculus,hsa05171,377,RPL21,"RPL17-C18orf32, PD-1, RPL17...",817,881,46,17,794,872,840,890
Mus musculus,hsa05171,377,RPL26,"RPL17-C18orf32, PD-1, RPL17...",817,881,46,17,794,872,840,890
Mus musculus,hsa05171,377,RPL27,"RPL17-C18orf32, PD-1, RPL17...",817,881,46,17,794,872,840,890
Mus musculus,hsa05171,377,RPL35,"RPL17-C18orf32, PD-1, RPL17...",817,881,46,17,794,872,840,890
Mus musculus,hsa05171,377,RPL35A,"RPL17-C18orf32, PD-1, RPL17...",817,881,46,17,794,872,840,890
Mus musculus,hsa05171,377,RPL5,"RPL17-C18orf32, PD-1, RPL17...",817,881,46,17,794,872,840,890
Mus musculus,hsa05171,636,PIK3CA,"P3R3URF-PIK3R3, LOC110117498-PIK3R3...",614,1230,46,17,591,1222,637,1238
Mus musculus,hsa05171,636,PIK3CD,"P3R3URF-PIK3R3, LOC110117498-PIK3R3...",614,1230,46,17,591,1222,637,1238
Mus musculus,hsa05171,636,PIK3R1,"P3R3URF-PIK3R3, LOC110117498-PIK3R3...",614,1230,46,17,591,1222,637,1238
Mus musculus,hsa05171,636,PIK3R2,"P3R3URF-PIK3R3, LOC110117498-PIK3R3...",614,1230,46,17,591,1222,637,1238
Mus musculus,hsa05171,637,PLCG2,"PLCG1, IDAA, NCKAP3, PLC-II, PLC1, PLC148, PLCgamma1...",614,1252,46,17,591,1244,637,1260
Mus musculus,hsa05171,659,TBK1,"TBK1, AIARV, FTDALS4, IIAE8, NAK, T2K",835,1686,46,17,812,1678,858,1694
Mus musculus,hsa05200,133,PTEN,"PTEN, 10q23del, BZS, CWS1, DEC, GLM2, MHAM, MMAC1, PTEN1, PTENbeta, PTENgama, TEP1",421,623,46,17,398,614,444,632
Mus musculus,hsa05200,135,APPL1,"APPL1, APPL, DIP13alpha, MODY14",279,229,46,17,256,220,302,238
Mus musculus,hsa05200,140,PIK3CA,"P3R3URF-PIK3R3, LOC110117498-PIK3R3...",429,688,46,17,406,680,452,696
Mus musculus,hsa05200,140,PIK3CD,"P3R3URF-PIK3R3, LOC110117498-PIK3R3...",429,688,46,17,406,680,452,696
Mus musculus,hsa05200,140,PIK3R1,"P3R3URF-PIK3R3, LOC110117498-PIK3R3...",429,688,46,17,406,680,452,696
Mus musculus,hsa05200,140,PIK3R2,"P3R3URF-PIK3R3, LOC110117498-PIK3R3...",429,688,46,17,406,680,452,696
Mus musculus,hsa05200,157,AR,"AR, AIS, AR8, DHTR, HUMARA, HYSP1, KD, NR3C4, SBMA, SMAX1, TFM",499,134,46,17,476,126,522,142
Mus musculus,hsa05200,159,AR,"AR, AIS, AR8, DHTR, HUMARA, HYSP1, KD, NR3C4, SBMA, SMAX1, TFM",499,197,46,17,476,188,522,206
Mus musculus,hsa05200,160,AR,"AR, AIS, AR8, DHTR, HUMARA, HYSP1, KD, NR3C4, SBMA, SMAX1, TFM",499,214,46,17,476,206,522,222
Mus musculus,hsa05200,186,PLCG2,"PLCG1, IDAA, NCKAP3, PLC-II, PLC1, PLC148, PLCgamma1...",231,1183,46,17,208,1174,254,1192
Mus musculus,hsa05200,241,FH,"FH, FMRD, HLRCC, HsFH, LRCC, MCL, MCUL1",929,144,46,17,906,136,952,152
Mus musculus,hsa05200,251,CYCS,"CYCS, CYC, HCS, THC4",1311,195,46,17,1288,186,1334,204
Mus musculus,hsa05200,392,SLC2A1,"SLC2A1, CSE, DYT17, DYT18, DYT9, EIG12, GLUT, GLUT-1, GLUT1, GLUT1DS, HTLVR, PED, SDCHCN",1018,366,46,17,995,358,1041,374
Mus musculus,hsa05200,444,AKT2,"AKT3, MPPH, MPPH2, PKB-GAMMA, PKBG, PRKBG, RAC-PK-gamma, RAC-gamma, STK-2...",503,664,46,17,480,656,526,672
Mus musculus,hsa05200,540,LPAR6,"LPAR6, ARWH1, HYPT8, LAH3, LPA-6, P2RY5, P2Y5...",131,451,46,17,108,442,154,460
Mus musculus,hsa05200,572,PLCB1,"PLCB1, DEE12, EIEE12, PI-PLC, PLC-154, PLC-I, PLC-beta-1, PLC154, PLCB1A, PLCB1B...",236,766,46,17,213,758,259,774
Mus musculus,hsa05200,572,PLCB3,"PLCB1, DEE12, EIEE12, PI-PLC, PLC-154, PLC-I, PLC-beta-1, PLC154, PLCB1A, PLCB1B...",236,766,46,17,213,758,259,774
Mus musculus,hsa05200,572,PLCB4,"PLCB1, DEE12, EIEE12, PI-PLC, PLC-154, PLC-I, PLC-beta-1, PLC154, PLCB1A, PLCB1B...",236,766,46,17,213,758,259,774
Mus musculus,hsa05200,609,NFE2L2,"NFE2L2, HEBP1, IMDDHH, NRF2, Nrf-2",1215,241,46,17,1192,232,1238,250
Mus musculus,hsa05200,611,HMOX1,"HMOX1, HMOX1D, HO-1, HSP32, bK286B10",1192,436,46,17,1169,428,1215,444
Mus musculus,hsa05200,614,TXNRD2,"TXNRD2, GCCD5, SELZ, TR, TR-BETA, TR3, TRXR2, TXNR2...",1244,458,46,17,1221,450,1267,466
Mus musculus,hsa05200,647,ESR1,"ESR1, ER, ESR, ESRA, ESTRR, Era, NR3A1...",1221,1184,46,17,1198,1176,1244,1192
Mus musculus,hsa05200,647,ESR2,"ESR1, ER, ESR, ESRA, ESTRR, Era, NR3A1...",1221,1184,46,17,1198,1176,1244,1192
Mus musculus,hsa05200,653,ESR1,"ESR1, ER, ESR, ESRA, ESTRR, Era, NR3A1...",1221,1065,46,17,1198,1056,1244,1074
Mus musculus,hsa05200,653,ESR2,"ESR1, ER, ESR, ESRA, ESTRR, Era, NR3A1...",1221,1065,46,17,1198,1056,1244,1074
Mus musculus,hsa05200,697,STAT2,"STAT2, IMD44, ISGF-3, P113, PTORCH3, STAT113...",548,931,46,17,525,922,571,940
Mus musculus,hsa05202,395,HPGD,"HPGD, 15-PGDH, PGDH, PGDH1, PHOAR1, SDR36C1",913,163,46,17,890,154,936,172
Mus musculus,hsa05202,396,GRIA3,"GRIA3, GLUR-C, GLUR-K3, GLUR3, GLURC, GluA3, MRX94, MRXSW, iGluR3",966,163,46,17,943,154,989,172
Mus musculus,hsa05202,397,FUT8,"FUT8, CDGF, CDGF1",1019,163,46,17,996,154,1042,172
Mus musculus,hsa05203,114,PIK3CA,"P3R3URF-PIK3R3, LOC110117498-PIK3R3...",207,645,46,17,184,636,230,654
Mus musculus,hsa05203,114,PIK3CD,"P3R3URF-PIK3R3, LOC110117498-PIK3R3...",207,645,46,17,184,636,230,654
Mus musculus,hsa05203,114,PIK3R1,"P3R3URF-PIK3R3, LOC110117498-PIK3R3...",207,645,46,17,184,636,230,654
Mus musculus,hsa05203,114,PIK3R2,"P3R3URF-PIK3R3, LOC110117498-PIK3R3...",207,645,46,17,184,636,230,654
Mus musculus,hsa05203,133,VAC14,"VAC14, ArPIKfyve, TAX1BP2, TRX",1532,884,46,17,1509,876,1555,892
Mus musculus,hsa05203,138,PIK3CA,"P3R3URF-PIK3R3, LOC110117498-PIK3R3...",1532,616,46,17,1509,608,1555,624
Mus musculus,hsa05203,138,PIK3CD,"P3R3URF-PIK3R3, LOC110117498-PIK3R3...",1532,616,46,17,1509,608,1555,624
Mus musculus,hsa05203,138,PIK3R1,"P3R3URF-PIK3R3, LOC110117498-PIK3R3...",1532,616,46,17,1509,608,1555,624
Mus musculus,hsa05203,138,PIK3R2,"P3R3URF-PIK3R3, LOC110117498-PIK3R3...",1532,616,46,17,1509,608,1555,624
Mus musculus,hsa05203,407,PIK3CA,"P3R3URF-PIK3R3, LOC110117498-PIK3R3...",1859,864,46,17,1836,856,1882,872
Mus musculus,hsa05203,407,PIK3CD,"P3R3URF-PIK3R3, LOC110117498-PIK3R3...",1859,864,46,17,1836,856,1882,872
Mus musculus,hsa05203,407,PIK3R1,"P3R3URF-PIK3R3, LOC110117498-PIK3R3...",1859,864,46,17,1836,856,1882,872
Mus musculus,hsa05203,407,PIK3R2,"P3R3URF-PIK3R3, LOC110117498-PIK3R3...",1859,864,46,17,1836,856,1882,872
Mus musculus,hsa05203,477,PIK3CA,"P3R3URF-PIK3R3, LOC110117498-PIK3R3...",536,745,46,17,513,736,559,754
Mus musculus,hsa05203,477,PIK3CD,"P3R3URF-PIK3R3, LOC110117498-PIK3R3...",536,745,46,17,513,736,559,754
Mus musculus,hsa05203,477,PIK3R1,"P3R3URF-PIK3R3, LOC110117498-PIK3R3...",536,745,46,17,513,736,559,754
Mus musculus,hsa05203,477,PIK3R2,"P3R3URF-PIK3R3, LOC110117498-PIK3R3...",536,745,46,17,513,736,559,754
Mus musculus,hsa05204,107,AKR1C2,"AKR1C2, AKR1C-pseudo, BABP, DD, DD-2, DD/BABP, DD2, DDH2, HAKRD, HBAB, MCDR2, SRXY8, TDD",145,1375,46,17,122,1366,168,1384
Mus musculus,hsa05204,113,UGT1A1,UGT2B11...,213,1579,46,17,190,1570,236,1588
Mus musculus,hsa05204,74,EPHX1,"EPHX1, EPHX, EPOX, HYL1, MEH",300,482,46,17,277,474,323,490
Mus musculus,hsa05204,78,EPHX1,"EPHX1, EPHX, EPOX, HYL1, MEH",795,527,46,17,772,518,818,536
Mus musculus,hsa05204,99,HSD11B1,"HSD11B1, 11-DH, 11-beta-HSD1, CORTRD2, HDL, HSD11, HSD11B, HSD11L, SDR26C1...",195,1375,46,17,172,1366,218,1384
Mus musculus,hsa05205,162,PIK3CA,"P3R3URF-PIK3R3, LOC110117498-PIK3R3...",1348,359,46,17,1325,350,1371,368
Mus musculus,hsa05205,162,PIK3CD,"P3R3URF-PIK3R3, LOC110117498-PIK3R3...",1348,359,46,17,1325,350,1371,368
Mus musculus,hsa05205,162,PIK3R1,"P3R3URF-PIK3R3, LOC110117498-PIK3R3...",1348,359,46,17,1325,350,1371,368
Mus musculus,hsa05205,162,PIK3R2,"P3R3URF-PIK3R3, LOC110117498-PIK3R3...",1348,359,46,17,1325,350,1371,368
Mus musculus,hsa05205,164,AKT2,"AKT3, MPPH, MPPH2, PKB-GAMMA, PKBG, PRKBG, RAC-PK-gamma, RAC-gamma, STK-2...",1618,359,46,17,1595,350,1641,368
Mus musculus,hsa05205,245,PIK3CA,"P3R3URF-PIK3R3, LOC110117498-PIK3R3...",294,911,46,17,271,902,317,920
Mus musculus,hsa05205,245,PIK3CD,"P3R3URF-PIK3R3, LOC110117498-PIK3R3...",294,911,46,17,271,902,317,920
Mus musculus,hsa05205,245,PIK3R1,"P3R3URF-PIK3R3, LOC110117498-PIK3R3...",294,911,46,17,271,902,317,920
Mus musculus,hsa05205,245,PIK3R2,"P3R3URF-PIK3R3, LOC110117498-PIK3R3...",294,911,46,17,271,902,317,920
Mus musculus,hsa05205,247,AKT2,"AKT3, MPPH, MPPH2, PKB-GAMMA, PKBG, PRKBG, RAC-PK-gamma, RAC-gamma, STK-2...",393,897,46,17,370,888,416,906
Mus musculus,hsa05205,332,PLCG2,"PLCG1, IDAA, NCKAP3, PLC-II, PLC1, PLC148, PLCgamma1...",1260,737,46,17,1237,728,1283,746
Mus musculus,hsa05205,39,PIK3CA,"P3R3URF-PIK3R3, LOC110117498-PIK3R3...",684,445,46,17,661,436,707,454
Mus musculus,hsa05205,39,PIK3CD,"P3R3URF-PIK3R3, LOC110117498-PIK3R3...",684,445,46,17,661,436,707,454
Mus musculus,hsa05205,39,PIK3R1,"P3R3URF-PIK3R3, LOC110117498-PIK3R3...",684,445,46,17,661,436,707,454
Mus musculus,hsa05205,39,PIK3R2,"P3R3URF-PIK3R3, LOC110117498-PIK3R3...",684,445,46,17,661,436,707,454
Mus musculus,hsa05205,41,AKT2,"AKT3, MPPH, MPPH2, PKB-GAMMA, PKBG, PRKBG, RAC-PK-gamma, RAC-gamma, STK-2...",783,444,46,17,760,436,806,452
Mus musculus,hsa05205,50,ITPR1,"ITPR1, ACV, CLA4, INSP3R1, IP3R, IP3R1, PPP1R94, SCA15, SCA16, SCA29...",491,585,46,17,468,576,514,594
Mus musculus,hsa05205,50,ITPR2,"ITPR1, ACV, CLA4, INSP3R1, IP3R, IP3R1, PPP1R94, SCA15, SCA16, SCA29...",491,585,46,17,468,576,514,594
Mus musculus,hsa05205,57,PLCE1,"PLCE1, NPHS3, PLCE, PPLC",491,532,46,17,468,524,514,540
Mus musculus,hsa05205,86,ESR1,"ESR1, ER, ESR, ESRA, ESTRR, Era, NR3A1",491,280,46,17,468,272,514,288
Mus musculus,hsa05206,1250,GLS,"GLS2, GA, GLS, LGA, hLGA...",1559,1147,46,17,1536,1138,1582,1156
Mus musculus,hsa05206,128,PTEN,"PTEN, 10q23del, BZS, CWS1, DEC, GLM2, MHAM, MMAC1, PTEN1, PTENbeta, PTENgama, TEP1",984,445,46,17,961,436,1007,454
Mus musculus,hsa05206,142,PTEN,"PTEN, 10q23del, BZS, CWS1, DEC, GLM2, MHAM, MMAC1, PTEN1, PTENbeta, PTENgama, TEP1",984,194,46,17,961,186,1007,202
Mus musculus,hsa05206,1422,PTEN,"PTEN, 10q23del, BZS, CWS1, DEC, GLM2, MHAM, MMAC1, PTEN1, PTENbeta, PTENgama, TEP1",590,1282,46,17,567,1274,613,1290
Mus musculus,hsa05206,1579,PLCG2,"PLCG1, IDAA, NCKAP3, PLC-II, PLC1, PLC148, PLCgamma1...",1175,1153,46,17,1152,1144,1198,1162
Mus musculus,hsa05206,1623,PLCG2,"PLCG1, IDAA, NCKAP3, PLC-II, PLC1, PLC148, PLCgamma1...",1175,1410,46,17,1152,1402,1198,1418
Mus musculus,hsa05206,1650,PTEN,"PTEN, 10q23del, BZS, CWS1, DEC, GLM2, MHAM, MMAC1, PTEN1, PTENbeta, PTENgama, TEP1",202,239,46,17,179,230,225,248
Mus musculus,hsa05206,25,PTEN,"PTEN, 10q23del, BZS, CWS1, DEC, GLM2, MHAM, MMAC1, PTEN1, PTENbeta, PTENgama, TEP1",202,555,46,17,179,546,225,564
Mus musculus,hsa05206,281,HMOX1,"HMOX1, HMOX1D, HO-1, HSP32, bK286B10",984,723,46,17,961,714,1007,732
Mus musculus,hsa05206,321,HMOX1,"HMOX1, HMOX1D, HO-1, HSP32, bK286B10",1175,710,46,17,1152,702,1198,718
Mus musculus,hsa05206,480,PIK3R1,"P3R3URF-PIK3R3, LOC110117498-PIK3R3...",1560,201,46,17,1537,192,1583,210
Mus musculus,hsa05206,480,PIK3R2,"P3R3URF-PIK3R3, LOC110117498-PIK3R3...",1560,201,46,17,1537,192,1583,210
Mus musculus,hsa05206,494,PIK3CA,"PIK3CA, CCM4, CLAPO, CLOVE, CWS5, HMH, MCAP, MCM, MCMTC, PI3K, PI3K-alpha, p110-alpha...",1560,373,46,17,1537,364,1583,382
Mus musculus,hsa05206,494,PIK3CD,"PIK3CA, CCM4, CLAPO, CLOVE, CWS5, HMH, MCAP, MCM, MCMTC, PI3K, PI3K-alpha, p110-alpha...",1560,373,46,17,1537,364,1583,382
Mus musculus,hsa05206,541,PTEN,"PTEN, 10q23del, BZS, CWS1, DEC, GLM2, MHAM, MMAC1, PTEN1, PTENbeta, PTENgama, TEP1",1371,726,46,17,1348,718,1394,734
Mus musculus,hsa05206,81,PTEN,"PTEN, 10q23del, BZS, CWS1, DEC, GLM2, MHAM, MMAC1, PTEN1, PTENbeta, PTENgama, TEP1",590,684,46,17,567,676,613,692
Mus musculus,hsa05207,133,PIK3CA,"P3R3URF-PIK3R3, LOC110117498-PIK3R3...",468,844,46,17,445,836,491,852
Mus musculus,hsa05207,133,PIK3CD,"P3R3URF-PIK3R3, LOC110117498-PIK3R3...",468,844,46,17,445,836,491,852
Mus musculus,hsa05207,133,PIK3R1,"P3R3URF-PIK3R3, LOC110117498-PIK3R3...",468,844,46,17,445,836,491,852
Mus musculus,hsa05207,133,PIK3R2,"P3R3URF-PIK3R3, LOC110117498-PIK3R3...",468,844,46,17,445,836,491,852
Mus musculus,hsa05207,134,AKT2,"AKT3, MPPH, MPPH2, PKB-GAMMA, PKBG, PRKBG, RAC-PK-gamma, RAC-gamma, STK-2...",616,844,46,17,593,836,639,852
Mus musculus,hsa05207,236,PIK3CA,"P3R3URF-PIK3R3, LOC110117498-PIK3R3...",529,647,46,17,506,638,552,656
Mus musculus,hsa05207,236,PIK3CD,"P3R3URF-PIK3R3, LOC110117498-PIK3R3...",529,647,46,17,506,638,552,656
Mus musculus,hsa05207,236,PIK3R1,"P3R3URF-PIK3R3, LOC110117498-PIK3R3...",529,647,46,17,506,638,552,656
Mus musculus,hsa05207,236,PIK3R2,"P3R3URF-PIK3R3, LOC110117498-PIK3R3...",529,647,46,17,506,638,552,656
Mus musculus,hsa05207,237,AKT2,"AKT3, MPPH, MPPH2, PKB-GAMMA, PKBG, PRKBG, RAC-PK-gamma, RAC-gamma, STK-2...",678,647,46,17,655,638,701,656
Mus musculus,hsa05207,286,PIK3CA,"P3R3URF-PIK3R3, LOC110117498-PIK3R3...",529,291,46,17,506,282,552,300
Mus musculus,hsa05207,286,PIK3CD,"P3R3URF-PIK3R3, LOC110117498-PIK3R3...",529,291,46,17,506,282,552,300
Mus musculus,hsa05207,286,PIK3R1,"P3R3URF-PIK3R3, LOC110117498-PIK3R3...",529,291,46,17,506,282,552,300
Mus musculus,hsa05207,286,PIK3R2,"P3R3URF-PIK3R3, LOC110117498-PIK3R3...",529,291,46,17,506,282,552,300
Mus musculus,hsa05207,287,AKT2,"AKT3, MPPH, MPPH2, PKB-GAMMA, PKBG, PRKBG, RAC-PK-gamma, RAC-gamma, STK-2...",678,291,46,17,655,282,701,300
Mus musculus,hsa05207,317,EPHX1,"EPHX1, EPHX, EPOX, HYL1, MEH...",1086,1266,46,17,1063,1258,1109,1274
Mus musculus,hsa05207,319,UGT1A1,UGT2B11...,1140,1288,46,17,1117,1280,1163,1296
Mus musculus,hsa05207,371,AR,"AR, AIS, AR8, DHTR, HUMARA, HYSP1, KD, NR3C4, SBMA, SMAX1, TFM",755,1106,46,17,732,1098,778,1114
Mus musculus,hsa05207,373,AR,"AR, AIS, AR8, DHTR, HUMARA, HYSP1, KD, NR3C4, SBMA, SMAX1, TFM",947,1106,46,17,924,1098,970,1114
Mus musculus,hsa05207,419,ESR1,"ESR1, ER, ESR, ESRA, ESTRR, Era, NR3A1...",755,1157,46,17,732,1148,778,1166
Mus musculus,hsa05207,419,ESR2,"ESR1, ER, ESR, ESRA, ESTRR, Era, NR3A1...",755,1157,46,17,732,1148,778,1166
Mus musculus,hsa05207,423,ESR1,"ESR1, ER, ESR, ESRA, ESTRR, Era, NR3A1...",947,1157,46,17,924,1148,970,1166
Mus musculus,hsa05207,423,ESR2,"ESR1, ER, ESR, ESRA, ESTRR, Era, NR3A1...",947,1157,46,17,924,1148,970,1166
Mus musculus,hsa05207,469,PIK3CA,"P3R3URF-PIK3R3, LOC110117498-PIK3R3...",468,930,46,17,445,922,491,938
Mus musculus,hsa05207,469,PIK3CD,"P3R3URF-PIK3R3, LOC110117498-PIK3R3...",468,930,46,17,445,922,491,938
Mus musculus,hsa05207,469,PIK3R1,"P3R3URF-PIK3R3, LOC110117498-PIK3R3...",468,930,46,17,445,922,491,938
Mus musculus,hsa05207,469,PIK3R2,"P3R3URF-PIK3R3, LOC110117498-PIK3R3...",468,930,46,17,445,922,491,938
Mus musculus,hsa05207,470,AKT2,"AKT3, MPPH, MPPH2, PKB-GAMMA, PKBG, PRKBG, RAC-PK-gamma, RAC-gamma, STK-2...",616,930,46,17,593,922,639,938
Mus musculus,hsa05207,474,PIK3CA,"P3R3URF-PIK3R3, LOC110117498-PIK3R3...",468,964,46,17,445,956,491,972
Mus musculus,hsa05207,474,PIK3CD,"P3R3URF-PIK3R3, LOC110117498-PIK3R3...",468,964,46,17,445,956,491,972
Mus musculus,hsa05207,474,PIK3R1,"P3R3URF-PIK3R3, LOC110117498-PIK3R3...",468,964,46,17,445,956,491,972
Mus musculus,hsa05207,474,PIK3R2,"P3R3URF-PIK3R3, LOC110117498-PIK3R3...",468,964,46,17,445,956,491,972
Mus musculus,hsa05207,475,AKT2,"AKT3, MPPH, MPPH2, PKB-GAMMA, PKBG, PRKBG, RAC-PK-gamma, RAC-gamma, STK-2...",616,964,46,17,593,956,639,972
Mus musculus,hsa05207,485,PIK3CA,"P3R3URF-PIK3R3, LOC110117498-PIK3R3...",529,579,46,17,506,570,552,588
Mus musculus,hsa05207,485,PIK3CD,"P3R3URF-PIK3R3, LOC110117498-PIK3R3...",529,579,46,17,506,570,552,588
Mus musculus,hsa05207,485,PIK3R1,"P3R3URF-PIK3R3, LOC110117498-PIK3R3...",529,579,46,17,506,570,552,588
Mus musculus,hsa05207,485,PIK3R2,"P3R3URF-PIK3R3, LOC110117498-PIK3R3...",529,579,46,17,506,570,552,588
Mus musculus,hsa05207,486,AKT2,"AKT3, MPPH, MPPH2, PKB-GAMMA, PKBG, PRKBG, RAC-PK-gamma, RAC-gamma, STK-2...",678,579,46,17,655,570,701,588
Mus musculus,hsa05207,51,ESR1,"ESR1, ER, ESR, ESRA, ESTRR, Era, NR3A1...",312,700,46,17,289,692,335,708
Mus musculus,hsa05207,51,ESR2,"ESR1, ER, ESR, ESRA, ESTRR, Era, NR3A1...",312,700,46,17,289,692,335,708
Mus musculus,hsa05207,8,ESR1,"ESR1, ER, ESR, ESRA, ESTRR, Era, NR3A1...",754,647,46,17,731,638,777,656
Mus musculus,hsa05207,8,ESR2,"ESR1, ER, ESR, ESRA, ESTRR, Era, NR3A1...",754,647,46,17,731,638,777,656
Mus musculus,hsa05207,9,ESR1,"ESR1, ER, ESR, ESRA, ESTRR, Era, NR3A1...",967,647,46,17,944,638,990,656
Mus musculus,hsa05207,9,ESR2,"ESR1, ER, ESR, ESRA, ESTRR, Era, NR3A1...",967,647,46,17,944,638,990,656
Mus musculus,hsa05208,369,AKT2,"AKT3, MPPH, MPPH2, PKB-GAMMA, PKBG, PRKBG, RAC-PK-gamma, RAC-gamma, STK-2...",625,1776,46,17,602,1768,648,1784
Mus musculus,hsa05208,370,PIK3CA,"P3R3URF-PIK3R3, LOC110117498-PIK3R3...",379,1776,46,17,356,1768,402,1784
Mus musculus,hsa05208,370,PIK3CD,"P3R3URF-PIK3R3, LOC110117498-PIK3R3...",379,1776,46,17,356,1768,402,1784
Mus musculus,hsa05208,370,PIK3R1,"P3R3URF-PIK3R3, LOC110117498-PIK3R3...",379,1776,46,17,356,1768,402,1784
Mus musculus,hsa05208,370,PIK3R2,"P3R3URF-PIK3R3, LOC110117498-PIK3R3...",379,1776,46,17,356,1768,402,1784
Mus musculus,hsa05208,408,NDUFA1,NDUFC2-KCTD14...,885,298,46,17,862,290,908,306
Mus musculus,hsa05208,408,NDUFA10,NDUFC2-KCTD14...,885,298,46,17,862,290,908,306
Mus musculus,hsa05208,408,NDUFA11,NDUFC2-KCTD14...,885,298,46,17,862,290,908,306
Mus musculus,hsa05208,408,NDUFA12,NDUFC2-KCTD14...,885,298,46,17,862,290,908,306
Mus musculus,hsa05208,408,NDUFA13,NDUFC2-KCTD14...,885,298,46,17,862,290,908,306
Mus musculus,hsa05208,408,NDUFA2,NDUFC2-KCTD14...,885,298,46,17,862,290,908,306
Mus musculus,hsa05208,408,NDUFA4,NDUFC2-KCTD14...,885,298,46,17,862,290,908,306
Mus musculus,hsa05208,408,NDUFA6,NDUFC2-KCTD14...,885,298,46,17,862,290,908,306
Mus musculus,hsa05208,408,NDUFA8,NDUFC2-KCTD14...,885,298,46,17,862,290,908,306
Mus musculus,hsa05208,408,NDUFA9,NDUFC2-KCTD14...,885,298,46,17,862,290,908,306
Mus musculus,hsa05208,408,NDUFB10,NDUFC2-KCTD14...,885,298,46,17,862,290,908,306
Mus musculus,hsa05208,408,NDUFB11,NDUFC2-KCTD14...,885,298,46,17,862,290,908,306
Mus musculus,hsa05208,408,NDUFB3,NDUFC2-KCTD14...,885,298,46,17,862,290,908,306
Mus musculus,hsa05208,408,NDUFB8,NDUFC2-KCTD14...,885,298,46,17,862,290,908,306
Mus musculus,hsa05208,408,NDUFB9,NDUFC2-KCTD14...,885,298,46,17,862,290,908,306
Mus musculus,hsa05208,408,NDUFC2,NDUFC2-KCTD14...,885,298,46,17,862,290,908,306
Mus musculus,hsa05208,408,NDUFS1,NDUFC2-KCTD14...,885,298,46,17,862,290,908,306
Mus musculus,hsa05208,408,NDUFS2,NDUFC2-KCTD14...,885,298,46,17,862,290,908,306
Mus musculus,hsa05208,408,NDUFS3,NDUFC2-KCTD14...,885,298,46,17,862,290,908,306
Mus musculus,hsa05208,408,NDUFS4,NDUFC2-KCTD14...,885,298,46,17,862,290,908,306
Mus musculus,hsa05208,408,NDUFS6,NDUFC2-KCTD14...,885,298,46,17,862,290,908,306
Mus musculus,hsa05208,408,NDUFS7,NDUFC2-KCTD14...,885,298,46,17,862,290,908,306
Mus musculus,hsa05208,408,NDUFS8,NDUFC2-KCTD14...,885,298,46,17,862,290,908,306
Mus musculus,hsa05208,408,NDUFV1,NDUFC2-KCTD14...,885,298,46,17,862,290,908,306
Mus musculus,hsa05208,408,NDUFV2,NDUFC2-KCTD14...,885,298,46,17,862,290,908,306
Mus musculus,hsa05208,409,SDHA,"SDHA, CMD1GG, FP, MC2DN1, NDAXOA, PGL5, PPGL5, SDH1, SDH2, SDHF...",885,327,46,17,862,318,908,336
Mus musculus,hsa05208,409,SDHB,"SDHA, CMD1GG, FP, MC2DN1, NDAXOA, PGL5, PPGL5, SDH1, SDH2, SDHF...",885,327,46,17,862,318,908,336
Mus musculus,hsa05208,409,SDHC,"SDHA, CMD1GG, FP, MC2DN1, NDAXOA, PGL5, PPGL5, SDH1, SDH2, SDHF...",885,327,46,17,862,318,908,336
Mus musculus,hsa05208,409,SDHD,"SDHA, CMD1GG, FP, MC2DN1, NDAXOA, PGL5, PPGL5, SDH1, SDH2, SDHF...",885,327,46,17,862,318,908,336
Mus musculus,hsa05208,410,CYC1,"UQCR11, 0710008D09Rik, QCR10, UQCR...",885,356,46,17,862,348,908,364
Mus musculus,hsa05208,410,UQCRB,"UQCR11, 0710008D09Rik, QCR10, UQCR...",885,356,46,17,862,348,908,364
Mus musculus,hsa05208,410,UQCRC1,"UQCR11, 0710008D09Rik, QCR10, UQCR...",885,356,46,17,862,348,908,364
Mus musculus,hsa05208,410,UQCRC2,"UQCR11, 0710008D09Rik, QCR10, UQCR...",885,356,46,17,862,348,908,364
Mus musculus,hsa05208,410,UQCRFS1,"UQCR11, 0710008D09Rik, QCR10, UQCR...",885,356,46,17,862,348,908,364
Mus musculus,hsa05208,410,UQCRQ,"UQCR11, 0710008D09Rik, QCR10, UQCR...",885,356,46,17,862,348,908,364
Mus musculus,hsa05208,411,ATP5F1A,"ATP5PD, APT5H, ATP5H, ATPQ...",885,414,46,17,862,406,908,422
Mus musculus,hsa05208,411,ATP5F1B,"ATP5PD, APT5H, ATP5H, ATPQ...",885,414,46,17,862,406,908,422
Mus musculus,hsa05208,411,ATP5F1D,"ATP5PD, APT5H, ATP5H, ATPQ...",885,414,46,17,862,406,908,422
Mus musculus,hsa05208,411,ATP5F1E,"ATP5PD, APT5H, ATP5H, ATPQ...",885,414,46,17,862,406,908,422
Mus musculus,hsa05208,411,ATP5PO,"ATP5PD, APT5H, ATP5H, ATPQ...",885,414,46,17,862,406,908,422
Mus musculus,hsa05208,412,COX4I1,"COX6B2, COXVIB2, CT59...",885,385,46,17,862,376,908,394
Mus musculus,hsa05208,412,COX4I2,"COX6B2, COXVIB2, CT59...",885,385,46,17,862,376,908,394
Mus musculus,hsa05208,412,COX5A,"COX6B2, COXVIB2, CT59...",885,385,46,17,862,376,908,394
Mus musculus,hsa05208,412,COX6A1,"COX6B2, COXVIB2, CT59...",885,385,46,17,862,376,908,394
Mus musculus,hsa05208,412,COX6A2,"COX6B2, COXVIB2, CT59...",885,385,46,17,862,376,908,394
Mus musculus,hsa05208,412,COX6B1,"COX6B2, COXVIB2, CT59...",885,385,46,17,862,376,908,394
Mus musculus,hsa05208,412,COX7B,"COX6B2, COXVIB2, CT59...",885,385,46,17,862,376,908,394
Mus musculus,hsa05208,412,COX8A,"COX6B2, COXVIB2, CT59...",885,385,46,17,862,376,908,394
Mus musculus,hsa05208,415,PTEN,"PTEN, 10q23del, BZS, CWS1, DEC, GLM2, MHAM, MMAC1, PTEN1, PTENbeta, PTENgama, TEP1",477,1818,46,17,454,1810,500,1826
Mus musculus,hsa05208,443,AKR1C2,"AKR1A1, ALDR1, ALR, ARM, DD3, HEL-S-6...",589,1161,46,17,566,1152,612,1170
Mus musculus,hsa05208,450,AKR1C2,"AKR1A1, ALDR1, ALR, ARM, DD3, HEL-S-6...",859,1213,46,17,836,1204,882,1222
Mus musculus,hsa05208,530,SLC26A1,"SLC26A1, CAON, CAON1, EDM4, HYSULF, SAT-1, SAT1...",259,569,46,17,236,560,282,578
Mus musculus,hsa05208,530,SLC26A2,"SLC26A1, CAON, CAON1, EDM4, HYSULF, SAT-1, SAT1...",259,569,46,17,236,560,282,578
Mus musculus,hsa05208,554,SLC25A4,"PPIF, CYP3, CyP-M, Cyp-D, CypD...",968,460,46,17,945,452,991,468
Mus musculus,hsa05208,607,NFE2L2,"NFE2L2, HEBP1, IMDDHH, NRF2, Nrf-2",681,2119,46,17,658,2110,704,2128
Mus musculus,hsa05208,663,AKR1C2,"AKR1A1, ALDR1, ALR, ARM, DD3, HEL-S-6...",1140,2132,46,17,1117,2124,1163,2140
Mus musculus,hsa05208,779,CAT,CAT,968,603,46,17,945,594,991,612
Mus musculus,hsa05208,799,EPHX1,"EPHX1, EPHX, EPOX, HYL1, MEH...",468,1161,46,17,445,1152,491,1170
Mus musculus,hsa05208,921,HMOX1,"HMOX1, HMOX1D, HO-1, HSP32, bK286B10",1191,2119,46,17,1168,2110,1214,2128
Mus musculus,hsa05210,11,PIK3CA,"P3R3URF-PIK3R3, LOC110117498-PIK3R3...",499,357,46,17,476,348,522,366
Mus musculus,hsa05210,11,PIK3CD,"P3R3URF-PIK3R3, LOC110117498-PIK3R3...",499,357,46,17,476,348,522,366
Mus musculus,hsa05210,11,PIK3R1,"P3R3URF-PIK3R3, LOC110117498-PIK3R3...",499,357,46,17,476,348,522,366
Mus musculus,hsa05210,11,PIK3R2,"P3R3URF-PIK3R3, LOC110117498-PIK3R3...",499,357,46,17,476,348,522,366
Mus musculus,hsa05210,13,APPL1,"APPL1, APPL, DIP13alpha, MODY14",423,529,46,17,400,520,446,538
Mus musculus,hsa05210,158,AKT2,"AKT3, MPPH, MPPH2, PKB-GAMMA, PKBG, PRKBG, RAC-PK-gamma, RAC-gamma, STK-2...",494,953,46,17,471,944,517,962
Mus musculus,hsa05210,159,PIK3CA,"P3R3URF-PIK3R3, LOC110117498-PIK3R3...",381,953,46,17,358,944,404,962
Mus musculus,hsa05210,159,PIK3CD,"P3R3URF-PIK3R3, LOC110117498-PIK3R3...",381,953,46,17,358,944,404,962
Mus musculus,hsa05210,159,PIK3R1,"P3R3URF-PIK3R3, LOC110117498-PIK3R3...",381,953,46,17,358,944,404,962
Mus musculus,hsa05210,159,PIK3R2,"P3R3URF-PIK3R3, LOC110117498-PIK3R3...",381,953,46,17,358,944,404,962
Mus musculus,hsa05210,37,CYCS,"CYCS, CYC, HCS, THC4",555,784,46,17,532,776,578,792
Mus musculus,hsa05210,45,AKT2,"AKT3, MPPH, MPPH2, PKB-GAMMA, PKBG, PRKBG, RAC-PK-gamma, RAC-gamma, STK-2...",525,314,46,17,502,306,548,322
Mus musculus,hsa05211,30,FH,"FH, FMRD, HLRCC, HsFH, LRCC, MCL, MCUL1",299,729,46,17,276,720,322,738
Mus musculus,hsa05211,46,SLC2A1,"SLC2A1, CSE, DYT17, DYT18, DYT9, EIG12, GLUT, GLUT-1, GLUT1, GLUT1DS, HTLVR, PED, SDCHCN",800,83,46,17,777,74,823,92
Mus musculus,hsa05211,50,AKT2,"AKT3, MPPH, MPPH2, PKB-GAMMA, PKBG, PRKBG, RAC-PK-gamma, RAC-gamma, STK-2...",838,330,46,17,815,322,861,338
Mus musculus,hsa05211,51,PIK3CA,"P3R3URF-PIK3R3, LOC110117498-PIK3R3...",707,330,46,17,684,322,730,338
Mus musculus,hsa05211,51,PIK3CD,"P3R3URF-PIK3R3, LOC110117498-PIK3R3...",707,330,46,17,684,322,730,338
Mus musculus,hsa05211,51,PIK3R1,"P3R3URF-PIK3R3, LOC110117498-PIK3R3...",707,330,46,17,684,322,730,338
Mus musculus,hsa05211,51,PIK3R2,"P3R3URF-PIK3R3, LOC110117498-PIK3R3...",707,330,46,17,684,322,730,338
Mus musculus,hsa05211,8,SLC2A1,"SLC2A1, CSE, DYT17, DYT18, DYT9, EIG12, GLUT, GLUT-1, GLUT1, GLUT1DS, HTLVR, PED, SDCHCN",800,575,46,17,777,566,823,584
Mus musculus,hsa05212,25,PIK3CA,"P3R3URF-PIK3R3, LOC110117498-PIK3R3...",351,470,46,17,328,462,374,478
Mus musculus,hsa05212,25,PIK3CD,"P3R3URF-PIK3R3, LOC110117498-PIK3R3...",351,470,46,17,328,462,374,478
Mus musculus,hsa05212,25,PIK3R1,"P3R3URF-PIK3R3, LOC110117498-PIK3R3...",351,470,46,17,328,462,374,478
Mus musculus,hsa05212,25,PIK3R2,"P3R3URF-PIK3R3, LOC110117498-PIK3R3...",351,470,46,17,328,462,374,478
Mus musculus,hsa05212,27,AKT2,"AKT3, MPPH, MPPH2, PKB-GAMMA, PKBG, PRKBG, RAC-PK-gamma, RAC-gamma, STK-2...",482,470,46,17,459,462,505,478
Mus musculus,hsa05212,6,PIK3CA,"P3R3URF-PIK3R3, LOC110117498-PIK3R3...",411,235,46,17,388,226,434,244
Mus musculus,hsa05212,6,PIK3CD,"P3R3URF-PIK3R3, LOC110117498-PIK3R3...",411,235,46,17,388,226,434,244
Mus musculus,hsa05212,6,PIK3R1,"P3R3URF-PIK3R3, LOC110117498-PIK3R3...",411,235,46,17,388,226,434,244
Mus musculus,hsa05212,6,PIK3R2,"P3R3URF-PIK3R3, LOC110117498-PIK3R3...",411,235,46,17,388,226,434,244
Mus musculus,hsa05212,8,AKT2,"AKT3, MPPH, MPPH2, PKB-GAMMA, PKBG, PRKBG, RAC-PK-gamma, RAC-gamma, STK-2...",514,197,46,17,491,188,537,206
Mus musculus,hsa05213,23,PTEN,"PTEN, 10q23del, BZS, CWS1, DEC, GLM2, MHAM, MMAC1, PTEN1, PTENbeta, PTENgama, TEP1",338,145,46,17,315,136,361,154
Mus musculus,hsa05213,36,AKT2,"AKT3, MPPH, MPPH2, PKB-GAMMA, PKBG, PRKBG, RAC-PK-gamma, RAC-gamma, STK-2...",488,185,46,17,465,176,511,194
Mus musculus,hsa05213,37,PIK3CA,"P3R3URF-PIK3R3, LOC110117498-PIK3R3...",338,183,46,17,315,174,361,192
Mus musculus,hsa05213,37,PIK3CD,"P3R3URF-PIK3R3, LOC110117498-PIK3R3...",338,183,46,17,315,174,361,192
Mus musculus,hsa05213,37,PIK3R1,"P3R3URF-PIK3R3, LOC110117498-PIK3R3...",338,183,46,17,315,174,361,192
Mus musculus,hsa05213,37,PIK3R2,"P3R3URF-PIK3R3, LOC110117498-PIK3R3...",338,183,46,17,315,174,361,192
Mus musculus,hsa05214,29,PIK3CA,"P3R3URF-PIK3R3, LOC110117498-PIK3R3...",546,294,46,17,523,286,569,302
Mus musculus,hsa05214,29,PIK3CD,"P3R3URF-PIK3R3, LOC110117498-PIK3R3...",546,294,46,17,523,286,569,302
Mus musculus,hsa05214,29,PIK3R1,"P3R3URF-PIK3R3, LOC110117498-PIK3R3...",546,294,46,17,523,286,569,302
Mus musculus,hsa05214,29,PIK3R2,"P3R3URF-PIK3R3, LOC110117498-PIK3R3...",546,294,46,17,523,286,569,302
Mus musculus,hsa05214,30,AKT2,"AKT3, MPPH, MPPH2, PKB-GAMMA, PKBG, PRKBG, RAC-PK-gamma, RAC-gamma, STK-2...",653,294,46,17,630,286,676,302
Mus musculus,hsa05214,31,PTEN,"PTEN, 10q23del, BZS, CWS1, DEC, GLM2, MHAM, MMAC1, PTEN1, PTENbeta, PTENgama, TEP1",570,338,46,17,547,330,593,346
Mus musculus,hsa05214,41,PLCG2,"PLCG1, IDAA, NCKAP3, PLC-II, PLC1, PLC148, PLCgamma1...",352,603,46,17,329,594,375,612
Mus musculus,hsa05214,51,PIK3CA,"P3R3URF-PIK3R3, LOC110117498-PIK3R3...",544,711,46,17,521,702,567,720
Mus musculus,hsa05214,51,PIK3CD,"P3R3URF-PIK3R3, LOC110117498-PIK3R3...",544,711,46,17,521,702,567,720
Mus musculus,hsa05214,51,PIK3R1,"P3R3URF-PIK3R3, LOC110117498-PIK3R3...",544,711,46,17,521,702,567,720
Mus musculus,hsa05214,51,PIK3R2,"P3R3URF-PIK3R3, LOC110117498-PIK3R3...",544,711,46,17,521,702,567,720
Mus musculus,hsa05214,52,AKT2,"AKT3, MPPH, MPPH2, PKB-GAMMA, PKBG, PRKBG, RAC-PK-gamma, RAC-gamma, STK-2...",650,711,46,17,627,702,673,720
Mus musculus,hsa05214,58,PLCG2,"PLCG1, IDAA, NCKAP3, PLC-II, PLC1, PLC148, PLCgamma1...",354,186,46,17,331,178,377,194
Mus musculus,hsa05214,62,PTEN,"PTEN, 10q23del, BZS, CWS1, DEC, GLM2, MHAM, MMAC1, PTEN1, PTENbeta, PTENgama, TEP1",415,862,46,17,392,854,438,870
Mus musculus,hsa05215,13,PTEN,"PTEN, 10q23del, BZS, CWS1, DEC, GLM2, MHAM, MMAC1, PTEN1, PTENbeta, PTENgama, TEP1",415,417,46,17,392,408,438,426
Mus musculus,hsa05215,194,GRM1,"GRM1, GPRC1A, MGLU1, MGLUR1, PPP1R85, SCA44, SCAR13...",327,714,46,17,304,706,350,722
Mus musculus,hsa05215,195,SLC46A1,"SLC46A1, G21, HCP1, HsPCFT, PCFT, hPCFT",327,787,46,17,304,778,350,796
Mus musculus,hsa05215,196,SLC19A1,"SLC19A1, CHMD, FOLT, IFC-1, IFC1, IMD114, MEGAF, REFC, RFC, RFC1, RFT-1, hRFC, hSLC19A1",327,809,46,17,304,800,350,818
Mus musculus,hsa05215,197,FOLR1,"FOLR1, FBP, FOLR, FRalpha, NCFTD...",327,764,46,17,304,756,350,772
Mus musculus,hsa05215,23,AR,"AR, AIS, AR8, DHTR, HUMARA, HYSP1, KD, NR3C4, SBMA, SMAX1, TFM",486,905,46,17,463,896,509,914
Mus musculus,hsa05215,40,INS,"EGF, HOMG4, URG...",250,590,46,17,227,582,273,598
Mus musculus,hsa05215,51,AKT2,"AKT3, MPPH, MPPH2, PKB-GAMMA, PKBG, PRKBG, RAC-PK-gamma, RAC-gamma, STK-2...",550,589,46,17,527,580,573,598
Mus musculus,hsa05215,52,PIK3CA,"P3R3URF-PIK3R3, LOC110117498-PIK3R3...",401,589,46,17,378,580,424,598
Mus musculus,hsa05215,52,PIK3CD,"P3R3URF-PIK3R3, LOC110117498-PIK3R3...",401,589,46,17,378,580,424,598
Mus musculus,hsa05215,52,PIK3R1,"P3R3URF-PIK3R3, LOC110117498-PIK3R3...",401,589,46,17,378,580,424,598
Mus musculus,hsa05215,52,PIK3R2,"P3R3URF-PIK3R3, LOC110117498-PIK3R3...",401,589,46,17,378,580,424,598
Mus musculus,hsa05215,7,SRD5A2,SRD5A2,225,868,46,17,202,860,248,876
Mus musculus,hsa05215,8,AR,"AR, AIS, AR8, DHTR, HUMARA, HYSP1, KD, NR3C4, SBMA, SMAX1, TFM",623,914,46,17,600,906,646,922
Mus musculus,hsa05215,9,AR,"AR, AIS, AR8, DHTR, HUMARA, HYSP1, KD, NR3C4, SBMA, SMAX1, TFM",623,897,46,17,600,888,646,906
Mus musculus,hsa05218,13,PTEN,"PTEN, 10q23del, BZS, CWS1, DEC, GLM2, MHAM, MMAC1, PTEN1, PTENbeta, PTENgama, TEP1",415,282,46,17,392,274,438,290
Mus musculus,hsa05218,27,AKT2,"AKT3, MPPH, MPPH2, PKB-GAMMA, PKBG, PRKBG, RAC-PK-gamma, RAC-gamma, STK-2...",494,234,46,17,471,226,517,242
Mus musculus,hsa05218,28,PIK3CA,"P3R3URF-PIK3R3, LOC110117498-PIK3R3...",388,235,46,17,365,226,411,244
Mus musculus,hsa05218,28,PIK3CD,"P3R3URF-PIK3R3, LOC110117498-PIK3R3...",388,235,46,17,365,226,411,244
Mus musculus,hsa05218,28,PIK3R1,"P3R3URF-PIK3R3, LOC110117498-PIK3R3...",388,235,46,17,365,226,411,244
Mus musculus,hsa05218,28,PIK3R2,"P3R3URF-PIK3R3, LOC110117498-PIK3R3...",388,235,46,17,365,226,411,244
Mus musculus,hsa05219,9,TYMP,"TYMP, ECGF, ECGF1, MEDPS1, MNGIE, MTDPS1, PDECGF, TP, hPD-ECGF",487,605,46,17,464,596,510,614
Mus musculus,hsa05220,47,AKT2,"AKT3, MPPH, MPPH2, PKB-GAMMA, PKBG, PRKBG, RAC-PK-gamma, RAC-gamma, STK-2...",558,174,46,17,535,166,581,182
Mus musculus,hsa05220,48,PIK3CA,"P3R3URF-PIK3R3, LOC110117498-PIK3R3...",452,175,46,17,429,166,475,184
Mus musculus,hsa05220,48,PIK3CD,"P3R3URF-PIK3R3, LOC110117498-PIK3R3...",452,175,46,17,429,166,475,184
Mus musculus,hsa05220,48,PIK3R1,"P3R3URF-PIK3R3, LOC110117498-PIK3R3...",452,175,46,17,429,166,475,184
Mus musculus,hsa05220,48,PIK3R2,"P3R3URF-PIK3R3, LOC110117498-PIK3R3...",452,175,46,17,429,166,475,184
Mus musculus,hsa05221,41,AKT2,"AKT3, MPPH, MPPH2, PKB-GAMMA, PKBG, PRKBG, RAC-PK-gamma, RAC-gamma, STK-2...",637,160,46,17,614,152,660,168
Mus musculus,hsa05221,42,PIK3CA,"P3R3URF-PIK3R3, LOC110117498-PIK3R3...",552,184,46,17,529,176,575,192
Mus musculus,hsa05221,42,PIK3CD,"P3R3URF-PIK3R3, LOC110117498-PIK3R3...",552,184,46,17,529,176,575,192
Mus musculus,hsa05221,42,PIK3R1,"P3R3URF-PIK3R3, LOC110117498-PIK3R3...",552,184,46,17,529,176,575,192
Mus musculus,hsa05221,42,PIK3R2,"P3R3URF-PIK3R3, LOC110117498-PIK3R3...",552,184,46,17,529,176,575,192
Mus musculus,hsa05222,20,AKT2,"AKT3, MPPH, MPPH2, PKB-GAMMA, PKBG, PRKBG, RAC-PK-gamma, RAC-gamma, STK-2...",473,613,46,17,450,604,496,622
Mus musculus,hsa05222,26,PTEN,"PTEN, 10q23del, BZS, CWS1, DEC, GLM2, MHAM, MMAC1, PTEN1, PTENbeta, TEP1",393,661,46,17,370,652,416,670
Mus musculus,hsa05222,27,PIK3CA,"P3R3URF-PIK3R3, LOC110117498-PIK3R3...",366,613,46,17,343,604,389,622
Mus musculus,hsa05222,27,PIK3CD,"P3R3URF-PIK3R3, LOC110117498-PIK3R3...",366,613,46,17,343,604,389,622
Mus musculus,hsa05222,27,PIK3R1,"P3R3URF-PIK3R3, LOC110117498-PIK3R3...",366,613,46,17,343,604,389,622
Mus musculus,hsa05222,27,PIK3R2,"P3R3URF-PIK3R3, LOC110117498-PIK3R3...",366,613,46,17,343,604,389,622
Mus musculus,hsa05222,30,CYCS,"CYCS, CYC, HCS, THC4",438,350,46,17,415,342,461,358
Mus musculus,hsa05223,14,AKT2,"AKT3, MPPH, MPPH2, PKB-GAMMA, PKBG, PRKBG, RAC-PK-gamma, RAC-gamma, STK-2...",646,325,46,17,623,316,669,334
Mus musculus,hsa05223,16,PIK3CA,"P3R3URF-PIK3R3, LOC110117498-PIK3R3...",479,324,46,17,456,316,502,332
Mus musculus,hsa05223,16,PIK3CD,"P3R3URF-PIK3R3, LOC110117498-PIK3R3...",479,324,46,17,456,316,502,332
Mus musculus,hsa05223,16,PIK3R1,"P3R3URF-PIK3R3, LOC110117498-PIK3R3...",479,324,46,17,456,316,502,332
Mus musculus,hsa05223,16,PIK3R2,"P3R3URF-PIK3R3, LOC110117498-PIK3R3...",479,324,46,17,456,316,502,332
Mus musculus,hsa05223,164,KIF5A,"KIF5A, ALS25, D12S1889, MY050, NEIMY, NKHC, SPG10...",482,611,46,17,459,602,505,620
Mus musculus,hsa05223,164,KIF5C,"KIF5A, ALS25, D12S1889, MY050, NEIMY, NKHC, SPG10...",482,611,46,17,459,602,505,620
Mus musculus,hsa05223,21,PLCG2,"PLCG1, IDAA, NCKAP3, PLC-II, PLC1, PLC148, PLCgamma1...",398,473,46,17,375,464,421,482
Mus musculus,hsa05223,42,AKT2,"AKT3, MPPH, MPPH2, PKB-GAMMA, PKBG, PRKBG, RAC-PK-gamma, RAC-gamma, STK-2...",635,553,46,17,612,544,658,562
Mus musculus,hsa05223,43,PIK3CA,"PIK3CA, CCM4, CLAPO, CLOVE, CWS5, HMH, MCAP, MCM, MCMTC, PI3K, PI3K-alpha, p110-alpha...",451,553,46,17,428,544,474,562
Mus musculus,hsa05223,43,PIK3CD,"PIK3CA, CCM4, CLAPO, CLOVE, CWS5, HMH, MCAP, MCM, MCMTC, PI3K, PI3K-alpha, p110-alpha...",451,553,46,17,428,544,474,562
Mus musculus,hsa05224,135,PTEN,"PTEN, 10q23del, BZS, CWS1, DEC, GLM2, MHAM, MMAC1, PTEN1, PTENbeta, PTENgama, TEP1",473,424,46,17,450,416,496,432
Mus musculus,hsa05224,138,PIK3CA,"P3R3URF-PIK3R3, LOC110117498-PIK3R3...",444,638,46,17,421,630,467,646
Mus musculus,hsa05224,138,PIK3CD,"P3R3URF-PIK3R3, LOC110117498-PIK3R3...",444,638,46,17,421,630,467,646
Mus musculus,hsa05224,138,PIK3R1,"P3R3URF-PIK3R3, LOC110117498-PIK3R3...",444,638,46,17,421,630,467,646
Mus musculus,hsa05224,138,PIK3R2,"P3R3URF-PIK3R3, LOC110117498-PIK3R3...",444,638,46,17,421,630,467,646
Mus musculus,hsa05224,139,AKT2,"AKT3, MPPH, MPPH2, PKB-GAMMA, PKBG, PRKBG, RAC-PK-gamma, RAC-gamma, STK-2...",607,638,46,17,584,630,630,646
Mus musculus,hsa05224,143,PTEN,"PTEN, 10q23del, BZS, CWS1, DEC, GLM2, MHAM, MMAC1, PTEN1, PTENbeta, PTENgama, TEP1",473,595,46,17,450,586,496,604
Mus musculus,hsa05224,147,PIK3CA,"P3R3URF-PIK3R3, LOC110117498-PIK3R3...",444,824,46,17,421,816,467,832
Mus musculus,hsa05224,147,PIK3CD,"P3R3URF-PIK3R3, LOC110117498-PIK3R3...",444,824,46,17,421,816,467,832
Mus musculus,hsa05224,147,PIK3R1,"P3R3URF-PIK3R3, LOC110117498-PIK3R3...",444,824,46,17,421,816,467,832
Mus musculus,hsa05224,147,PIK3R2,"P3R3URF-PIK3R3, LOC110117498-PIK3R3...",444,824,46,17,421,816,467,832
Mus musculus,hsa05224,148,AKT2,"AKT3, MPPH, MPPH2, PKB-GAMMA, PKBG, PRKBG, RAC-PK-gamma, RAC-gamma, STK-2...",607,824,46,17,584,816,630,832
Mus musculus,hsa05224,15,ESR1,"ESR1, ER, ESR, ESRA, ESTRR, Era, NR3A1...",1041,255,46,17,1018,246,1064,264
Mus musculus,hsa05224,15,ESR2,"ESR1, ER, ESR, ESRA, ESTRR, Era, NR3A1...",1041,255,46,17,1018,246,1064,264
Mus musculus,hsa05224,153,PTEN,"PTEN, 10q23del, BZS, CWS1, DEC, GLM2, MHAM, MMAC1, PTEN1, PTENbeta, PTENgama, TEP1",473,781,46,17,450,772,496,790
Mus musculus,hsa05224,47,ESR1,"ESR1, ER, ESR, ESRA, ESTRR, Era, NR3A1...",1130,226,46,17,1107,218,1153,234
Mus musculus,hsa05224,47,ESR2,"ESR1, ER, ESR, ESRA, ESTRR, Era, NR3A1...",1130,226,46,17,1107,218,1153,234
Mus musculus,hsa05224,58,ESR1,"ESR1, ER, ESR, ESRA, ESTRR, Era, NR3A1...",1130,121,46,17,1107,112,1153,130
Mus musculus,hsa05224,58,ESR2,"ESR1, ER, ESR, ESRA, ESTRR, Era, NR3A1...",1130,121,46,17,1107,112,1153,130
Mus musculus,hsa05224,6,ESR1,"ESR1, ER, ESR, ESRA, ESTRR, Era, NR3A1...",710,187,46,17,687,178,733,196
Mus musculus,hsa05224,6,ESR2,"ESR1, ER, ESR, ESRA, ESTRR, Era, NR3A1...",710,187,46,17,687,178,733,196
Mus musculus,hsa05224,7,ESR1,"ESR1, ER, ESR, ESRA, ESTRR, Era, NR3A1...",1041,187,46,17,1018,178,1064,196
Mus musculus,hsa05224,7,ESR2,"ESR1, ER, ESR, ESRA, ESTRR, Era, NR3A1...",1041,187,46,17,1018,178,1064,196
Mus musculus,hsa05224,91,PIK3CA,"P3R3URF-PIK3R3, LOC110117498-PIK3R3...",444,467,46,17,421,458,467,476
Mus musculus,hsa05224,91,PIK3CD,"P3R3URF-PIK3R3, LOC110117498-PIK3R3...",444,467,46,17,421,458,467,476
Mus musculus,hsa05224,91,PIK3R1,"P3R3URF-PIK3R3, LOC110117498-PIK3R3...",444,467,46,17,421,458,467,476
Mus musculus,hsa05224,91,PIK3R2,"P3R3URF-PIK3R3, LOC110117498-PIK3R3...",444,467,46,17,421,458,467,476
Mus musculus,hsa05224,92,AKT2,"AKT3, MPPH, MPPH2, PKB-GAMMA, PKBG, PRKBG, RAC-PK-gamma, RAC-gamma, STK-2...",607,467,46,17,584,458,630,476
Mus musculus,hsa05225,122,PLCG2,"PLCG1, IDAA, NCKAP3, PLC-II, PLC1, PLC148, PLCgamma1...",484,234,46,17,461,226,507,242
Mus musculus,hsa05225,152,NFE2L2,"NFE2L2, HEBP1, IMDDHH, NRF2, Nrf-2",834,845,46,17,811,836,857,854
Mus musculus,hsa05225,153,NFE2L2,"NFE2L2, HEBP1, IMDDHH, NRF2, Nrf-2",1006,845,46,17,983,836,1029,854
Mus musculus,hsa05225,165,HMOX1,"HMOX1, HMOX1D, HO-1, HSP32, bK286B10",1123,835,46,17,1100,826,1146,844
Mus musculus,hsa05225,168,TXNRD2,"TXNRD2, GCCD5, SELZ, TR, TR-BETA, TR3, TRXR2, TXNR2...",1175,857,46,17,1152,848,1198,866
Mus musculus,hsa05225,46,PIK3CA,"P3R3URF-PIK3R3, LOC110117498-PIK3R3...",445,360,46,17,422,352,468,368
Mus musculus,hsa05225,46,PIK3CD,"P3R3URF-PIK3R3, LOC110117498-PIK3R3...",445,360,46,17,422,352,468,368
Mus musculus,hsa05225,46,PIK3R1,"P3R3URF-PIK3R3, LOC110117498-PIK3R3...",445,360,46,17,422,352,468,368
Mus musculus,hsa05225,46,PIK3R2,"P3R3URF-PIK3R3, LOC110117498-PIK3R3...",445,360,46,17,422,352,468,368
Mus musculus,hsa05225,47,AKT2,"AKT3, MPPH, MPPH2, PKB-GAMMA, PKBG, PRKBG, RAC-PK-gamma, RAC-gamma, STK-2...",608,360,46,17,585,352,631,368
Mus musculus,hsa05225,51,PTEN,"PTEN, 10q23del, BZS, CWS1, DEC, GLM2, MHAM, MMAC1, PTEN1, PTENbeta, PTENgama, TEP1",477,456,46,17,454,448,500,464
Mus musculus,hsa05225,55,PIK3CA,"P3R3URF-PIK3R3, LOC110117498-PIK3R3...",523,1005,46,17,500,996,546,1014
Mus musculus,hsa05225,55,PIK3CD,"P3R3URF-PIK3R3, LOC110117498-PIK3R3...",523,1005,46,17,500,996,546,1014
Mus musculus,hsa05225,55,PIK3R1,"P3R3URF-PIK3R3, LOC110117498-PIK3R3...",523,1005,46,17,500,996,546,1014
Mus musculus,hsa05225,55,PIK3R2,"P3R3URF-PIK3R3, LOC110117498-PIK3R3...",523,1005,46,17,500,996,546,1014
Mus musculus,hsa05225,56,AKT2,"AKT3, MPPH, MPPH2, PKB-GAMMA, PKBG, PRKBG, RAC-PK-gamma, RAC-gamma, STK-2...",660,1005,46,17,637,996,683,1014
Mus musculus,hsa05226,36,PIK3CA,"P3R3URF-PIK3R3, LOC110117498-PIK3R3...",442,622,46,17,419,614,465,630
Mus musculus,hsa05226,36,PIK3CD,"P3R3URF-PIK3R3, LOC110117498-PIK3R3...",442,622,46,17,419,614,465,630
Mus musculus,hsa05226,36,PIK3R1,"P3R3URF-PIK3R3, LOC110117498-PIK3R3...",442,622,46,17,419,614,465,630
Mus musculus,hsa05226,36,PIK3R2,"P3R3URF-PIK3R3, LOC110117498-PIK3R3...",442,622,46,17,419,614,465,630
Mus musculus,hsa05226,37,AKT2,"AKT3, MPPH, MPPH2, PKB-GAMMA, PKBG, PRKBG, RAC-PK-gamma, RAC-gamma, STK-2...",605,622,46,17,582,614,628,630
Mus musculus,hsa05226,42,PIK3CA,"P3R3URF-PIK3R3, LOC110117498-PIK3R3...",525,1001,46,17,502,992,548,1010
Mus musculus,hsa05226,42,PIK3CD,"P3R3URF-PIK3R3, LOC110117498-PIK3R3...",525,1001,46,17,502,992,548,1010
Mus musculus,hsa05226,42,PIK3R1,"P3R3URF-PIK3R3, LOC110117498-PIK3R3...",525,1001,46,17,502,992,548,1010
Mus musculus,hsa05226,42,PIK3R2,"P3R3URF-PIK3R3, LOC110117498-PIK3R3...",525,1001,46,17,502,992,548,1010
Mus musculus,hsa05226,43,AKT2,"AKT3, MPPH, MPPH2, PKB-GAMMA, PKBG, PRKBG, RAC-PK-gamma, RAC-gamma, STK-2...",660,1001,46,17,637,992,683,1010
Mus musculus,hsa05230,111,PIK3CA,"P3R3URF-PIK3R3, LOC110117498-PIK3R3...",383,1017,46,17,360,1008,406,1026
Mus musculus,hsa05230,111,PIK3CD,"P3R3URF-PIK3R3, LOC110117498-PIK3R3...",383,1017,46,17,360,1008,406,1026
Mus musculus,hsa05230,111,PIK3R1,"P3R3URF-PIK3R3, LOC110117498-PIK3R3...",383,1017,46,17,360,1008,406,1026
Mus musculus,hsa05230,111,PIK3R2,"P3R3URF-PIK3R3, LOC110117498-PIK3R3...",383,1017,46,17,360,1008,406,1026
Mus musculus,hsa05230,112,AKT2,"AKT3, MPPH, MPPH2, PKB-GAMMA, PKBG, PRKBG, RAC-PK-gamma, RAC-gamma, STK-2...",629,1017,46,17,606,1008,652,1026
Mus musculus,hsa05230,12,SLC2A1,"SLC2A1, CSE, DYT17, DYT18, DYT9, EIG12, GLUT, GLUT-1, GLUT1, GLUT1DS, HTLVR, PED, SDCHCN...",162,845,46,17,139,836,185,854
Mus musculus,hsa05230,12,SLC2A2,"SLC2A1, CSE, DYT17, DYT18, DYT9, EIG12, GLUT, GLUT-1, GLUT1, GLUT1DS, HTLVR, PED, SDCHCN...",162,845,46,17,139,836,185,854
Mus musculus,hsa05230,121,SLC2A1,"SLC2A1, CSE, DYT17, DYT18, DYT9, EIG12, GLUT, GLUT-1, GLUT1, GLUT1DS, HTLVR, PED, SDCHCN",1475,655,46,17,1452,646,1498,664
Mus musculus,hsa05230,122,SLC2A2,"SLC2A2, GLUT2",1475,625,46,17,1452,616,1498,634
Mus musculus,hsa05230,123,HK1,"HK1, HK, HK1-ta, HK1-tb, HK1-tc, HKD, HKI, HMSNR, HXK1, NEDVIBA, NMSR, RP79, hexokinase...",1480,773,46,17,1457,764,1503,782
Mus musculus,hsa05230,124,PGAM2,"PGAM4, PGAM-B, PGAM1, PGAM3, dJ1000K24.1...",1480,796,46,17,1457,788,1503,804
Mus musculus,hsa05230,126,LDHA,"LDHAL6A, LDH6A...",1480,845,46,17,1457,836,1503,854
Mus musculus,hsa05230,126,LDHB,"LDHAL6A, LDH6A...",1480,845,46,17,1457,836,1503,854
Mus musculus,hsa05230,129,GLS,"GLS2, GA, GLS, LGA, hLGA...",1475,545,46,17,1452,536,1498,554
Mus musculus,hsa05230,151,HK1,"HK1, HK, HK1-ta, HK1-tb, HK1-tc, HKD, HKI, HMSNR, HXK1, NEDVIBA, NMSR, RP79, hexokinase...",248,827,46,17,225,818,271,836
Mus musculus,hsa05230,164,PDHA1,"PDHA1, E1alpha, PDHA, PDHAD, PDHCE1A, PHE1A...",822,257,46,17,799,248,845,266
Mus musculus,hsa05230,164,PDHA2,"PDHA1, E1alpha, PDHA, PDHAD, PDHCE1A, PHE1A...",822,257,46,17,799,248,845,266
Mus musculus,hsa05230,164,PDHB,"PDHA1, E1alpha, PDHA, PDHAD, PDHCE1A, PHE1A...",822,257,46,17,799,248,845,266
Mus musculus,hsa05230,20,GCK,"GCK, FGQTL3, GK, GLK, HHF3, HK4, HKIV, HXKP, LGLK, MODY2, PNDM1",236,874,46,17,213,866,259,882
Mus musculus,hsa05230,214,PFKM,"PFKL, ATP-PFK, PFK-B, PFK-L...",399,866,46,17,376,858,422,874
Mus musculus,hsa05230,217,PTEN,"PTEN, 10q23del, BZS, CWS1, DEC, GLM2, MHAM, MMAC1, PTEN1, PTENbeta, PTENgama, TEP1",440,977,46,17,417,968,463,986
Mus musculus,hsa05230,223,PGAM2,"PGAM4, PGAM-B, PGAM1, PGAM3, dJ1000K24.1...",552,865,46,17,529,856,575,874
Mus musculus,hsa05230,224,SCO2,"SCO2, CEMCOX1, ECGF1, Gliostatin, MC4DN2, MYP6, PD-ECGF, SCO1L, TP, TYMP, TdRPase",751,764,46,17,728,756,774,772
Mus musculus,hsa05230,234,SCO2,"SCO2, CEMCOX1, ECGF1, Gliostatin, MC4DN2, MYP6, PD-ECGF, SCO1L, TP, TYMP, TdRPase",741,183,46,17,718,174,764,192
Mus musculus,hsa05230,241,SLC7A5,"SLC7A5, 4F2LC, CD98, D16S469E, E16, LAT1, MPE16",162,1081,46,17,139,1072,185,1090
Mus musculus,hsa05230,244,G6PD,"G6PD, G6PD1",254,746,46,17,231,738,277,754
Mus musculus,hsa05230,262,IDH1,"IDH1, HEL-216, HEL-S-26, IDCD, IDH, IDP, IDPC, PICD...",1017,652,46,17,994,644,1040,660
Mus musculus,hsa05230,262,IDH2,"IDH1, HEL-216, HEL-S-26, IDCD, IDH, IDP, IDPC, PICD...",1017,652,46,17,994,644,1040,660
Mus musculus,hsa05230,292,PFKM,"PFKL, ATP-PFK, PFK-B, PFK-L...",1480,881,46,17,1457,872,1503,890
Mus musculus,hsa05230,32,SLC2A1,"SLC2A1, CSE, DYT17, DYT18, DYT9, EIG12, GLUT, GLUT-1, GLUT1, GLUT1DS, HTLVR, PED, SDCHCN...",162,241,46,17,139,232,185,250
Mus musculus,hsa05230,32,SLC2A2,"SLC2A1, CSE, DYT17, DYT18, DYT9, EIG12, GLUT, GLUT-1, GLUT1, GLUT1DS, HTLVR, PED, SDCHCN...",162,241,46,17,139,232,185,250
Mus musculus,hsa05230,41,GCK,"GCK, FGQTL3, GK, GLK, HHF3, HK4, HKIV, HXKP, LGLK, MODY2, PNDM1",247,226,46,17,224,218,270,234
Mus musculus,hsa05230,59,GLS,"GLS2, GA, GLS, LGA, hLGA...",1104,522,46,17,1081,514,1127,530
Mus musculus,hsa05230,81,PDHA1,"PDHA1, E1alpha, PDHA, PDHAD, PDHCE1A, PHE1A...",825,860,46,17,802,852,848,868
Mus musculus,hsa05230,81,PDHA2,"PDHA1, E1alpha, PDHA, PDHAD, PDHCE1A, PHE1A...",825,860,46,17,802,852,848,868
Mus musculus,hsa05230,81,PDHB,"PDHA1, E1alpha, PDHA, PDHAD, PDHCE1A, PHE1A...",825,860,46,17,802,852,848,868
Mus musculus,hsa05230,95,LDHA,"LDHAL6A, LDH6A...",750,887,46,17,727,878,773,896
Mus musculus,hsa05230,95,LDHB,"LDHAL6A, LDH6A...",750,887,46,17,727,878,773,896
Mus musculus,hsa05231,106,PIP5K1C,"PIP5K1C, LCCS3, PIP5K-GAMMA, PIP5K1-gamma, PIP5Kgamma...",719,357,46,17,696,348,742,366
Mus musculus,hsa05231,11,AKT2,"AKT3, MPPH, MPPH2, PKB-GAMMA, PKBG, PRKBG, RAC-PK-gamma, RAC-gamma, STK-2...",443,264,46,17,420,256,466,272
Mus musculus,hsa05231,12,PIK3CA,"P3R3URF-PIK3R3, LOC110117498-PIK3R3...",228,264,46,17,205,256,251,272
Mus musculus,hsa05231,12,PIK3CD,"P3R3URF-PIK3R3, LOC110117498-PIK3R3...",228,264,46,17,205,256,251,272
Mus musculus,hsa05231,12,PIK3R1,"P3R3URF-PIK3R3, LOC110117498-PIK3R3...",228,264,46,17,205,256,251,272
Mus musculus,hsa05231,12,PIK3R2,"P3R3URF-PIK3R3, LOC110117498-PIK3R3...",228,264,46,17,205,256,251,272
Mus musculus,hsa05231,136,PLA2G4A,"PLA2G4B, HsT16992, cPLA2-beta...",1029,219,46,17,1006,210,1052,228
Mus musculus,hsa05231,35,SLC22A5,"SLC44A3, CTL3...",160,637,46,17,137,628,183,646
Mus musculus,hsa05231,35,SLC5A7,"SLC44A3, CTL3...",160,637,46,17,137,628,183,646
Mus musculus,hsa05231,36,CHKB,"CHKA, CHK, CK, CKI, EK, NEDMIMS...",334,621,46,17,311,612,357,630
Mus musculus,hsa05231,39,PCYT1A,"PCYT1A, CCTA, CCTalpha, CGL5, CT, CTA, CTPCT, PCYT1, SMDCRD...",524,623,46,17,501,614,547,632
Mus musculus,hsa05231,41,PLA2G4A,"PLA2G4B, HsT16992, cPLA2-beta...",726,717,46,17,703,708,749,726
Mus musculus,hsa05231,94,DGKE,DGKK...,443,566,46,17,420,558,466,574
Mus musculus,hsa05235,109,PTEN,"PTEN, 10q23del, BZS, CWS1, DEC, GLM2, MHAM, MMAC1, PTEN1, PTENbeta, PTENgama, TEP1",552,706,46,17,529,698,575,714
Mus musculus,hsa05235,12,AKT2,"AKT3, MPPH, MPPH2, PKB-GAMMA, PKBG, PRKBG, RAC-PK-gamma, RAC-gamma, STK-2...",501,254,46,17,478,246,524,262
Mus musculus,hsa05235,13,PIK3CA,"P3R3URF-PIK3R3, LOC110117498-PIK3R3...",372,254,46,17,349,246,395,262
Mus musculus,hsa05235,13,PIK3CD,"P3R3URF-PIK3R3, LOC110117498-PIK3R3...",372,254,46,17,349,246,395,262
Mus musculus,hsa05235,13,PIK3R1,"P3R3URF-PIK3R3, LOC110117498-PIK3R3...",372,254,46,17,349,246,395,262
Mus musculus,hsa05235,13,PIK3R2,"P3R3URF-PIK3R3, LOC110117498-PIK3R3...",372,254,46,17,349,246,395,262
Mus musculus,hsa05235,149,AKT2,"AKT3, MPPH, MPPH2, PKB-GAMMA, PKBG, PRKBG, RAC-PK-gamma, RAC-gamma, STK-2...",430,996,46,17,407,988,453,1004
Mus musculus,hsa05235,150,PIK3CA,"P3R3URF-PIK3R3, LOC110117498-PIK3R3...",278,996,46,17,255,988,301,1004
Mus musculus,hsa05235,150,PIK3CD,"P3R3URF-PIK3R3, LOC110117498-PIK3R3...",278,996,46,17,255,988,301,1004
Mus musculus,hsa05235,150,PIK3R1,"P3R3URF-PIK3R3, LOC110117498-PIK3R3...",278,996,46,17,255,988,301,1004
Mus musculus,hsa05235,150,PIK3R2,"P3R3URF-PIK3R3, LOC110117498-PIK3R3...",278,996,46,17,255,988,301,1004
Mus musculus,hsa05235,186,PTEN,"PTEN, 10q23del, BZS, CWS1, DEC, GLM2, MHAM, MMAC1, PTEN1, PTENbeta, PTENgama, TEP1",399,215,46,17,376,206,422,224
Mus musculus,hsa05235,94,AKT2,"AKT3, MPPH, MPPH2, PKB-GAMMA, PKBG, PRKBG, RAC-PK-gamma, RAC-gamma, STK-2...",631,754,46,17,608,746,654,762
Mus musculus,hsa05235,95,PIK3CA,"P3R3URF-PIK3R3, LOC110117498-PIK3R3...",505,754,46,17,482,746,528,762
Mus musculus,hsa05235,95,PIK3CD,"P3R3URF-PIK3R3, LOC110117498-PIK3R3...",505,754,46,17,482,746,528,762
Mus musculus,hsa05235,95,PIK3R1,"P3R3URF-PIK3R3, LOC110117498-PIK3R3...",505,754,46,17,482,746,528,762
Mus musculus,hsa05235,95,PIK3R2,"P3R3URF-PIK3R3, LOC110117498-PIK3R3...",505,754,46,17,482,746,528,762
Mus musculus,hsa05322,103,GRIN2A,"GRIN2A, EPND, FESD, GluN2A, LKS, NMDAR2A, NR2A",701,149,46,17,678,140,724,158
Mus musculus,hsa05322,107,GRIN2B,"GRIN2B, DEE27, EIEE27, GluN2B, MRD6, NMDAR2B, NR2B, NR3, hNR3",701,171,46,17,678,162,724,180
Mus musculus,hsa05323,78,ATP6AP1,ATP6V1FP2...,1005,732,46,17,982,724,1028,740
Mus musculus,hsa05323,78,ATP6V0A2,ATP6V1FP2...,1005,732,46,17,982,724,1028,740
Mus musculus,hsa05323,78,ATP6V1A,ATP6V1FP2...,1005,732,46,17,982,724,1028,740
Mus musculus,hsa05323,78,ATP6V1E1,ATP6V1FP2...,1005,732,46,17,982,724,1028,740
Mus musculus,hsa05323,80,CTSK,"CTSK, CTS02, CTSO, CTSO1, CTSO2, PKND, PYCD",1061,762,46,17,1038,754,1084,770
Mus musculus,hsa05340,74,AICDA,"AICDA, AID, ARP2, CDA2, HEL-S-284, HIGM2",1051,677,46,17,1028,668,1074,686
Mus musculus,hsa05340,75,UNG,"UNG, DGU, HIGM4, HIGM5, UDG, UNG1, UNG15, UNG2",998,677,46,17,975,668,1021,686
Mus musculus,hsa05340,94,ADA,"ADA, ADA1",337,310,46,17,314,302,360,318
Mus musculus,hsa05410,61,PRKAG2,"PRKAG2, AAKG, AAKG2, CMH6, H91620p, WPWS...",986,490,46,17,963,482,1009,498
Mus musculus,hsa05415,289,GFPT1,"GFPT1, CMS12, CMSTA1, GFA, GFAT, GFAT_1, GFAT1, GFAT1m, GFPT, GFPT1L, MSLG...",719,112,46,17,696,104,742,120
Mus musculus,hsa05415,435,SLC25A4,"PPIF, CYP3, CyP-M, Cyp-D, CypD...",1187,750,46,17,1164,742,1210,758
Mus musculus,hsa05415,443,SLC2A1,"SLC2A1, CSE, DYT17, DYT18, DYT9, EIG12, GLUT, GLUT-1, GLUT1, GLUT1DS, HTLVR, PED, SDCHCN...",411,125,46,17,388,116,434,134
Mus musculus,hsa05415,445,NDUFA1,NDUFC2-KCTD14...,1235,836,46,17,1212,828,1258,844
Mus musculus,hsa05415,445,NDUFA10,NDUFC2-KCTD14...,1235,836,46,17,1212,828,1258,844
Mus musculus,hsa05415,445,NDUFA11,NDUFC2-KCTD14...,1235,836,46,17,1212,828,1258,844
Mus musculus,hsa05415,445,NDUFA12,NDUFC2-KCTD14...,1235,836,46,17,1212,828,1258,844
Mus musculus,hsa05415,445,NDUFA13,NDUFC2-KCTD14...,1235,836,46,17,1212,828,1258,844
Mus musculus,hsa05415,445,NDUFA2,NDUFC2-KCTD14...,1235,836,46,17,1212,828,1258,844
Mus musculus,hsa05415,445,NDUFA4,NDUFC2-KCTD14...,1235,836,46,17,1212,828,1258,844
Mus musculus,hsa05415,445,NDUFA6,NDUFC2-KCTD14...,1235,836,46,17,1212,828,1258,844
Mus musculus,hsa05415,445,NDUFA8,NDUFC2-KCTD14...,1235,836,46,17,1212,828,1258,844
Mus musculus,hsa05415,445,NDUFA9,NDUFC2-KCTD14...,1235,836,46,17,1212,828,1258,844
Mus musculus,hsa05415,445,NDUFB10,NDUFC2-KCTD14...,1235,836,46,17,1212,828,1258,844
Mus musculus,hsa05415,445,NDUFB11,NDUFC2-KCTD14...,1235,836,46,17,1212,828,1258,844
Mus musculus,hsa05415,445,NDUFB3,NDUFC2-KCTD14...,1235,836,46,17,1212,828,1258,844
Mus musculus,hsa05415,445,NDUFB8,NDUFC2-KCTD14...,1235,836,46,17,1212,828,1258,844
Mus musculus,hsa05415,445,NDUFB9,NDUFC2-KCTD14...,1235,836,46,17,1212,828,1258,844
Mus musculus,hsa05415,445,NDUFC2,NDUFC2-KCTD14...,1235,836,46,17,1212,828,1258,844
Mus musculus,hsa05415,445,NDUFS1,NDUFC2-KCTD14...,1235,836,46,17,1212,828,1258,844
Mus musculus,hsa05415,445,NDUFS2,NDUFC2-KCTD14...,1235,836,46,17,1212,828,1258,844
Mus musculus,hsa05415,445,NDUFS3,NDUFC2-KCTD14...,1235,836,46,17,1212,828,1258,844
Mus musculus,hsa05415,445,NDUFS4,NDUFC2-KCTD14...,1235,836,46,17,1212,828,1258,844
Mus musculus,hsa05415,445,NDUFS6,NDUFC2-KCTD14...,1235,836,46,17,1212,828,1258,844
Mus musculus,hsa05415,445,NDUFS7,NDUFC2-KCTD14...,1235,836,46,17,1212,828,1258,844
Mus musculus,hsa05415,445,NDUFS8,NDUFC2-KCTD14...,1235,836,46,17,1212,828,1258,844
Mus musculus,hsa05415,445,NDUFV1,NDUFC2-KCTD14...,1235,836,46,17,1212,828,1258,844
Mus musculus,hsa05415,445,NDUFV2,NDUFC2-KCTD14...,1235,836,46,17,1212,828,1258,844
Mus musculus,hsa05415,446,SDHA,"SDHA, CMD1GG, FP, MC2DN1, NDAXOA, PGL5, PPGL5, SDH1, SDH2, SDHF...",1235,865,46,17,1212,856,1258,874
Mus musculus,hsa05415,446,SDHB,"SDHA, CMD1GG, FP, MC2DN1, NDAXOA, PGL5, PPGL5, SDH1, SDH2, SDHF...",1235,865,46,17,1212,856,1258,874
Mus musculus,hsa05415,446,SDHC,"SDHA, CMD1GG, FP, MC2DN1, NDAXOA, PGL5, PPGL5, SDH1, SDH2, SDHF...",1235,865,46,17,1212,856,1258,874
Mus musculus,hsa05415,446,SDHD,"SDHA, CMD1GG, FP, MC2DN1, NDAXOA, PGL5, PPGL5, SDH1, SDH2, SDHF...",1235,865,46,17,1212,856,1258,874
Mus musculus,hsa05415,447,CYC1,"UQCR11, 0710008D09Rik, QCR10, UQCR...",1235,894,46,17,1212,886,1258,902
Mus musculus,hsa05415,447,UQCRB,"UQCR11, 0710008D09Rik, QCR10, UQCR...",1235,894,46,17,1212,886,1258,902
Mus musculus,hsa05415,447,UQCRC1,"UQCR11, 0710008D09Rik, QCR10, UQCR...",1235,894,46,17,1212,886,1258,902
Mus musculus,hsa05415,447,UQCRC2,"UQCR11, 0710008D09Rik, QCR10, UQCR...",1235,894,46,17,1212,886,1258,902
Mus musculus,hsa05415,447,UQCRFS1,"UQCR11, 0710008D09Rik, QCR10, UQCR...",1235,894,46,17,1212,886,1258,902
Mus musculus,hsa05415,447,UQCRQ,"UQCR11, 0710008D09Rik, QCR10, UQCR...",1235,894,46,17,1212,886,1258,902
Mus musculus,hsa05415,448,ATP5F1A,"ATP5PD, APT5H, ATP5H, ATPQ...",1235,952,46,17,1212,944,1258,960
Mus musculus,hsa05415,448,ATP5F1B,"ATP5PD, APT5H, ATP5H, ATPQ...",1235,952,46,17,1212,944,1258,960
Mus musculus,hsa05415,448,ATP5F1D,"ATP5PD, APT5H, ATP5H, ATPQ...",1235,952,46,17,1212,944,1258,960
Mus musculus,hsa05415,448,ATP5F1E,"ATP5PD, APT5H, ATP5H, ATPQ...",1235,952,46,17,1212,944,1258,960
Mus musculus,hsa05415,448,ATP5PO,"ATP5PD, APT5H, ATP5H, ATPQ...",1235,952,46,17,1212,944,1258,960
Mus musculus,hsa05415,449,COX4I1,"COX6B2, COXVIB2, CT59...",1235,923,46,17,1212,914,1258,932
Mus musculus,hsa05415,449,COX4I2,"COX6B2, COXVIB2, CT59...",1235,923,46,17,1212,914,1258,932
Mus musculus,hsa05415,449,COX5A,"COX6B2, COXVIB2, CT59...",1235,923,46,17,1212,914,1258,932
Mus musculus,hsa05415,449,COX6A1,"COX6B2, COXVIB2, CT59...",1235,923,46,17,1212,914,1258,932
Mus musculus,hsa05415,449,COX6A2,"COX6B2, COXVIB2, CT59...",1235,923,46,17,1212,914,1258,932
Mus musculus,hsa05415,449,COX6B1,"COX6B2, COXVIB2, CT59...",1235,923,46,17,1212,914,1258,932
Mus musculus,hsa05415,449,COX7B,"COX6B2, COXVIB2, CT59...",1235,923,46,17,1212,914,1258,932
Mus musculus,hsa05415,449,COX8A,"COX6B2, COXVIB2, CT59...",1235,923,46,17,1212,914,1258,932
Mus musculus,hsa05415,467,PDK3,"PDK2, PDHK2, PDKII...",1045,519,46,17,1022,510,1068,528
Mus musculus,hsa05415,487,INSR,"INSR, CD220, HHF5",411,749,46,17,388,740,434,758
Mus musculus,hsa05415,496,INS,"INS, IDDM, IDDM1, IDDM2, ILPR, IRDN, MODY10, PNDM4",326,749,46,17,303,740,349,758
Mus musculus,hsa05415,498,GYS1,"GYS1, GSY, GYS...",787,824,46,17,764,816,810,832
Mus musculus,hsa05415,498,GYS2,"GYS1, GSY, GYS...",787,824,46,17,764,816,810,832
Mus musculus,hsa05415,510,PIK3CA,"P3R3URF-PIK3R3, LOC110117498-PIK3R3...",580,749,46,17,557,740,603,758
Mus musculus,hsa05415,510,PIK3CD,"P3R3URF-PIK3R3, LOC110117498-PIK3R3...",580,749,46,17,557,740,603,758
Mus musculus,hsa05415,510,PIK3R1,"P3R3URF-PIK3R3, LOC110117498-PIK3R3...",580,749,46,17,557,740,603,758
Mus musculus,hsa05415,510,PIK3R2,"P3R3URF-PIK3R3, LOC110117498-PIK3R3...",580,749,46,17,557,740,603,758
Mus musculus,hsa05415,511,AKT2,"AKT3, MPPH, MPPH2, PKB-GAMMA, PKBG, PRKBG, RAC-PK-gamma, RAC-gamma, STK-2...",718,749,46,17,695,740,741,758
Mus musculus,hsa05415,512,PTEN,"PTEN, 10q23del, BZS, CWS1, DEC, GLM2, MHAM, MMAC1, PTEN1, PTENbeta, TEP1",616,703,46,17,593,694,639,712
Mus musculus,hsa05415,543,PDHA1,"PDHA1, E1alpha, PDHA, PDHAD, PDHCE1A, PHE1A...",984,889,46,17,961,880,1007,898
Mus musculus,hsa05415,543,PDHA2,"PDHA1, E1alpha, PDHA, PDHAD, PDHCE1A, PHE1A...",984,889,46,17,961,880,1007,898
Mus musculus,hsa05415,543,PDHB,"PDHA1, E1alpha, PDHA, PDHAD, PDHCE1A, PHE1A...",984,889,46,17,961,880,1007,898
Mus musculus,hsa05415,545,PDK3,"PDK2, PDHK2, PDKII...",989,847,46,17,966,838,1012,856
Mus musculus,hsa05415,558,MPC1,"MPC2, BRP44, SLC54A2...",870,902,46,17,847,894,893,910
Mus musculus,hsa05415,619,PLCB1,"PLCB1, DEE12, EIEE12, PI-PLC, PLC-154, PLC-I, PLC-beta-1, PLC154, PLCB1A, PLCB1B...",1110,1313,46,17,1087,1304,1133,1322
Mus musculus,hsa05415,619,PLCB3,"PLCB1, DEE12, EIEE12, PI-PLC, PLC-154, PLC-I, PLC-beta-1, PLC154, PLCB1A, PLCB1B...",1110,1313,46,17,1087,1304,1133,1322
Mus musculus,hsa05415,619,PLCB4,"PLCB1, DEE12, EIEE12, PI-PLC, PLC-154, PLC-I, PLC-beta-1, PLC154, PLCB1A, PLCB1B...",1110,1313,46,17,1087,1304,1133,1322
Mus musculus,hsa05415,640,SLC2A1,"SLC2A1, CSE, DYT17, DYT18, DYT9, EIG12, GLUT, GLUT-1, GLUT1, GLUT1DS, HTLVR, PED, SDCHCN",1025,1265,46,17,1002,1256,1048,1274
Mus musculus,hsa05415,653,SLC2A1,"SLC2A1, CSE, DYT17, DYT18, DYT9, EIG12, GLUT, GLUT-1, GLUT1, GLUT1DS, HTLVR, PED, SDCHCN",411,1359,46,17,388,1350,434,1368
Mus musculus,hsa05415,700,G6PD,"G6PD, G6PD1",545,1423,46,17,522,1414,568,1432
Mus musculus,hsa05415,708,GSR,"GSR, GR, GSRD, HEL-75, HEL-S-122m",602,1423,46,17,579,1414,625,1432
Mus musculus,hsa05415,738,CTSD,"CTSD, CLN10, CPSD, HEL-S-130P",805,622,46,17,782,614,828,630
Mus musculus,hsa05415,83,CPT2,"CPT1B, CPT1-M, CPT1M, CPTI, CPTI-M, M-CPT1, MCCPT1, MCPT1...",952,750,46,17,929,742,975,758
Mus musculus,hsa05416,105,CYCS,"CYCS, CYC, HCS, THC4",814,647,46,17,791,638,837,656
Mus musculus,hsa05417,1008,ITPR1,"ITPR1, ACV, CLA4, INSP3R1, IP3R, IP3R1, PPP1R94, SCA15, SCA16, SCA29",681,1020,46,17,658,1012,704,1028
Mus musculus,hsa05417,1055,APOB,"APOB, FCHL2, FLDB, LDLCQ4, apoB-100, apoB-48",157,890,46,17,134,882,180,898
Mus musculus,hsa05417,1121,APOB,"APOB, FCHL2, FLDB, LDLCQ4, apoB-100, apoB-48",165,714,46,17,142,706,188,722
Mus musculus,hsa05417,1122,LDLR,"LDLR, FH, FHC, FHCL1, LDLCQ2",165,669,46,17,142,660,188,678
Mus musculus,hsa05417,17,AKT2,"AKT3, MPPH, MPPH2, PKB-GAMMA, PKBG, PRKBG, RAC-PK-gamma, RAC-gamma, STK-2...",1075,1526,46,17,1052,1518,1098,1534
Mus musculus,hsa05417,19,PIK3CA,"P3R3URF-PIK3R3, LOC110117498-PIK3R3...",865,1526,46,17,842,1518,888,1534
Mus musculus,hsa05417,19,PIK3CD,"P3R3URF-PIK3R3, LOC110117498-PIK3R3...",865,1526,46,17,842,1518,888,1534
Mus musculus,hsa05417,19,PIK3R1,"P3R3URF-PIK3R3, LOC110117498-PIK3R3...",865,1526,46,17,842,1518,888,1534
Mus musculus,hsa05417,19,PIK3R2,"P3R3URF-PIK3R3, LOC110117498-PIK3R3...",865,1526,46,17,842,1518,888,1534
Mus musculus,hsa05417,279,PLCB1,"PLCB1, DEE12, EIEE12, PI-PLC, PLC-154, PLC-I, PLC-beta-1, PLC154, PLCB1A, PLCB1B...",954,1583,46,17,931,1574,977,1592
Mus musculus,hsa05417,279,PLCB3,"PLCB1, DEE12, EIEE12, PI-PLC, PLC-154, PLC-I, PLC-beta-1, PLC154, PLCB1A, PLCB1B...",954,1583,46,17,931,1574,977,1592
Mus musculus,hsa05417,279,PLCB4,"PLCB1, DEE12, EIEE12, PI-PLC, PLC-154, PLC-I, PLC-beta-1, PLC154, PLCB1A, PLCB1B...",954,1583,46,17,931,1574,977,1592
Mus musculus,hsa05417,293,AKT2,"AKT3, MPPH, MPPH2, PKB-GAMMA, PKBG, PRKBG, RAC-PK-gamma, RAC-gamma, STK-2...",792,178,46,17,769,170,815,186
Mus musculus,hsa05417,294,PIK3CA,"P3R3URF-PIK3R3, LOC110117498-PIK3R3...",648,177,46,17,625,168,671,186
Mus musculus,hsa05417,294,PIK3CD,"P3R3URF-PIK3R3, LOC110117498-PIK3R3...",648,177,46,17,625,168,671,186
Mus musculus,hsa05417,294,PIK3R1,"P3R3URF-PIK3R3, LOC110117498-PIK3R3...",648,177,46,17,625,168,671,186
Mus musculus,hsa05417,294,PIK3R2,"P3R3URF-PIK3R3, LOC110117498-PIK3R3...",648,177,46,17,625,168,671,186
Mus musculus,hsa05417,375,ABCA1,"ABCA1, ABC-1, ABC1, CERP, HDLCQTL13, HDLDT1, HPALP1, TGD",430,1328,46,17,407,1320,453,1336
Mus musculus,hsa05417,451,NFE2L2,"NFE2L2, HEBP1, IMDDHH, NRF2, Nrf-2",827,1330,46,17,804,1322,850,1338
Mus musculus,hsa05417,496,VLDLR,"VLDLR, CAMRQ1, CARMQ1, CHRMQ1, VLDL-R, VLDLRCH",780,1526,46,17,757,1518,803,1534
Mus musculus,hsa05417,522,CYCS,"CYCS, CYC, HCS, THC4",1150,1770,46,17,1127,1762,1173,1778
Mus musculus,hsa05417,555,APOB,"APOB, FCHL2, FLDB, LDLCQ4, apoB-100, apoB-48",111,239,46,17,88,230,134,248
Mus musculus,hsa05417,559,APOA1,"APOA1, AMYLD3, HPALP2, apo(a)",111,308,46,17,88,300,134,316
Mus musculus,hsa05417,845,TBK1,"TBK1, AIARV, FTDALS4, IIAE8, NAK, T2K",826,607,46,17,803,598,849,616
Mus musculus,hsa05417,863,HSPD1,"HSPA1A, HEL-S-103, HSP70, HSP70-1, HSP70-1A, HSP70-2, HSP70.1, HSP70.2, HSP70I, HSP72, HSPA1...",322,414,46,17,299,406,345,422
Mus musculus,hsa05418,13,AKT2,"AKT3, MPPH, MPPH2, PKB-GAMMA, PKBG, PRKBG, RAC-PK-gamma, RAC-gamma, STK-2...",495,337,46,17,472,328,518,346
Mus musculus,hsa05418,16,PIK3CA,"P3R3URF-PIK3R3, LOC110117498-PIK3R3...",406,337,46,17,383,328,429,346
Mus musculus,hsa05418,16,PIK3CD,"P3R3URF-PIK3R3, LOC110117498-PIK3R3...",406,337,46,17,383,328,429,346
Mus musculus,hsa05418,16,PIK3R1,"P3R3URF-PIK3R3, LOC110117498-PIK3R3...",406,337,46,17,383,328,429,346
Mus musculus,hsa05418,16,PIK3R2,"P3R3URF-PIK3R3, LOC110117498-PIK3R3...",406,337,46,17,383,328,429,346
Mus musculus,hsa05418,178,NFE2L2,"NFE2L2, HEBP1, IMDDHH, NRF2, Nrf-2",503,533,46,17,480,524,526,542
Mus musculus,hsa05418,24,NFE2L2,"NFE2L2, HEBP1, IMDDHH, NRF2, Nrf-2",709,293,46,17,686,284,732,302
Mus musculus,hsa05418,28,NFE2L2,"NFE2L2, HEBP1, IMDDHH, NRF2, Nrf-2",870,293,46,17,847,284,893,302
Mus musculus,hsa05418,50,NFE2L2,"NFE2L2, HEBP1, IMDDHH, NRF2, Nrf-2",563,1059,46,17,540,1050,586,1068
Mus musculus,hsa05418,71,HMOX1,"HMOX1, HMOX1D, HO-1, HSP32, bK286B10",1026,216,46,17,1003,208,1049,224
Mus musculus,hsa05418,73,TXN2,"TXN2, COXPD29, MT-TRX, MTRX, TRX2, TXN...",1080,240,46,17,1057,232,1103,248
Mus musculus,hsa05418,77,ASS1,"ASS1, ASS, CTLN1",1134,285,46,17,1111,276,1157,294
