PMID,Title
408,Defective lysosomal enzyme secretion in kidneys of Chediak-Higashi (beige) mice.
1113502,"Formation of anomalous lysosomes in monocytes, neutrophils, and eosinophils from bone marrow of mice with Chédiak-Higashi syndrome."
1115218,Spontaneous aortic aneurysms in blotchy mice.
1523694,Cytoarchitectonic abnormalities in cerebellum and hippocampal formation of beige mutant mouse.
1531355,Brain serotonin2 and serotonin1A receptors are altered in the congenitally hyperammonemic sparse fur mouse.
1575747,Effects of congenital hyperammonemia on the cerebral and hepatic levels of the intermediates of energy metabolism in spf mice.
1696177,Transgenic mouse model of kidney disease: insertional inactivation of ubiquitously expressed gene leads to nephrotic syndrome.
1819648,"Urate oxidase activity and copper content in the liver of macular mutant mouse, a model animal for human congenital copper deficiency, Menkes' kinky hair disease."
1912584,Platelet storage pool deficiency associated with inherited abnormalities of the inner ear in the mouse pigment mutants muted and mocha.
1936982,Sandy: a new mouse model for platelet storage pool deficiency.
1939658,"Erythropoietic protoporphyria in the house mouse. A recessive inherited ferrochelatase deficiency with anemia, photosensitivity, and liver disease."
1996978,Animal model of systemic carnitine deficiency: analysis in C3H-H-2 degrees strain of mouse associated with juvenile visceral steatosis.
2111021,Correction of murine mucopolysaccharidosis VII by a human beta-glucuronidase transgene.
2495302,Murine mucopolysaccharidosis type VII. Characterization of a mouse with beta-glucuronidase deficiency.
2516826,Genetic deficiency of purine nucleoside phosphorylase in the mouse. Characterization of partially and severely enzyme deficient mutants.
2712823,Organic aciduria and butyryl CoA dehydrogenase deficiency in BALB/cByJ mice.
3162766,Correction of mouse ornithine transcarbamylase deficiency by gene transfer into the germ line.
3352223,Infantile disease with microvesicular fatty infiltration of viscera spontaneously occurring in the C3H-H-2(0) strain of mouse with similarities to Reye's syndrome.
3385878,"Age of onset, pattern of distribution, and histology of aneurysm development in a genetically predisposed mouse model."
3408670,Cocoa: a new mouse model for platelet storage pool deficiency.
3981356,Expression of ornithine transcarbamylase deficiency in the small intestine and colon of sparse-fur mutant mice.
4589319,Granulocyte function in the Chediak-Higashi syndrome of mice.
4601767,Infection and immunoglobulin concentrations in Chediak-Higashi mice.
4697831,Distribution of anomalous lysosomes in the beige mouse: a homologue of Chediak-Higashi syndrome.
4858102,Primary defect in copper transport underlies mottled mutants in the mouse.
5452809,X-linked gene for testicular feminization in the mouse.
5590154,Giant granules in leukocytes of the beige mouse.
5713631,"Three recessive mutations producing disproportionate dwarfing in mice: achondroplasia, brachymorphic, and stubby."
5955164,Behavioural profiles of neurological mutant mice.
6058079,Acatalasemic and hypocathalasemic mouse mutants. II. Mutational variations in blood and solid tissue catalases.
6232310,Pigmentation and lysosomal phenotypes in mice doubly homozygous for both light-ear and pale-ear mutant alleles.
6257302,A lysosomal storage disorder in mice characterized by a dual deficiency of sphingomyelinase and glucocerebrosidase.
6682087,Homologous genes for X-linked chondrodysplasia punctata in man and mouse.
6685755,"Cadmium, zinc, and copper metabolism in the mottled mouse, an animal model for Menkes' kinky hair syndrome."
6696991,Platelet storage pool deficiency in mouse pigment mutations associated with seven distinct genetic loci.
7089489,Pigment mutations in the mouse which also affect lysosomal functions lead to suppressed natural killer cell activity.
7202025,"Sphingomyelinosis, a new mutation in the mouse: a model of Niemann-Pick disease in humans."
7344126,A new breed of mouse showing multiple osteochondral lesions--twy mouse.
7366734,Low natural in vivo resistance to syngeneic leukaemias in natural killer-deficient mice.
7417782,Hereditary leucodystrophy in the mouse: the new mutant twitcher.
7437911,The Twitcher mouse: an enzymatically authentic model of human globoid cell leukodystrophy (Krabbe disease).
7509865,Dopamine deficiency in a genetic mouse model of Lesch-Nyhan disease.
7545495,Pharmacological correction of neonatal lethal hepatic dysfunction in a murine model of hereditary tyrosinaemia type I.
7550313,Mice lacking tissue non-specific alkaline phosphatase die from seizures due to defective metabolism of vitamin B-6.
7550345,Mouse models of Tay-Sachs and Sandhoff diseases differ in neurologic phenotype and ganglioside metabolism.
7550347,Mice lacking ornithine-delta-aminotransferase have paradoxical neonatal hypoornithinaemia and retinal degeneration.
7553875,Transgenic knockouts reveal a critical requirement for pancreatic beta cell glucokinase in maintaining glucose homeostasis.
7579416,Primary structure of murine red blood cell-type pyruvate kinase (PK) and molecular characterization of PK deficiency identified in the CBA strain.
7600574,Acid sphingomyelinase-deficient mice mimic the neurovisceral form of human lysosomal storage disease (Niemann-Pick disease).
7602333,Phenotypic and pathologic evaluation of the myd mouse. A candidate model for facioscapulohumeral dystrophy.
7665557,Animal model for maturity-onset diabetes of the young generated by disruption of the mouse glucokinase gene.
7670466,Acid sphingomyelinase deficient mice: a model of types A and B Niemann-Pick disease.
7683855,Motor neuron degeneration of mice is a model of neuronal ceroid lipofuscinosis (Batten's disease).
7707692,Decreased hyperammonaemia and orotic aciduria due to inactivation of ornithine aminotransferase in mice with a hereditary abnormal ornithine carbamoyltransferase.
7715704,Noradrenaline is essential for mouse fetal development.
7759497,"COOH-terminal disruption of lipoprotein lipase in mice is lethal in homozygotes, but heterozygotes have elevated triglycerides and impaired enzyme activity."
7792602,Aggressive behavior and altered amounts of brain serotonin and norepinephrine in mice lacking MAOA.
7816342,Evidence for cholinergic neuronal loss in brain in congenital ornithine transcarbamylase deficiency.
7874115,Human muscle glycogenosis due to phosphorylase kinase deficiency associated with a nonsense mutation in the muscle isoform of the alpha subunit.
7884320,Cloning and characterization of a novel cDNA that is IFN-gamma-induced in mouse peritoneal macrophages and encodes a putative GTP-binding protein.
7937929,Targeted disruption of the Hexa gene results in mice with biochemical and pathologic features of Tay-Sachs disease.
7977654,Mice with homozygous disruption of the mdr2 P-glycoprotein gene. A novel animal model for studies of nonsuppurative inflammatory cholangitis and hepatocarcinogenesis.
8041507,Activities of monoamine oxidase-A and -B are altered in the brains of congenitally hyperammonemic sparse-fur (spf) mice.
8055108,Arthritis and ankylosis in twy mice with hereditary multiple osteochondral lesions: with special reference to calcium deposition.
8155735,Primary defect of juvenile visceral steatosis (jvs) mouse with systemic carnitine deficiency is probably in renal carnitine transport system.
8188247,"aku, a mutation of the mouse homologous to human alkaptonuria, maps to chromosome 16."
8197477,Generation of a mouse model for citrullinemia by targeted disruption of the argininosuccinate synthetase gene.
8325377,Cardiac hypertrophy in juvenile visceral steatosis (jvs) mice with systemic carnitine deficiency.
8375656,Mouse models of human phenylketonuria.
8441253,The pallid mouse. A model of genetic alpha 1-antitrypsin deficiency.
8528241,Early neonatal death in mice homozygous for a null allele of the insulin receptor gene.
8530440,Pancreatic beta-cell-specific targeted disruption of glucokinase gene. Diabetes mellitus due to defective insulin secretion to glucose.
8563760,Porphobilinogen deaminase deficiency in mice causes a neuropathy resembling that of human hepatic porphyria.
8598044,"Hepatocyte nuclear factor 1 inactivation results in hepatic dysfunction, phenylketonuria, and renal Fanconi syndrome."
8612577,Targeted disruption of the insulin receptor gene in the mouse results in neonatal lethality.
8628395,Hyperlocomotion and indifference to cocaine and amphetamine in mice lacking the dopamine transporter.
8643571,"Adenine phosphoribosyltransferase-deficient mice develop 2,8-dihydroxyadenine nephrolithiasis."
8675619,"Severe hypertriglyceridemia, reduced high density lipoprotein, and neonatal death in lipoprotein lipase knockout mice. Mild hypertriglyceridemia with impaired very low density lipoprotein clearance in heterozygotes."
8706124,Acid sphingomyelinase-deficient human lymphoblasts and mice are defective in radiation-induced apoptosis.
8710849,Targeted disruption of the arylsulfatase B gene results in mice resembling the phenotype of mucopolysaccharidosis VI.
8733750,Increased startle responses in mice carrying mutations of glycine receptor subunit genes.
8747922,"Disruption of murine Hexa gene leads to enzymatic deficiency and to neuronal lysosomal storage, similar to that observed in Tay-Sachs disease."
8750014,The sparse fur mouse as a model for gene therapy in ornithine carbamoyltransferase deficiency.
8776585,"Targeted disruption of the mouse sphingolipid activator protein gene: a complex phenotype, including severe leukodystrophy and wide-spread storage of multiple sphingolipids."
8789434,Dramatically different phenotypes in mouse models of human Tay-Sachs and Sandhoff diseases.
8798738,Hepatocellular and hepatic peroxisomal alterations in mice with a disrupted peroxisomal fatty acyl-coenzyme A oxidase gene.
8864750,"Mice with adenine phosphoribosyltransferase deficiency develop fatal 2,8-dihydroxyadenine lithiasis."
8894697,The toxic milk mouse is a murine model of Wilson disease.
8895222,Blotchy mice: a model of osteoarthritis associated with a metabolic defect.
8921909,Two distinct apolipoprotein B alleles in mice generated by a single 'in-out' targeting.
8946839,A mouse model for the human lysosomal disease aspartylglycosaminuria.
8962139,Phenotype of arylsulfatase A-deficient mice: relationship to human metachromatic leukodystrophy.
9013935,"Targeted mutation in beta1,4-galactosyltransferase leads to pituitary insufficiency and neonatal lethality."
9054454,Targeted disruption of the mouse lecithin:cholesterol acyltransferase (LCAT) gene. Generation of a new animal model for human LCAT deficiency.
9056646,Inactivation of two mouse alkaline phosphatase genes and establishment of a model of infantile hypophosphatasia.
9063740,Generalized CNS disease and massive GM1-ganglioside accumulation in mice defective in lysosomal acid beta-galactosidase.
9071485,Neurological manifestations of knockout mice with beta-galactosidase deficiency.
9097952,Murine mucopolysaccharidosis type I: targeted disruption of the murine alpha-L-iduronidase gene.
9119379,Characterization of mutations at the mouse phenylalanine hydroxylase locus.
9122228,Point mutations at the purine nucleoside phosphorylase locus impair thymocyte differentiation in the mouse.
9122231,alpha-Galactosidase A deficient mice: a model of Fabry disease.
9126326,Adrenoleukodystrophy protein-deficient mice represent abnormality of very long chain fatty acid metabolism.
9140816,Altered expression of atrial natriuretic peptide and contractile protein genes in hypertrophied ventricle of JVS mice with systemic carnitine deficiency.
9151734,Slow-channel transgenic mice: a model of postsynaptic organellar degeneration at the neuromuscular junction.
9223328,Mouse model of GM2 activator deficiency manifests cerebellar pathology and motor impairment.
9233792,Glutamate transporter EAAC-1-deficient mice develop dicarboxylic aminoaciduria and behavioral abnormalities but no neurodegeneration.
9256488,A mouse model for X-linked adrenoleukodystrophy.
9302256,"X-linked glycerol kinase deficiency in the mouse leads to growth retardation, altered fat metabolism, autonomous glucocorticoid secretion and neonatal death."
9305844,Phospholipase C isozymes selectively couple to specific neurotransmitter receptors.
9308961,"Diabetes, defective pancreatic morphogenesis, and abnormal enteroendocrine differentiation in BETA2/neuroD-deficient mice."
9326645,Targeted disruption of the mouse gene encoding steroidogenic acute regulatory protein provides insights into congenital lipoid adrenal hyperplasia.
9337086,Beta-galactosidase-deficient mouse as an animal model for GM1-gangliosidosis.
9342151,A 31P-magnetic resonance spectroscopy and biochemical study of the mo(vbr) mouse: potential model for the mitochondrial encephalomyopathies.
9354799,Early diabetes and abnormal postnatal pancreatic islet development in mice lacking Glut-2.
9359030,Potential role of streptozotocin in enhancing ossification of the posterior longitudinal ligament of the cervical spine in the hereditary spinal hyperostotic mouse (twy/twy).
9380735,Heme oxygenase 1 is required for mammalian iron reutilization.
9382882,Lipopolysaccharide induces disseminated endothelial apoptosis requiring ceramide generation.
9384603,Generalized glycogen storage and cardiomegaly in a knockout mouse model of Pompe disease.
9405715,11beta-hydroxysteroid dehydrogenase type 1 knockout mice show attenuated glucocorticoid-inducible responses and resist hyperglycemia on obesity or stress.
9418970,Targeted inactivation of the X-linked adrenoleukodystrophy gene in mice.
9425233,Mice with an aspartylglucosaminuria mutation similar to humans replicate the pathophysiology in patients.
9425240,A point mutation in the neu-1 locus causes the neuraminidase defect in the SM/J mouse.
9434937,rim2 (recombination-induced mutation 2) is a new allele of pearl and a mouse model of human Hermansky-Pudlak syndrome (HPS): genetic and physical mapping.
9478961,Adenosine deaminase-deficient mice generated using a two-stage genetic engineering strategy exhibit a combined immunodeficiency.
9566924,Laron dwarfism and non-insulin-dependent diabetes mellitus in the Hnf-1alpha knockout mouse.
9585243,Mouse models of Hermansky Pudlak syndrome: a review.
9593760,Functional overlap between murine Inpp5b and Ocrl1 may explain why deficiency of the murine ortholog for OCRL1 does not cause Lowe syndrome in mice.
9635429,Ethanol intoxication in Drosophila: Genetic and pharmacological evidence for regulation by the cAMP signaling pathway.
9637677,beta-cell-specific inactivation of the mouse Ipf1/Pdx1 gene results in loss of the beta-cell phenotype and maturity onset diabetes.
9657742,Role of GATA-1 in proliferation and differentiation of definitive erythroid and megakaryocytic cells in vivo.
9660052,Murine MPS I: insights into the pathogenesis of Hurler syndrome.
9662402,Mutation in Npps in a mouse model of ossification of the posterior longitudinal ligament of the spine.
9668092,Targeted disruption of the acid alpha-glucosidase gene in mice causes an illness with critical features of both infantile and adult human glycogen storage disease type II.
9689096,Mineralocorticoid receptor knockout mice: pathophysiology of Na+ metabolism.
9697695,Pten is essential for embryonic development and tumour suppression.
9700186,Targeted disruption of the mouse lysosomal acid lipase gene: long-term survival with massive cholesteryl ester and triglyceride storage.
9728336,Metachromatic leukodystrophy: molecular genetics and an animal model.
9774663,Intracisternal A-particle element transposition into the murine beta-glucuronidase gene correlates with loss of enzyme activity: a new model for beta-glucuronidase deficiency in the C3H mouse.
9806541,A zebrafish model for hepatoerythropoietic porphyria.
9806542,Positional cloning of the zebrafish sauternes gene: a model for congenital sideroblastic anaemia.
9837751,"A missense mutation of mouse OCTN2, a sodium-dependent carnitine cotransporter, in the juvenile visceral steatosis mouse."
9862865,"Mice deficient in the urea-cycle enzyme, carbamoyl phosphate synthetase I, die during the early neonatal period from hyperammonemia."
9867845,Dual roles for glucokinase in glucose homeostasis as determined by liver and pancreatic beta cell-specific gene knock-outs using Cre recombinase.
9888583,Targeted disruption of StAR provides novel insights into congenital adrenal hyperplasia.
9888854,Xid-like immunodeficiency in mice with disruption of the p85alpha subunit of phosphoinositide 3-kinase.
9888855,Impaired B cell development and proliferation in absence of phosphoinositide 3-kinase p85alpha.
9888856,Role of serotonin in the paradoxical calming effect of psychostimulants on hyperactivity.
9916807,Dilated cardiomyopathy and atrioventricular conduction blocks induced by heart-specific inactivation of mitochondrial DNA gene expression.
9950794,Cholesterol balance and metabolism in mice with loss of function of Niemann-Pick C protein.
9990064,Mutation of Pten/Mmac1 in mice causes neoplasia in multiple organ systems.
10098864,Metabolic consequences of the cytochrome c oxidase deficiency in brain of copper-deficient Mo(vbr) mice.
10100867,Dysfunctions of the epididymis as a result of primary carnitine deficiency in juvenile visceral steatosis mice.
10191135,An early-onset congenic strain of the motor neuron degeneration (mnd) mouse.
10233845,Glomerular overproduction of oxygen radicals in Mpv17 gene-inactivated mice causes podocyte foot process flattening and proteinuria: A model of steroid-resistant nephrosis sensitive to radical scavenger therapy.
10381492,The C282Y mutation causing hereditary hemochromatosis does not produce a null allele.
10391218,Mutations in a delta 8-delta 7 sterol isomerase in the tattered mouse and X-linked dominant chondrodysplasia punctata. jderry@immunex.com.
10400983,Targeted disruption of the lysosomal alpha-mannosidase gene results in mice resembling a mild form of human alpha-mannosidosis.
10440905,A mouse gene knockout model for juvenile ceroid-lipofuscinosis (Batten disease).
10441329,Null mutation of the murine ATP7B (Wilson disease) gene results in intracellular copper accumulation and late-onset hepatic nodular transformation.
10471508,Disruption of the glucocorticoid receptor gene in the nervous system results in reduced anxiety.
10481908,Mice with reduced NMDA receptor expression display behaviors related to schizophrenia.
10485908,Targeted gene disruption reveals an essential role for ceruloplasmin in cellular iron efflux.
10518553,In vivo suppressor mutations correct a murine model of hereditary tyrosinemia type I.
10527801,Targeted disruption of the Cln3 gene provides a mouse model for Batten disease. The Batten Mouse Model Consortium [corrected].
10557317,Experimental hemochromatosis due to MHC class I HFE deficiency: immune status and iron metabolism.
10561464,A mouse model for mucopolysaccharidosis type III A (Sanfilippo syndrome).
10588735,Mouse model of Sanfilippo syndrome type B produced by targeted disruption of the gene encoding alpha-N-acetylglucosaminidase.
10655512,Correction of ornithine accumulation prevents retinal degeneration in a mouse model of gyrate atrophy of the choroid and retina.
10664446,Targeted disruption of NDST-1 gene leads to pulmonary hypoplasia and neonatal respiratory distress in mice.
10705993,"Regulation of the apolipoprotein B in heterozygous hypobetalipoproteinemic knock-out mice expressing truncated apoB, B81. Low production and enhanced clearance of apoB cause low levels of apoB."
10734066,Sur1 knockout mice. A model for K(ATP) channel-independent regulation of insulin secretion.
10737799,Genetic modification of survival in tissue-specific knockout mice with mitochondrial cardiomyopathy.
10748062,Inactivation of the peroxisomal multifunctional protein-2 in mice impedes the degradation of not only 2-methyl-branched fatty acids and bile acid intermediates but also of very long chain fatty acids.
10760292,High density lipoprotein deficiency and foam cell accumulation in mice with targeted disruption of ATP-binding cassette transporter-1.
10767173,A heteroallelic mutant mouse model: A new orthologue for human hyperphenylalaninemia.
10772389,Ornithine decarboxylase transgenic mice as a model for human atrichia with papular lesions.
10791995,Genes that modify the hemochromatosis phenotype in mice.
10838256,Modulation of disease severity in mice with targeted disruption of the acid alpha-glucosidase gene.
10852901,Defective heparan sulfate biosynthesis and neonatal lethality in mice lacking N-deacetylase/N-sulfotransferase-1.
10859366,A mutation in Rab27a causes the vesicle transport defects observed in ashen mice.
10888597,"Increased levels of apoptosis in the prefusion neural folds underlie the craniofacial disorder, Treacher Collins syndrome."
10894262,Knock-out mouse for Canavan disease: a model for gene transfer to the central nervous system.
10910075,High incidence of breast and endometrial neoplasia resembling human Cowden syndrome in pten+/- mice.
10972293,Accumulation of autophagic vacuoles and cardiomyopathy in LAMP-2-deficient mice.
10976923,Developmental roles of the steroidogenic acute regulatory protein (StAR) as revealed by StAR knockout mice.
10980140,"Functional loss of ABCA1 in mice causes severe placental malformation, aberrant lipid distribution, and kidney glomerulonephritis as well as high-density lipoprotein cholesterol deficiency."
10998094,Different functions of fetal and adult AChR subtypes for the formation and maintenance of neuromuscular synapses revealed in epsilon-subunit-deficient mice.
11005611,The Str mouse as a model for incontinentia pigmenti.
11062485,"Hypoglycaemia, liver necrosis and perinatal death in mice lacking all isoforms of phosphoinositide 3-kinase p85 alpha."
11076932,Alpha-tocopherol transfer protein is important for the normal development of placental labyrinthine trophoblasts in mice.
11095717,Increased atherosclerosis in hyperlipidemic mice deficient in alpha -tocopherol transfer protein and vitamin E.
11138012,"Lipodystrophy in the fld mouse results from mutation of a new gene encoding a nuclear protein, lipin."
11172062,Hyperactivity and impaired response habituation in hyperdopaminergic mice.
11175786,"Mouse models for Friedreich ataxia exhibit cardiomyopathy, sensory nerve defect and Fe-S enzyme deficiency followed by intramitochondrial iron deposits."
11181567,"Mice deficient in methylenetetrahydrofolate reductase exhibit hyperhomocysteinemia and decreased methylation capacity, with neuropathology and aortic lipid deposition."
11209059,Point mutations in the murine fumarylacetoacetate hydrolase gene: Animal models for the human genetic disorder hereditary tyrosinemia type 1.
11228259,A novel model of murine mucopolysaccharidosis type VII due to an intracisternal a particle element transposition into the beta-glucuronidase gene: clinical and pathologic findings.
11230174,"Biochemical, phenotypic and neurophysiological characterization of a genetic mouse model of RSH/Smith--Lemli--Opitz syndrome."
11297820,Decelerated rate of dendrite outgrowth from dopaminergic neurons in primary cultures from brains of hypoxanthine phosphoribosyltransferase-deficient knockout mice.
11358670,Overexpression of aromatase in transgenic male mice results in the induction of gynecomastia and other biochemical changes in mammary glands.
11371512,"A mutation in the saposin A domain of the sphingolipid activator protein (prosaposin) gene results in a late-onset, chronic form of globoid cell leukodystrophy in the mouse."
11387480,Insulin resistance and a diabetes mellitus-like syndrome in mice lacking the protein kinase Akt2 (PKB beta).
11454988,Analysis of the lung pathology and alveolar macrophage function in the acid sphingomyelinase--deficient mouse model of Niemann-Pick disease.
11461188,Generation of a mouse with low galactocerebrosidase activity by gene targeting: a new model of globoid cell leukodystrophy (Krabbe disease).
11461924,Copper transport and metabolism are normal in aceruloplasminemic mice.
11461925,"Fatal propionic acidemia in mice lacking propionyl-CoA carboxylase and its rescue by postnatal, liver-specific supplementation via a transgene."
11517215,Catecholamines and serotonin are differently regulated by tetrahydrobiopterin. A study from 6-pyruvoyltetrahydropterin synthase knockout mice.
11546766,"Improved lipid and lipoprotein profile, hepatic insulin sensitivity, and glucose tolerance in 11beta-hydroxysteroid dehydrogenase type 1 null mice."
11560960,7-Dehydrocholesterol-dependent proteolysis of HMG-CoA reductase suppresses sterol biosynthesis in a mouse model of Smith-Lemli-Opitz/RSH syndrome.
11590124,"Gestational, pathologic and biochemical differences between very long-chain acyl-CoA dehydrogenase deficiency and long-chain acyl-CoA dehydrogenase deficiency in the mouse."
11717424,Disruption of PPT1 or PPT2 causes neuronal ceroid lipofuscinosis in knockout mice.
11726926,"Deletion of Pten in mouse brain causes seizures, ataxia and defects in soma size resembling Lhermitte-Duclos disease."
11772953,Disruption of the taurine transporter gene (taut) leads to retinal degeneration in mice.
11791207,Mutations in a novel CLN6-encoded transmembrane protein cause variant neuronal ceroid lipofuscinosis in man and mouse.
11805078,Modeling human congenital disorder of glycosylation type IIa in the mouse: conservation of asparagine-linked glycan-dependent functions in mammalian physiology and insights into disease pathogenesis.
11829492,Insertional mutagenesis of the mouse acid ceramidase gene leads to early embryonic lethality in homozygotes and progressive lipid storage disease in heterozygotes.
11836498,"Hermansky-Pudlak syndrome is caused by mutations in HPS4, the human homolog of the mouse light-ear gene."
11854167,"Biochemical, pathologic and behavioral analysis of a mouse model of glutaric acidemia type I."
11875044,Late onset neurological phenotype of the X-ALD gene inactivation in mice: a mouse model for adrenomyeloneuropathy.
11917141,The accessory subunit of DNA polymerase gamma is essential for mitochondrial DNA maintenance and development in Drosophila melanogaster.
11929050,A mouse model for South African (R59W) variegate porphyria: construction and initial characterization.
11997462,Neonatal hepatic steatosis by disruption of the adenosine kinase gene.
12019206,"Targeted disruption of the Epm2a gene causes formation of Lafora inclusion bodies, neurodegeneration, ataxia, myoclonus epilepsy and impaired behavioral response in mice."
12023988,Systemic and neurologic abnormalities distinguish the lysosomal disorders sialidosis and galactosialidosis in mice.
12024045,PEX11 beta deficiency is lethal and impairs neuronal migration but does not abrogate peroxisome function.
12052859,Mouse model for human arginase deficiency.
12070017,"The regulation of platelet-dense granules by Rab27a in the ashen mouse, a model of Hermansky-Pudlak and Griscelli syndromes, is granule-specific and dependent on genetic background."
12077348,Targeted deletion of both thymidine phosphorylase and uridine phosphorylase and consequent disorders in mice.
12134060,Targeted mutagenesis of the murine transferrin receptor-2 gene produces hemochromatosis.
12149188,Development of myelofibrosis in mice genetically impaired for GATA-1 expression (GATA-1(low) mice).
12149233,An exon 10 deletion in the mouse ferrochelatase gene has a dominant-negative effect and causes mild protoporphyria.
12149271,Sulfonylurea receptor type 1 knock-out mice have intact feeding-stimulated insulin secretion despite marked impairment in their response to glucose.
12163417,Conditional loss of PTEN leads to precocious development and neoplasia in the mammary gland.
12213735,Reproductive pathology and sperm physiology in acid sphingomyelinase-deficient mice.
12370309,"Intralysosomal cystine accumulation in mice lacking cystinosin, the protein defective in cystinosis."
12374761,Cln3(Deltaex7/8) knock-in mice with the common JNCL mutation exhibit progressive neurologic disease that begins before birth.
12391329,The lipid phosphatase myotubularin is essential for skeletal muscle maintenance but not for myogenesis in mice.
12393806,"Targeted disruption of Slc19a2, the gene encoding the high-affinity thiamin transporter Thtr-1, causes diabetes mellitus, sensorineural deafness and megaloblastosis in mice."
12403825,"Missense models [Gustm(E536A)Sly, Gustm(E536Q)Sly, and Gustm(L175F)Sly] of murine mucopolysaccharidosis type VII produced by targeted mutagenesis."
12441053,Roles of neurotransmitter in synapse formation: development of neuromuscular junctions lacking choline acetyltransferase.
12444108,Loss of holocytochrome c-type synthetase causes the male lethality of X-linked dominant microphthalmia with linear skin defects (MLS) syndrome.
12445206,Melanosome morphologies in murine models of hermansky-pudlak syndrome reflect blocks in organelle development.
12471057,Molybdenum cofactor-deficient mice resemble the phenotype of human patients.
12522253,Dyskeratosis congenita and cancer in mice deficient in ribosomal RNA modification.
12528192,Patterned Purkinje cell degeneration in mouse models of Niemann-Pick type C disease.
12533614,Aberrant patterning of neuromuscular synapses in choline acetyltransferase-deficient mice.
12548288,Ru2 and Ru encode mouse orthologs of the genes mutated in human Hermansky-Pudlak syndrome types 5 and 6.
12559843,A mouse model of argininosuccinic aciduria: biochemical characterization.
12566387,"Constitutive knockout of Surf1 is associated with high embryonic lethality, mitochondrial disease and cytochrome c oxidase deficiency in mice."
12572850,Enzyme replacement therapy in mucopolysaccharidosis type II (Hunter syndrome): a preliminary report.
12576554,Activated microglia in cortex of mouse models of mucopolysaccharidoses I and IIIB.
12594290,Severe impairment in early host defense against Listeria monocytogenes in mice deficient in acid sphingomyelinase.
12624268,Modification of ocular defects in mouse developmental glaucoma models by tyrosinase.
12697734,Increased islet apoptosis in Pdx1+/- mice.
12697906,"Cloning of wrinkle-free, a previously uncharacterized mouse mutation, reveals crucial roles for fatty acid transport protein 4 in skin and hair development."
12700165,Production of MPS VII mouse (Gus(tm(hE540A x mE536A)Sly)) doubly tolerant to human and mouse beta-glucuronidase.
12704387,Melanoma mouse model implicates metabotropic glutamate signaling in melanocytic neoplasia.
12734191,Dwarfism and low insulin-like growth factor-1 due to dopamine depletion in Pts-/- mice rescued by feeding neurotransmitter precursors and H4-biopterin.
12746448,Normal sorting but defective endocytosis of the low density lipoprotein receptor in mice with autosomal recessive hypercholesterolemia.
12821645,"Mice with targeted disruption of the fatty acid transport protein 4 (Fatp 4, Slc27a4) gene show features of lethal restrictive dermopathy."
12874108,"Inactivation of ether lipid biosynthesis causes male infertility, defects in eye development and optic nerve hypoplasia in mice."
12893739,Very-long-chain acyl-coenzyme a dehydrogenase deficiency in mice.
12904606,Cardiac and ocular pathologies in a mouse model of mucopolysaccharidosis type VI.
12915471,Slc7a9-deficient mice develop cystinuria non-I and cystine urolithiasis.
12915479,Impaired neuronal migration and endochondral ossification in Pex7 knockout mice: a model for rhizomelic chondrodysplasia punctata.
12915482,Parkin gene inactivation alters behaviour and dopamine neurotransmission in the mouse.
12923163,A mouse model for cystinuria type I.
12923531,"Hermansky-Pudlak syndrome type 7 (HPS-7) results from mutant dysbindin, a member of the biogenesis of lysosome-related organelles complex 1 (BLOC-1)."
12925567,"Impaired glucose homeostasis, neutrophil trafficking and function in mice lacking the glucose-6-phosphate transporter."
12930822,Parkin-deficient mice exhibit nigrostriatal deficits but not loss of dopaminergic neurons.
12943692,Androgen receptor functions from reverse genetic models.
12954867,Glycine receptor knock-in mice and hyperekplexia-like phenotypes: comparisons with the null mutant.
13103353,[Total sex-linkage in the house mouse].
13943454,Slate--a new coat color mutant in the mouse.
14522255,Prostate-specific deletion of the murine Pten tumor suppressor gene leads to metastatic prostate cancer.
14555645,A knock-out mouse model for methylmalonic aciduria resulting in neonatal lethality.
14567973,Male infertility and thiamine-dependent erythroid hypoplasia in mice lacking thiamine transporter Slc19a2.
14572139,Metabolic changes in the knockout mouse for Canavan's disease: implications for patients with Canavan's disease.
14583446,Mouse model of N-acetylgalactosamine-6-sulfate sulfatase deficiency (Galns-/-) produced by targeted disruption of the gene defective in Morquio A disease.
14595440,Pyruvate kinase deficiency in mice protects against malaria.
14622582,Inactivation of the glycine transporter 1 gene discloses vital role of glial glycine uptake in glycinergic inhibition.
14622583,Deletion of the mouse glycine transporter 2 results in a hyperekplexia phenotype and postnatal lethality.
14656885,Transgenic rescue of GATA-1-deficient mice with GATA-1 lacking a FOG-1 association site phenocopies patients with X-linked thrombocytopenia.
14673107,Contribution of the H63D mutation in HFE to murine hereditary hemochromatosis.
14701727,Slc25a13-knockout mice harbor metabolic deficits but fail to display hallmarks of adult-onset type II citrullinemia.
14722612,Possible role of autoantibodies in the pathophysiology of GM2 gangliosidoses.
14722615,Axonal degeneration in paraplegin-deficient mice is associated with abnormal mitochondria and impairment of axonal transport.
14730304,Lamr1 functional retroposon causes right ventricular dysplasia in mice.
14745012,A Sertoli cell-selective knockout of the androgen receptor causes spermatogenic arrest in meiosis.
14752830,Spontaneous cholecysto- and hepatolithiasis in Mdr2-/- mice: a model for low phospholipid-associated cholelithiasis.
14755340,ENU mutagenesis identifies mice with mitochondrial branched-chain aminotransferase deficiency resembling human maple syrup urine disease.
14976163,A mouse genetic model for familial cholestasis caused by ATP8B1 mutations reveals perturbed bile salt homeostasis but no impairment in bile secretion.
15016763,A mouse model for alpha-methylacyl-CoA racemase deficiency: adjustment of bile acid synthesis and intolerance to dietary methyl-branched lipids.
15025677,Changes in blood carnitine and acylcarnitine profiles of very long-chain acyl-CoA dehydrogenase-deficient mice subjected to stress.
15028668,"Severely altered guanidino compound levels, disturbed body weight homeostasis and impaired fertility in a mouse model of guanidinoacetate N-methyltransferase (GAMT) deficiency."
15040800,A mouse model of sitosterolemia: absence of Abcg8/sterolin-2 results in failure to secrete biliary cholesterol.
15070761,A zebrafish model for pyruvate dehydrogenase deficiency: rescue of neurological dysfunction and embryonic lethality using a ketogenic diet.
15071184,Genetic evidence for nonredundant functional cooperativity between NPC1 and NPC2 in lipid transport.
15102714,"A series of maturity onset diabetes of the young, type 2 (MODY2) mouse models generated by a large-scale ENU mutagenesis program."
15111796,Craniofacial abnormalities in a murine knock-out model of mucopolysaccharidosis I H: a computed tomography and anatomic study.
15161764,"A new mouse model of type 2 diabetes, produced by N-ethyl-nitrosourea mutagenesis, is the result of a missense mutation in the glucokinase gene."
15163665,Impaired platelet activation in familial high density lipoprotein deficiency (Tangier disease).
15199412,Hepatocyte-specific Pten deficiency results in steatohepatitis and hepatocellular carcinomas.
15249681,Loss of locus coeruleus neurons and reduced startle in parkin null mice.
15258586,The type 1 equilibrative nucleoside transporter regulates ethanol intoxication and preference.
15262267,Seizure evolution and amino acid imbalances in murine succinate semialdehyde dehydrogenase (SSADH) deficiency.
15304084,Epidermal-specific defect of GPI anchor in Pig-a null mice results in Harlequin ichthyosis-like features.
15314222,Aromatase-deficient mice spontaneously develop a lymphoproliferative autoimmune disease resembling Sjogren's syndrome.
15326100,Altered gene expression in the eye of a mouse model for batten disease.
15386278,Hyperkeratosis in cystathionine beta synthase-deficient mice: an animal model of hyperhomocysteinemia.
15459177,"A mouse model for Finnish variant late infantile neuronal ceroid lipofuscinosis, CLN5, reveals neuropathology associated with early aging."
15472122,Disruption of autosomal recessive hypercholesterolemia gene shows different phenotype in vitro and in vivo.
15483130,A mouse model of classical late-infantile neuronal ceroid lipofuscinosis based on targeted disruption of the CLN2 gene results in a loss of tripeptidyl-peptidase I activity and progressive neurodegeneration.
15489218,Functional overlap between ABCD1 (ALD) and ABCD2 (ALDR) transporters: a therapeutic target for X-adrenoleukodystrophy.
15525657,Deficiency of pantothenate kinase 2 (Pank2) in mice leads to retinal degeneration and azoospermia.
15557122,Disruption of Mtmr2 produces CMT4B1-like neuropathy with myelin outfolding and impaired spermatogenesis.
15569412,Establishment of liver specific glucokinase gene knockout mice: a new animal model for screening anti-diabetic drugs.
15572694,"The mitochondrial SDHD gene is required for early embryogenesis, and its partial deficiency results in persistent carotid body glomus cell activation with full responsiveness to hypoxia."
15622513,Cystathionine beta synthase deficiency affects mouse endochondral ossification.
15649713,Mice with Ppt1Deltaex4 mutation replicate the INCL phenotype and show an inflammation-associated loss of interneurons.
15686477,A gene-targeted mouse model for chorea-acanthocytosis.
15687347,Substrate reduction reduces gangliosides in postnatal cerebrum-brainstem and cerebellum in GM1 gangliosidosis mice.
15703192,A diastrophic dysplasia sulfate transporter (SLC26A2) mutant mouse: morphological and biochemical characterization of the resulting chondrodysplasia phenotype.
15705859,Deregulated estrogen receptor alpha expression in mammary epithelial cells of transgenic mice results in the development of ductal carcinoma in situ.
15710042,Sequential super-stereotypy of an instinctive fixed action pattern in hyper-dopaminergic mutant mice: a model of obsessive compulsive disorder and Tourette's.
15769750,Developmental changes of bile acid composition and conjugation in L- and D-bifunctional protein single and double knockout mice.
15837576,Basement membrane fragility underlies embryonic lethality in fukutin-null mice.
15841208,Targeted inactivation of hepatic Abca1 causes profound hypoalphalipoproteinemia and kidney hypercatabolism of apoA-I.
15888484,Disruption of Abcc6 in the mouse: novel insight in the pathogenesis of pseudoxanthoma elasticum.
15979918,Cardiac manifestations in the mouse model of mucopolysaccharidosis I.
16000385,"A genetic screen in zebrafish identifies the mutants vps18, nf2 and foie gras as models of liver disease."
16007073,Role of nucleophosmin in embryonic development and tumorigenesis.
16014715,Neurocognitive and psychotiform behavioral alterations and enhanced hippocampal long-term potentiation in transgenic mice displaying neuropathological features of human alpha-mannosidosis.
16054062,The iron exporter ferroportin/Slc40a1 is essential for iron homeostasis.
16075058,"Hemojuvelin is essential for dietary iron sensing, and its mutation leads to severe iron overload."
16075059,A mouse model of juvenile hemochromatosis.
16103131,Mice lacking COX10 in skeletal muscle recapitulate the phenotype of progressive mitochondrial myopathies associated with cytochrome c oxidase deficiency.
16105550,Gene therapy for murine glycerol kinase deficiency: importance of murine ortholog.
16111892,"Ocular abnormalities in Large(myd) and Large(vls) mice, spontaneous models for muscle, eye, and brain diseases."
16121256,Medium-chain acyl-CoA dehydrogenase deficiency in gene-targeted mice.
16135817,Targeted ablation of the abcc6 gene results in ectopic mineralization of connective tissues.
16169268,Homozygous carnitine palmitoyltransferase 1a (liver isoform) deficiency is lethal in the mouse.
16199475,Abnormal mitochondrial bioenergetics and heart rate dysfunction in mice lacking very-long-chain acyl-CoA dehydrogenase.
16203742,"RNAi-mediated suppression of the mitochondrial iron chaperone, frataxin, in Drosophila."
16236725,Dysregulation of TGF-beta1 receptor activation leads to abnormal lung development and emphysema-like phenotype in core fucose-deficient mice.
16236767,Mice deficient in Ext2 lack heparan sulfate and develop exostoses.
16249189,An animal model for Charcot-Marie-Tooth disease type 4B1.
16301523,Mutant mitochondrial helicase Twinkle causes multiple mtDNA deletions and a late-onset mitochondrial disease in mice.
16314073,A knock-in mouse model of congenital erythropoietic porphyria.
16326839,Genomic actions of the androgen receptor are required for normal male sexual differentiation in a mouse model.
16338116,Phenotypic and genetic characterization of the Atp7a(Mo-Tohm) mottled mouse: a new murine model of Menkes disease.
16339137,"Ablation of mouse phosphomannose isomerase (Mpi) causes mannose 6-phosphate accumulation, toxicity, and embryonic lethality."
16371353,"A rostrocaudal muscular dystrophy caused by a defect in choline kinase beta, the first enzyme in phosphatidylcholine biosynthesis."
16377659,Beta-mannosidosis mice: a model for the human lysosomal storage disease.
16377800,Hepatocyte nuclear factor-4alpha is essential for glucose-stimulated insulin secretion by pancreatic beta-cells.
16380713,Trak1 mutation disrupts GABA(A) receptor homeostasis in hypertonic mice.
16446309,Development and characterization of a hypomorphic Smith-Lemli-Opitz syndrome mouse model and efficacy of simvastatin therapy.
16452138,Palmitoyl-protein thioesterase 1 deficiency in Drosophila melanogaster causes accumulation of abnormal storage material and reduced life span.
16458488,"A genetic model for muscle-eye-brain disease in mice lacking protein O-mannose 1,2-N-acetylglucosaminyltransferase (POMGnT1)."
16491649,Movement disorders in the Hfe knockout mouse.
16497529,Hyperammonemia increases sensitivity to LPS.
16505002,Correction of Hunter syndrome in the MPSII mouse model by AAV2/8-mediated gene delivery.
16518687,"Grey, a novel mutation in the murine Lyst gene, causes the beige phenotype by skipping of exon 25."
16532394,"Uroporphyrinogen III synthase knock-in mice have the human congenital erythropoietic porphyria phenotype, including the characteristic light-induced cutaneous lesions."
16574947,Targeted disruption of the hepcidin 1 gene results in severe hemochromatosis.
16579849,Production and characterization of murine models of classic and intermediate maple syrup urine disease.
16619054,Mice with neuron-specific accumulation of mitochondrial DNA mutations show mood disorder-like phenotypes.
16672980,Mitochondrial dysfunction in Drosophila PINK1 mutants is complemented by parkin.
16675393,Pten regulates neuronal arborization and social interaction in mice.
16759393,A zebrafish screen for craniofacial mutants identifies wdr68 as a highly conserved gene required for endothelin-1 expression.
16779654,A glycine N-methyltransferase knockout mouse model for humans with deficiency of this enzyme.
16818890,Mitochondrial pathology and muscle and dopaminergic neuron degeneration caused by inactivation of Drosophila Pink1 is rescued by Parkin.
16855048,A Drosophila model of Barth syndrome.
16877435,Haploinsufficiency is not the key mechanism of pathogenesis in a heterozygous Elovl4 knockout mouse model of STGD3 disease.
16890543,Atp7a determines a hierarchy of copper metabolism essential for notochord development.
16914746,Loss of the mouse ortholog of the shwachman-diamond syndrome gene (Sbds) results in early embryonic lethality.
16938835,Antioxidants protect PINK1-dependent dopaminergic neurons in Drosophila.
16938878,Tcof1/Treacle is required for neural crest cell formation and proliferation deficiencies that cause craniofacial abnormalities.
16951148,Hyperplasia and carcinomas in Pten-deficient mice and reduced PTEN protein in human bladder cancer patients.
16964410,"crv4, a mouse model for human ataxia associated with kyphoscoliosis caused by an mRNA splicing mutation of the metabotropic glutamate receptor 1 (Grm1)."
16982418,An active dominant mutation of glycyl-tRNA synthetase causes neuropathy in a Charcot-Marie-Tooth 2D mouse model.
17003453,Elovl4 5-bp-deletion knock-in mice develop progressive photoreceptor degeneration.
17056719,Hypersensitivity to oxygen and shortened lifespan in a Drosophila mitochondrial complex II mutant.
17101178,Age-related functional and histopathological changes of the ear in the MPS I mouse.
17110443,"Alanine-glyoxylate aminotransferase-deficient mice, a model for primary hyperoxaluria that responds to adenoviral gene transfer."
17114051,Hyperekplexia phenotype of glycine receptor alpha1 subunit mutant mice identifies Zn(2+) as an essential endogenous modulator of glycinergic neurotransmission.
17167074,Causative role of oxidative stress in a Drosophila model of Friedreich ataxia.
17183066,Spontaneous hepatocarcinogenesis in farnesoid X receptor-null mice.
17227870,Progressive parkinsonism in mice with respiratory-chain-deficient dopamine neurons.
17237784,PTEN-deficient intestinal stem cells initiate intestinal polyposis.
17255313,"Development of immunoglobulin A nephropathy- like disease in beta-1,4-galactosyltransferase-I-deficient mice."
17264297,Physiologic systemic iron metabolism in mice deficient for duodenal Hfe.
17276979,Golgi GDP-fucose transporter-deficient mice mimic congenital disorder of glycosylation IIc/leukocyte adhesion deficiency II.
17283114,Spontaneous development of liver tumors in the absence of the bile acid receptor farnesoid X receptor.
17283335,"A dominant mutation in Snap25 causes impaired vesicle trafficking, sensorimotor gating, and ataxia in the blind-drunk mouse."
17289807,The flatiron mutation in mouse ferroportin acts as a dominant negative to cause ferroportin disease.
17314202,A splice site mutation in the murine Opa1 gene features pathology of autosomal dominant optic atrophy.
17317769,Disruption of prostate epithelial androgen receptor impedes prostate lobe-specific growth and function.
17353190,Glucokinase thermolability and hepatic regulatory protein binding are essential factors for predicting the blood glucose phenotype of missense mutations.
17356513,Retinal pathology and skin barrier defect in mice carrying a Stargardt disease-3 mutation in elongase of very long chain fatty acids-4.
17360554,Systemic inflammation and neurodegeneration in a mouse model of multiple sulfatase deficiency.
17403717,HEM dysplasia and ichthyosis are likely laminopathies and not due to 3beta-hydroxysterol Delta14-reductase deficiency.
17420270,"Jinx, an MCMV susceptibility phenotype caused by disruption of Unc13d: a mouse model of type 3 familial hemophagocytic lymphohistiocytosis."
17428816,"Opa1 deficiency in a mouse model of autosomal dominant optic atrophy impairs mitochondrial morphology, optic nerve structure and visual function."
17466543,"Pyruvate kinase deficiency: correlation between enzyme activity, extent of hemolytic anemia and protection against malaria in independent mouse mutants."
17510427,Differential effects of targeted disruption of thiopurine methyltransferase on mercaptopurine and thioguanine pharmacodynamics.
17517600,"Polycystic disease caused by deficiency in xylosyltransferase 2, an initiating enzyme of glycosaminoglycan biosynthesis."
17539739,Novel mouse model of autosomal semidominant adult hypophosphatasia has a splice site mutation in the tissue nonspecific alkaline phosphatase gene Akp2.
17563363,Impaired dopamine release and synaptic plasticity in the striatum of PINK1-deficient mice.
17567478,Non-alcoholic steatohepatitis and hepatocellular carcinoma: lessons from hepatocyte-specific phosphatase and tensin homolog (PTEN)-deficient mice.
17571074,Mutation in the Scyl1 gene encoding amino-terminal kinase-like protein causes a recessive form of spinocerebellar neurodegeneration.
17572665,Mutation of FIG4 causes neurodegeneration in the pale tremor mouse and patients with CMT4J.
17607354,The potential role of glutamate transporters in the pathogenesis of normal tension glaucoma.
17623040,"Mortality, oxidative stress and tau accumulation during ageing in parkin null mice."
17667964,Phospholipase C-beta1 knockout mice exhibit endophenotypes modeling schizophrenia which are rescued by environmental enrichment and clozapine administration.
17712420,"Development of sensory, motor and behavioral deficits in the murine model of Sanfilippo syndrome type B."
17855597,A knock-in reporter model of Batten disease.
17876721,The characterization of a murine model of mucopolysaccharidosis II (Hunter syndrome).
17924347,"Neurologic, gastric, and opthalmologic pathologies in a murine model of mucolipidosis type IV."
17937387,Glycine N-methyltransferase-/- mice develop chronic hepatitis and glycogen storage disease in the liver.
17937813,Metabolic phenotype of methylmalonic acidemia in mice and humans: the role of skeletal muscle.
17952091,Nucleotide-sugar transporter SLC35D1 is critical to chondroitin sulfate synthesis in cartilage and skeletal development in mouse and human.
17959936,Hindlimb gait defects due to motor axon loss and reduced distal muscles in a transgenic mouse model of Charcot-Marie-Tooth type 2A.
17962477,"Mice lacking alpha/beta subunits of GlcNAc-1-phosphotransferase exhibit growth retardation, retinal degeneration, and secretory cell lesions."
17981064,"Mitochondrial structure and function in the untreated Jackson toxic milk (tx-j) mouse, a model for Wilson disease."
17983671,"Gabrb3 gene deficient mice exhibit impaired social and exploratory behaviors, deficits in non-selective attention and hypoplasia of cerebellar vermal lobules: a potential model of autism spectrum disorder."
18008182,Deletion of a single mevalonate kinase (Mvk) allele yields a murine model of hyper-IgD syndrome.
18022143,Progression of multiple behavioral deficits with various ages of onset in a murine model of Hurler syndrome.
18155690,pdx-1 function is specifically required in embryonic beta cells to generate appropriate numbers of endocrine cell types and maintain glucose homeostasis.
18160655,"Liver X receptor activation enhances cholesterol loss from the brain, decreases neuroinflammation, and increases survival of the NPC1 mouse."
18172119,Expression of VLDLR in the retina and evolution of subretinal neovascularization in the knockout mouse model's retinal angiomatous proliferation.
18193945,The molecular mechanisms of OPA1-mediated optic atrophy in Drosophila model and prospects for antioxidant treatment.
18201550,A brain-specific decrease of the tyrosine hydroxylase protein in sepiapterin reductase-null mice--as a mouse model for Parkinson's disease.
18202189,Disrupted membrane homeostasis and accumulation of ubiquitinated proteins in a mouse model of infantile neuroaxonal dystrophy caused by PLA2G6 mutations.
18222992,A missense mutation in the murine Opa3 gene models human Costeff syndrome.
18230723,The PINK1/Parkin pathway regulates mitochondrial morphology.
18259196,The interaction of DIAP1 with dOmi/HtrA2 regulates cell death in Drosophila.
18316734,In vivo correction of a Menkes disease model using antisense oligonucleotides.
18343701,Residual levels of tripeptidyl-peptidase I activity dramatically ameliorate disease in late-infantile neuronal ceroid lipofuscinosis.
18344557,A mouse model of human mucopolysaccharidosis IX exhibits osteoarthritis.
18349142,Loss of the inactive myotubularin-related phosphatase Mtmr13 leads to a Charcot-Marie-Tooth 4B2-like peripheral neuropathy in mice.
18356737,A zebrafish model for the Shwachman-Diamond syndrome (SDS).
18401008,TSPY expression is variably altered in transgenic mice with testicular feminization.
18407920,De novo CoA biosynthesis is required to maintain DNA integrity during development of the Drosophila nervous system.
18418249,Novel monoamine oxidase A knock out mice with human-like spontaneous mutation.
18467430,Thymidine kinase 2 (H126N) knockin mice show the essential role of balanced deoxynucleotide pools for mitochondrial DNA maintenance.
18477595,Developmental defects in a zebrafish model for muscular dystrophies associated with the loss of fukutin-related protein (FKRP).
18480170,Neurological deficits and glycosphingolipid accumulation in saposin B deficient mice.
18498441,Accumulation of bis(monoacylglycero)phosphate and gangliosides in mouse models of neuronal ceroid lipofuscinosis.
18515656,Ribosomal protein S19 deficiency in zebrafish leads to developmental abnormalities and defective erythropoiesis through activation of p53 protein family.
18550261,"montalcino, A zebrafish model for variegate porphyria."
18599508,Reactive oxygen species act remotely to cause synapse loss in a Drosophila model of developmental mitochondrial encephalopathy.
18632614,Conditional loss of uterine Pten unfailingly and rapidly induces endometrial cancer in mice.
18632686,Harlequin ichthyosis model mouse reveals alveolar collapse and severe fetal skin barrier defects.
18667149,GABA(A)R plasticity during pregnancy: relevance to postpartum depression.
18693279,Absence of arterial phenotype in mice with homozygous slc2A10 missense substitutions.
18701682,Loss of PINK1 function affects development and results in neurodegeneration in zebrafish.
18724932,Trex1 prevents cell-intrinsic initiation of autoimmunity.
18757421,Chemoprevention and treatment of experimental Cowden's disease by mTOR inhibition with rapamycin.
18760274,Synergistic effect of osmotic and oxidative stress in slow-developing cataract formation.
18791645,The variability of the harlequin mouse phenotype resembles that of human mitochondrial-complex I-deficiency syndromes.
18802465,A mouse model of harlequin ichthyosis delineates a key role for Abca12 in lipid homeostasis.
18804145,Increased vulnerability to rotenone-induced neurotoxicity in ceruloplasmin-deficient mice.
18818194,Early-onset liver mtDNA depletion and late-onset proteinuric nephropathy in Mpv17 knockout mice.
18852472,Dyggve-Melchior-Clausen syndrome: chondrodysplasia resulting from defects in intracellular vesicle traffic.
18957418,ABCA12 maintains the epidermal lipid permeability barrier by facilitating formation of ceramide linoleic esters.
18984010,Behavioral characterization of dysbindin-1 deficient sandy mice.
18987190,Nur7 is a nonsense mutation in the mouse aspartoacylase gene that causes spongy degeneration of the CNS.
19004801,Ataxia with loss of Purkinje cells in a mouse model for Refsum disease.
19015235,"Loss of mouse Ikbkap, a subunit of elongator, leads to transcriptional deficits and embryonic lethality that can be rescued by human IKBKAP."
19029039,Lyst mutation in mice recapitulates iris defects of human exfoliation syndrome.
19029289,"Cyp11b1 null mouse, a model of congenital adrenal hyperplasia."
19035462,Characterization of a glycine N-methyltransferase gene knockout mouse model for hepatocellular carcinoma: Implications of the gender disparity in liver cancer susceptibility.
19065048,Expression of an activating mutation in the gene encoding the KATP channel subunit Kir6.2 in mouse pancreatic beta cells recapitulates neonatal diabetes.
19114101,Reduced proliferative activity of primary POMGnT1-null myoblasts in vitro.
19136963,"Loss of ETHE1, a mitochondrial dioxygenase, causes fatal sulfide toxicity in ethylmalonic encephalopathy."
19164547,Role of calcium-independent phospholipase A2 in the pathogenesis of Barth syndrome.
19172191,Expression of activated PIK3CA in ovarian surface epithelium results in hyperplasia but not tumor formation.
19187772,Secondary consequences of beta cell inexcitability: identification and prevention in a murine model of K(ATP)-induced neonatal diabetes mellitus.
19187773,Molecular mechanisms of hepatic steatosis and insulin resistance in the AGPAT2-deficient mouse model of congenital generalized lipodystrophy.
19197364,Loss of myotubularin function results in T-tubule disorganization in zebrafish and human myotubular myopathy.
19201949,TNFalpha-dependent hepatic steatosis and liver degeneration caused by mutation of zebrafish S-adenosylhomocysteine hydrolase.
19213845,Ablation of the Galnt3 gene leads to low-circulating intact fibroblast growth factor 23 (Fgf23) concentrations and hyperphosphatemia despite increased Fgf23 expression.
19282869,Drosophila HtrA2 is dispensable for apoptosis but acts downstream of PINK1 independently from Parkin.
19391112,Variable expression of Dkc1 mutations in mice.
19411760,Protein phosphatase 2Cm is a critical regulator of branched-chain amino acid catabolism in mice and cultured cells.
19439422,Complex I deficiency and dopaminergic neuronal cell loss in parkin-deficient zebrafish (Danio rerio).
19460290,NDUFS4: creation of a mouse model mimicking a Complex I disorder.
19470612,An ENU-induced mutation in mouse glycyl-tRNA synthetase (GARS) causes peripheral sensory and motor phenotypes creating a model of Charcot-Marie-Tooth type 2D peripheral neuropathy.
19470613,Rapamycin suppresses seizures and neuronal hypertrophy in a mouse model of cortical dysplasia.
19484501,Bladder outlet obstruction in male cystinuria mice.
19492057,Parkinson phenotype in aged PINK1-deficient mice is accompanied by progressive mitochondrial dysfunction in absence of neurodegeneration.
19625515,"Haploinsufficiency of AFG3L2, the gene responsible for spinocerebellar ataxia type 28, causes mitochondria-mediated Purkinje cell dark degeneration."
19684592,Rapamycin activation of 4E-BP prevents parkinsonian dopaminergic neuron loss.
19696889,Phosphofructo-1-kinase deficiency leads to a severe cardiac and hematological disorder in addition to skeletal muscle glycogenosis.
19706490,Heme oxygenase-1 affords protection against noncerebral forms of severe malaria.
19718456,Heterozygous mutation of Drosophila Opa1 causes the development of multiple organ abnormalities in an age-dependent and organ-specific manner.
19734452,"Erythroid dysplasia, megaloblastic anemia, and impaired lymphopoiesis arising from mitochondrial dysfunction."
19749759,A tumor suppressor activity of Drosophila Polycomb genes mediated by JAK-STAT signaling.
19751987,Characterization of an MPS I-H knock-in mouse that carries a nonsense mutation analogous to the human IDUA-W402X mutation.
19834066,Altered chondrocyte differentiation and extracellular matrix homeostasis in a zebrafish model for mucolipidosis II.
19837698,Analysis of mouse models of cytochrome c oxidase deficiency owing to mutations in Sco2.
19884655,Deletion of Pten in the mouse enteric nervous system induces ganglioneuromatosis and mimics intestinal pseudoobstruction.
19893029,Establishment of an improved mouse model for infantile neuroaxonal dystrophy that shows early disease onset and bears a point mutation in Pla2g6.
19933170,Drosophila models of peroxisomal biogenesis disorder: peroxins are required for spermatogenesis and very-long-chain fatty acid metabolism.
19952346,Phenotypic and pathomorphological characteristics of a novel mutant mouse model for maturity-onset diabetes of the young type 2 (MODY 2).
19956719,Sdhd and SDHD/H19 knockout mice do not develop paraganglioma or pheochromocytoma.
20007460,The lysosomal sialic acid transporter sialin is required for normal CNS myelination.
20007718,Conditional Niemann-Pick C mice demonstrate cell autonomous Purkinje cell neurodegeneration.
20020044,Mechanisms underlying metabolic and neural defects in zebrafish and human multiple acyl-CoA dehydrogenase deficiency (MADD).
20023287,"Growth retardation, impaired triacylglycerol catabolism, hepatic steatosis, and lethal skin barrier defect in mice lacking comparative gene identification-58 (CGI-58)."
20049710,Parkinson's disease mutations in PINK1 result in decreased Complex I activity and deficient synaptic function.
20060764,A Pex7 hypomorphic mouse model for plasmalogen deficiency affecting the lens and skeleton.
20080592,A mouse model of osteochondromagenesis from clonal inactivation of Ext1 in chondrocytes.
20089971,Lethal skeletal dysplasia in mice and humans lacking the golgin GMAP-210.
20130188,Enhanced striatal dopamine transmission and motor performance with LRRK2 overexpression in mice is eliminated by familial Parkinson's disease mutation G2019S.
20175216,A mutation in the saposin C domain of the sphingolipid activator protein (Prosaposin) gene causes neurodegenerative disease in mice.
20179178,Comparison of 3 Tfr2-deficient murine models suggests distinct functions for Tfr2-alpha and Tfr2-beta isoforms in different tissues.
20194734,Allele-specific tumor spectrum in pten knockin mice.
20203623,"AP-1/sigma1B-adaptin mediates endosomal synaptic vesicle recycling, learning and memory."
20351285,Pantethine rescues a Drosophila model for pantothenate kinase-associated neurodegeneration.
20441793,Factors that affect postnatal bone growth retardation in the twitcher murine model of Krabbe disease.
20457924,DJ-1 is critical for mitochondrial function and rescues PINK1 loss of function.
20460268,Altered lipid metabolism in a Drosophila model of Friedreich's ataxia.
20519568,UDP-galactose 4' epimerase (GALE) is essential for development of Drosophila melanogaster.
20519569,A Drosophila melanogaster model of classic galactosemia.
20534475,A mouse model of chondrocyte-specific somatic mutation reveals a role for Ext1 loss of heterozygosity in multiple hereditary exostoses.
20534480,Complex I deficiency due to loss of Ndufs4 in the brain results in progressive encephalopathy resembling Leigh syndrome.
20538597,Genetic depletion of the malin E3 ubiquitin ligase in mice leads to lafora bodies and the accumulation of insoluble laforin.
20566639,Cystathionine gamma-Lyase-deficient mice require dietary cysteine to protect against acute lethal myopathy and oxidative injury.
20585624,A mutation in the mitochondrial fission gene Dnm1l leads to cardiomyopathy.
20595581,Muscle dysfunction caused by a KATP channel mutation in neonatal diabetes is neuronal in origin.
20652491,Characterization of a novel mucopolysaccharidosis type II mouse model and recombinant AAV2/8 vector-mediated gene therapy.
20670678,Nanostructure-initiator mass spectrometry (NIMS) imaging of brain cholesterol metabolites in Smith-Lemli-Opitz syndrome.
20674568,Generation of trans-mitochondrial mito-mice by the introduction of a pathogenic G13997A mtDNA from highly metastatic lung carcinoma cells.
20675713,"Fukutin-related protein is essential for mouse muscle, brain and eye development and mutation recapitulates the wide clinical spectrums of dystroglycanopathies."
20676139,Cross-talk between PI3K and estrogen in the mouse thyroid predisposes to the development of follicular carcinomas with a higher incidence in females.
20700442,A missense mutation in a highly conserved alternate exon of dynamin-1 causes epilepsy in fitful mice.
20702701,Autophagy-dependent rhodopsin degradation prevents retinal degeneration in Drosophila.
20724589,Two hypomorphic alleles of mouse Ass1 as a new animal model of citrullinemia type I and other hyperammonemic syndromes.
20739558,Defects in mitochondrial axonal transport and membrane potential without increased reactive oxygen species production in a Drosophila model of Friedreich ataxia.
20826656,Induced loss of ADAR2 engenders slow death of motor neurons from Q/R site-unedited GluR2.
20831904,Alterations in the expression of the Atp7a gene in the early postnatal development of the mosaic mutant mice (Atp7a mo-ms) - An animal model for Menkes disease.
20837017,Expansion of hepatic tumor progenitor cells in Pten-null mice requires liver injury and is reversed by loss of AKT2.
20850540,Intracellular signaling and hepatocellular carcinoma.
20921947,β-Adrenoceptor blockade in sclerosing cholangitis of Mdr2 knockout mice: antifibrotic effects in a model of nonsinusoidal fibrosis.
20940150,Onset and organ specificity of Tk2 deficiency depends on Tk1 down-regulation and transcriptional compensation.
20951042,Developmental defects and neuromuscular alterations due to mitofusin 2 gene (MFN2) silencing in zebrafish: a new model for Charcot-Marie-Tooth type 2A neuropathy.
20976594,Bone status in a mouse model of genetic hemochromatosis.
21051254,Development and characterization of a mouse with profound biotinidase deficiency: a biotin-responsive neurocutaneous disorder.
21075835,Glycogen-branching enzyme deficiency leads to abnormal cardiac development: novel insights into glycogen storage disease IV.
21077101,Glycogen hyperphosphorylation underlies lafora body formation.
21151574,Reduction of protein translation and activation of autophagy protect against PINK1 pathogenesis in Drosophila melanogaster.
21151955,The loss of PGAM5 suppresses the mitochondrial degeneration caused by inactivation of PINK1 in Drosophila.
21203506,The Batten disease Palmitoyl Protein Thioesterase 1 gene regulates neural specification and axon connectivity during Drosophila embryonic development.
21212098,Genetic mouse models for Parkinson's disease display severe pathology in glial cell mitochondria.
21241452,Accelerated hematopoietic stem cell aging in a mouse model of dyskeratosis congenita responds to antioxidant treatment.
21249153,Creatine transporter (CrT; Slc6a8) knockout mice as a model of human CrT deficiency.
21249202,Increased mitochondrial calcium sensitivity and abnormal expression of innate immunity genes precede dopaminergic defects in Pink1-deficient mice.
21262837,Requirement for ribosomal protein S6 kinase 1 to mediate glycolysis and apoptosis resistance induced by Pten deficiency.
21274865,The GRACILE mutation introduced into Bcs1l causes postnatal complex III deficiency: a viable mouse model for mitochondrial hepatopathy.
21278747,Mutations in TTC19 cause mitochondrial complex III deficiency and neurological impairment in humans and flies.
21292027,The role of phosphatidylethanolamine methyltransferase in a mouse model of intrahepatic cholestasis.
21303697,Loss of amyloid precursor protein in a mouse model of Niemann-Pick type C disease exacerbates its phenotype and disrupts tau homeostasis.
21324922,Cooperation between Pik3ca and p53 mutations in mouse mammary tumor formation.
21353609,"Blind sterile 2 (bs2), a hypomorphic mutation in Agps, results in cataracts and male sterility in mice."
21389217,Macrophages counteract demyelination in a mouse model of globoid cell leukodystrophy.
21464304,Cerebellothalamocortical pathway abnormalities in torsinA DYT1 knock-in mice.
21472842,Developmental cardiac hypertrophy in a mouse model of prolidase deficiency.
21491498,Central nervous system dysfunction in a mouse model of FA2H deficiency.
21493628,"Laforin, a dual specificity phosphatase involved in Lafora disease, regulates insulin response and whole-body energy balance in mice."
21504582,Genome-wide screen for modifiers of Parkinson's disease genes in Drosophila.
21508232,A role for myosin Va in cerebellar plasticity and motor learning: a possible mechanism underlying neurological disorder in myosin Va disease.
21551454,Seipin ablation in mice results in severe generalized lipodystrophy.
21620777,Cell autonomous role of PTEN in regulating castration-resistant prostate cancer growth.
21625469,Aspartoacylase-lacZ knockin mice: an engineered model of Canavan disease.
21636576,Impaired nutrient signaling and body weight control in a Na+ neutral amino acid cotransporter (Slc6a19)-deficient mouse.
21640623,Mechanisms regulating superoxide generation in experimental models of phenylketonuria: an essential role of NADPH oxidase.
21655088,Pathogenic mechanism of the FIG4 mutation responsible for Charcot-Marie-Tooth disease CMT4J.
21669930,A Drosophila model for the Zellweger spectrum of peroxisome biogenesis disorders.
21685914,A genetic interaction network of five genes for human polycystic kidney and liver diseases defines polycystin-1 as the central determinant of cyst formation.
21690266,Dietary cholesterol exacerbates hepatic steatosis and inflammation in obese LDL receptor-deficient mice.
21746835,Congenital hydrocephalus in genetically engineered mice.
21768365,Pink1 regulates the oxidative phosphorylation machinery via mitochondrial fission.
21803037,Specific deficits in visual electrophysiology in a mouse model of dominant optic atrophy.
21813701,Neuroaxonal dystrophy in calcium-independent phospholipase A2β deficiency results from insufficient remodeling and degeneration of mitochondrial and presynaptic membranes.
21826223,Drosophila carrying pex3 or pex16 mutations are models of Zellweger syndrome that reflect its symptoms associated with the absence of peroxisomes.
21856731,Generation of a novel mouse model that recapitulates early and adult onset glycogenosis type IV.
21856732,Temporal and cell-specific deletion establishes that neuronal Npc1 deficiency is sufficient to mediate neurodegeneration.
21882344,Neurodegeneration and functional impairments associated with glycogen synthase accumulation in a mouse model of Lafora disease.
21890737,Cardiomyopathy is associated with ribosomal protein gene haplo-insufficiency in Drosophila melanogaster.
21896731,Amino acid substitution in NPC1 that abolishes cholesterol binding reproduces phenotype of complete NPC1 deficiency in mice.
21954064,"Deletion of a single allele of the Pex11β gene is sufficient to cause oxidative stress, delayed differentiation and neuronal death in mouse brain."
21968110,Nitisinone improves eye and skin pigmentation defects in a mouse model of oculocutaneous albinism.
22031903,The role of attenuated astrocyte activation in infantile neuronal ceroid lipofuscinosis.
22034972,Loss of striatal cannabinoid CB1 receptor function in attention-deficit / hyperactivity disorder mice with point-mutation of the dopamine transporter.
22046029,Excessive activity of cathepsin K is associated with cartilage defects in a zebrafish model of mucolipidosis II.
22046030,Mutation of zebrafish dihydrolipoamide branched-chain transacylase E2 results in motor dysfunction and models maple syrup urine disease.
22048958,A novel mouse model of Niemann-Pick type C disease carrying a D1005G-Npc1 mutation comparable to commonly observed human mutations.
22144914,Charcot-Marie-Tooth-linked mutant GARS is toxic to peripheral neurons independent of wild-type GARS levels.
22163015,Corneal alterations during combined therapy with cyclodextrin/allopregnanolone and miglustat in a knock-out mouse model of NPC1 disease.
22167068,Embryonic epithelial Pten deletion through Nkx2.1-cre leads to thyroid tumorigenesis in a strain-dependent manner.
22186026,Lafora bodies and neurological defects in malin-deficient mice correlate with impaired autophagy.
22189945,Hydroxyproline metabolism in mouse models of primary hyperoxaluria.
22210625,Impaired neural development in a zebrafish model for Lowe syndrome.
22214848,Dopamine dysregulation in a mouse model of paroxysmal nonkinesigenic dyskinesia.
22228094,The Lowe syndrome protein OCRL1 is involved in primary cilia assembly.
22242018,The yeast complex I equivalent NADH dehydrogenase rescues pink1 mutants.
22265660,"Pink1-deficiency in mice impairs gait, olfaction and serotonergic innervation of the olfactory bulb."
22275470,Loss of PKBβ/Akt2 predisposes mice to ovarian cyst formation and increases the severity of polycystic ovary formation in vivo.
22299032,Zebrafish models for dyskeratosis congenita reveal critical roles of p53 activation contributing to hematopoietic defects through RNA processing.
22302806,PTEN regulation of local and long-range connections in mouse auditory cortex.
22307627,Mitochondrial dysfunction and Purkinje cell loss in autosomal recessive spastic ataxia of Charlevoix-Saguenay (ARSACS).
22350410,Pten loss and RAS/MAPK activation cooperate to promote EMT and metastasis initiated from prostate cancer stem/progenitor cells.
22370636,Conditional activation of Pik3ca(H1047R) in a knock-in mouse model promotes mammary tumorigenesis and emergence of mutations.
22378780,Silent information regulator 2 (Sir2) and Forkhead box O (FOXO) complement mitochondrial dysfunction and dopaminergic neuron loss in Drosophila PTEN-induced kinase 1 (PINK1) null mutant.
22388932,Regulation of parkin and PINK1 by neddylation.
22396657,Parkinson's disease-associated kinase PINK1 regulates Miro protein level and axonal transport of mitochondria.
22411800,Autism-like socio-communicative deficits and stereotypies in mice lacking heparan sulfate.
22415878,Deletion of the androgen receptor in adipose tissue in male mice elevates retinol binding protein 4 and reveals independent effects on visceral fat mass and on glucose homeostasis.
22442204,Severe disturbance in the Ca2+ signaling in astrocytes from mouse models of human infantile neuroaxonal dystrophy with mutated Pla2g6.
22474353,Tissue-specific splicing of an Ndufs6 gene-trap insertion generates a mitochondrial complex I deficiency-specific cardiomyopathy.
22510201,"Deficiency of Sbds in the mouse pancreas leads to features of Shwachman-Diamond syndrome, with loss of zymogen granules."
22522421,Mutations in ISPD cause Walker-Warburg syndrome and defective glycosylation of α-dystroglycan.
22527485,New mouse models for metabolic bone diseases generated by genome-wide ENU mutagenesis.
22541557,Nitric-oxide supplementation for treatment of long-term complications in argininosuccinic aciduria.
22541559,Mutations in NSUN2 cause autosomal-recessive intellectual disability.
22574107,Cardiomyopathy and response to enzyme replacement therapy in a male mouse model for Fabry disease.
22582012,Vitamin K2 is a mitochondrial electron carrier that rescues pink1 deficiency.
22628558,"A mitochondrial pyruvate carrier required for pyruvate uptake in yeast, Drosophila, and humans."
22641177,An affective disorder in zebrafish with mutation of the glucocorticoid receptor.
22653057,Fatal breathing dysfunction in a mouse model of Leigh syndrome.
22654673,UDP-galactose 4'-epimerase activities toward UDP-Gal and UDP-GalNAc play different roles in the development of Drosophila melanogaster.
22666336,Physiological levels of Pik3ca(H1047R) mutation in the mouse mammary gland results in ductal hyperplasia and formation of ERα-positive tumors.
22689975,Arylsulfatase G inactivation causes loss of heparan sulfate 3-O-sulfatase activity and mucopolysaccharidosis in mice.
22704483,Enzyme replacement therapy (ERT) procedure for mucopolysaccharidosis type II (MPS II) by intraventricular administration (IVA) in murine MPS II.
22726567,Mice with reduced NMDA receptor expression: more consistent with autism than schizophrenia?
22730558,Knock-in mice for the R50X mutation in the PYGM gene present with McArdle disease.
22736462,Mediators of a long-term movement abnormality in a Drosophila melanogaster model of classic galactosemia.
22737083,A mouse model of acrodermatitis enteropathica: loss of intestine zinc transporter ZIP4 (Slc39a4) disrupts the stem cell niche and intestine integrity.
22751104,Cyclocreatine treatment improves cognition in mice with creatine transporter deficiency.
22773758,Oxidative stress contributes to outcome severity in a Drosophila melanogaster model of classic galactosemia.
22812724,Decreased viability and absence-like epilepsy in mice lacking or deficient in the GABAA receptor α1 subunit.
22847837,Auditory characteristics and therapeutic effects of enzyme replacement in mouse model of the mucopolysaccharidosis (MPS) II.
22869679,"Opa3, a novel regulator of mitochondrial function, controls thermogenesis and abdominal fat mass in a mouse model for Costeff syndrome."
22869680,Mutant human APP exacerbates pathology in a mouse model of NPC and its reversal by a β-cyclodextrin.
22872088,Ribosomal biogenesis genes play an essential and p53-independent role in zebrafish pancreas development.
22899857,A zebrafish model of congenital disorders of glycosylation with phosphomannose isomerase deficiency reveals an early opportunity for corrective mannose supplementation.
22912827,A mouse with an N-Ethyl-N-nitrosourea (ENU) Induced Trp589Arg Galnt3 mutation represents a model for hyperphosphataemic familial tumoural calcinosis.
22914734,"A defect in the mitochondrial complex III, but not complex IV, triggers early ROS-dependent damage in defined brain regions."
22922231,IKAP expression levels modulate disease severity in a mouse model of familial dysautonomia.
22922256,Mouse fukutin deletion impairs dystroglycan processing and recapitulates muscular dystrophy.
22949510,"Mutant Twinkle increases dopaminergic neurodegeneration, mtDNA deletions and modulates Parkin expression."
22956686,Mutations in BCKD-kinase lead to a potentially treatable form of autism with epilepsy.
22956764,A zebrafish model of PMM2-CDG reveals altered neurogenesis and a substrate-accumulation mechanism for N-linked glycosylation deficiency.
22991301,Tooth root dentin mineralization defects in a mouse model of hypophosphatasia.
23023706,Mesodermal Pten inactivation leads to alveolar capillary dysplasia- like phenotype.
23028353,Characterization of inducible models of Tay-Sachs and related disease.
23123961,The zebrafish homologue of Parkinson's disease ATP13A2 is essential for embryonic survival.
23129651,Mouse mtDNA mutant model of Leber hereditary optic neuropathy.
23150520,Tissue-specific oxidative stress and loss of mitochondria in CoQ-deficient Pdss2 mutant mice.
23160464,"Distinct severity of HLH in both human and murine mutants with complete loss of cytotoxic effector PRF1, RAB27A, and STX11."
23213481,Defects in GPI biosynthesis perturb Cripto signaling during forebrain development in two new mouse models of holoprosencephaly.
23217742,Dystroglycan organizes axon guidance cue localization and axonal pathfinding.
23226219,A knock-in Npm1 mutation in mice results in myeloproliferation and implies a perturbation in hematopoietic microenvironment.
23226344,Expression of yeast NDI1 rescues a Drosophila complex I assembly defect.
23226398,The LEGSKO mouse: a mouse model of age-related nuclear cataract based on genetic suppression of lens glutathione synthesis.
23250881,The human OPA1delTTAG mutation induces premature age-related systemic neurodegeneration in mouse.
23255162,Dysfunctional Coq9 protein causes predominant encephalomyopathy associated with CoQ deficiency.
23261874,Loss of dysbindin-1 in mice impairs reward-based operant learning by increasing impulsive and compulsive behavior.
23275025,Regulation of the dopaminergic system in a murine model of aromatic L-amino acid decarboxylase deficiency.
23280234,Autism-related behavioral abnormalities in synapsin knockout mice.
23291470,An in vivo functional analysis system for renal gene discovery in Drosophila pericardial nephrocytes.
23297193,ABHD12 controls brain lysophosphatidylserine pathways that are deregulated in a murine model of the neurodegenerative disease PHARC.
23303188,Characterization of PINK1 (PTEN-induced putative kinase 1) mutations associated with Parkinson disease in mammalian cells and Drosophila.
23322734,Critical roles of type III phosphatidylinositol phosphate kinase in murine embryonic visceral endoderm and adult intestine.
23328674,Drosophila Trap1 protects against mitochondrial dysfunction in a PINK1/parkin model of Parkinson's disease.
23359570,"Missense mutations in β-1,3-N-acetylglucosaminyltransferase 1 (B3GNT1) cause Walker-Warburg syndrome."
23430977,The transcobalamin receptor knockout mouse: a model for vitamin B12 deficiency in the central nervous system.
23454088,Biochemical and biophysical changes underlie the mechanisms of basement membrane disruptions in a mouse model of dystroglycanopathy.
23466696,Late onset motoneuron disorder caused by mitochondrial Hsp60 chaperone deficiency in mice.
23467562,Phenylbutyrate therapy for pyruvate dehydrogenase complex deficiency and lactic acidosis.
23479740,Mice deficient in Epg5 exhibit selective neuronal vulnerability to degeneration.
23498974,VCP is essential for mitochondrial quality control by PINK1/Parkin and this function is impaired by VCP mutations.
23509287,The PINK1-Parkin pathway promotes both mitophagy and selective respiratory chain turnover in vivo.
23525905,TRAP1 rescues PINK1 loss-of-function phenotypes.
23542074,Deferiprone and idebenone rescue frataxin depletion phenotypes in a Drosophila model of Friedreich's ataxia.
23545228,Modeling hepatic osteodystrophy in Abcb4 deficient mice.
23562821,Impaired viability of muscle precursor cells in muscular dystrophy with glycosylation defects and amelioration of its severe phenotype by limited gene expression.
23575228,CEP89 is required for mitochondrial metabolism and neuronal function in man and fly.
23580201,Norepinephrine transporter variant A457P knock-in mice display key features of human postural orthostatic tachycardia syndrome.
23587805,A zebrafish model of CLN2 disease is deficient in tripeptidyl peptidase 1 and displays progressive neurodegeneration accompanied by a reduction in proliferation.
23623387,"Yunis-Varón syndrome is caused by mutations in FIG4, encoding a phosphoinositide phosphatase."
23631845,Hereditary cataract of the Nakano mouse: Involvement of a hypomorphic mutation in the coproporphyrinogen oxidase gene.
23633022,Barrier abnormality due to ceramide deficiency leads to psoriasiform inflammation in a mouse model.
23637640,Aconitase causes iron toxicity in Drosophila pink1 mutants.
23668934,The zebrafish as a model to study polycystic liver disease.
23680914,Thiazolidinediones partially reverse the metabolic disturbances observed in Bscl2/seipin-deficient mice.
23681708,Systemic ceramide accumulation leads to severe and varied pathological consequences.
23720231,The expanding role of fish models in understanding non-alcoholic fatty liver disease.
23748075,Abnormal cytoplasmic calcium dynamics in central neurons of a dystonia mouse model.
23758052,Manganese-based superoxide dismutase mimics modify both acute and long-term outcome severity in a Drosophila melanogaster model of classic galactosemia.
23785301,Multi-organ abnormalities and mTORC1 activation in zebrafish model of multiple acyl-CoA dehydrogenase deficiency.
23798568,Mutant Enpp1asj mice as a model for generalized arterial calcification of infancy.
23843985,Pulmonary abnormalities in animal models due to Niemann-Pick type C1 (NPC1) or C2 (NPC2) disease.
23851121,"Loss of mitochondrial peptidase Clpp leads to infertility, hearing loss plus growth retardation via accumulation of CLPX, mtDNA and inflammatory factors."
23863626,Gray platelet syndrome and defective thrombo-inflammation in Nbeal2-deficient mice.
23867819,Glutathione S-transferase omega suppresses the defective phenotypes caused by PINK1 loss-of-function in Drosophila.
23873941,Spatially distinct roles of class Ia PI3K isoforms in the development and maintenance of PTEN hamartoma tumor syndrome.
23893484,"snow white, a zebrafish model of Hermansky-Pudlak Syndrome type 5."
23898205,Targeting proximal tubule mitochondrial dysfunction attenuates the renal disease of methylmalonic acidemia.
23903354,A mouse model of human hyperinsulinism produced by the E1506K mutation in the sulphonylurea receptor SUR1.
23922840,GABA transporter-1 deficiency confers schizophrenia-like behavioral phenotypes.
23990987,Transcriptome analysis of the zebrafish model of Diamond-Blackfan anemia from RPS19 deficiency via p53-dependent and -independent pathways.
24009736,Impaired sense of smell in a Drosophila Parkinson's model.
24078737,Deletions in GRID2 lead to a recessive syndrome of cerebellar ataxia and tonic upgaze in humans.
24091420,Mutations in palmitoyl-protein thioesterase 1 alter exocytosis and endocytosis at synapses in Drosophila larvae.
24105471,Methylene blue rescues heart defects in a Drosophila model of Friedreich's ataxia.
24121114,Subtle microstructural changes of the cerebellum in a knock-in mouse model of DYT1 dystonia.
24127423,Decreased bone formation and increased osteoclastogenesis cause bone loss in mucolipidosis II.
24173031,Familial dysautonomia model reveals Ikbkap deletion causes apoptosis of Pax3+ progenitors and peripheral neurons.
24234655,The transgenic expression of LARGE exacerbates the muscle phenotype of dystroglycanopathy mice.
24244323,Near-infrared 808 nm light boosts complex IV-dependent respiration and rescues a Parkinson-related pink1 model.
24271779,Screen for abnormal mitochondrial phenotypes in mouse embryonic stem cells identifies a model for succinyl-CoA ligase deficiency and mtDNA depletion.
24293544,Expression of alternative oxidase in Drosophila ameliorates diverse phenotypes due to cytochrome oxidase deficiency.
24303013,A point mutation in the gene for asparagine-linked glycosylation 10B (Alg10b) causes nonsyndromic hearing impairment in mice (Mus musculus).
24341334,Assessment of hematopoietic failure due to Rpl11 deficiency in a zebrafish model of Diamond-Blackfan anemia by deep sequencing.
24355925,Heparan sulfate deficiency disrupts developmental angiogenesis and causes congenital diaphragmatic hernia.
24358199,Altered lipid metabolism in residual white adipose tissues of Bscl2 deficient mice.
24367272,A hereditary spastic paraplegia mouse model supports a role of ZFYVE26/SPASTIZIN for the endolysosomal system.
24391715,Olfactory deficits in Niemann-Pick type C1 (NPC1) disease.
24423645,Gene disruption of Mfsd8 in mice provides the first animal model for CLN7 disease.
24441527,Enhancing nucleotide metabolism protects against mitochondrial dysfunction and neurodegeneration in a PINK1 model of Parkinson's disease.
24447392,Long term liver specific glucokinase gene defect induced diabetic cardiomyopathy by up regulating NADPH oxidase and down regulating insulin receptor and p-AMPK.
24470394,Germline disruption of Pten localization causes enhanced sex-dependent social motivation and increased glial production.
24473149,Ret rescues mitochondrial morphology and muscle degeneration of Drosophila Pink1 mutants.
24503136,The Pex1-G844D mouse: a model for mild human Zellweger spectrum disorder.
24510903,Transmitochondrial mice as models for primary prevention of diseases caused by mutation in the tRNA(Lys) gene.
24530055,Autoimmune disorders associated with gain of function of the intracellular sensor MDA5.
24549051,Subfertility and growth restriction in a new galactose-1 phosphate uridylyltransferase (GALT) - deficient mouse model.
24613482,Mouse model of glycogen storage disease type III.
24628984,Possible effects of EXT2 on mesenchymal differentiation--lessons from the zebrafish.
24652768,Heme acts through the Bach1b/Nrf2a-MafK pathway to regulate exocrine peptidase precursor genes in porphyric zebrafish.
24652937,PINK1 loss-of-function mutations affect mitochondrial complex I activity via NdufA10 ubiquinone uncoupling.
24682784,A new mouse model of Canavan leukodystrophy displays hearing impairment due to central nervous system dysmyelination.
24764192,A novel mouse model of Warburg Micro syndrome reveals roles for RAB18 in eye development and organisation of the neuronal cytoskeleton.
24766809,"Human CLP1 mutations alter tRNA biogenesis, affecting both peripheral and central nervous system function."
24770645,"A new Enpp1 allele, Enpp1(ttw-Ham), identified in an ICR closed colony."
24778225,Lack of testicular seipin causes teratozoospermia syndrome in men.
24802098,Modeling progressive non-alcoholic fatty liver disease in the laboratory mouse.
24812435,The role of the DNA damage response in zebrafish and cellular models of Diamond Blackfan anemia.
24889031,The Mmachc gene is required for pre-implantation embryogenesis in the mouse.
24896179,The mitochondrial deubiquitinase USP30 opposes parkin-mediated mitophagy.
24898855,MUL1 acts in parallel to the PINK1/parkin pathway in regulating mitofusin and compensates for loss of PINK1/parkin.
24906371,"Zebrafish enpp1 mutants exhibit pathological mineralization, mimicking features of generalized arterial calcification of infancy (GACI) and pseudoxanthoma elasticum (PXE)."
24945818,Peroxisomes are required for lipid metabolism and muscle function in Drosophila melanogaster.
24986896,Androgen deprivation induces phenotypic plasticity and promotes resistance to molecular targeted therapy in a PTEN-deficient mouse model of prostate cancer.
25016930,Alterations of retinal vasculature in cystathionine-β-synthase heterozygous mice: a model of mild to moderate hyperhomocysteinemia.
25040725,Analysis of dopaminergic neuronal dysfunction in genetic and toxin-induced models of Parkinson's disease in Drosophila.
25043405,Fructose leads to hepatic steatosis in zebrafish that is reversed by mechanistic target of rapamycin (mTOR) inhibition.
25048459,An animal model of type A cystinuria due to spontaneous mutation in 129S2/SvPasCrl mice.
25051141,Tg(Grm1) transgenic mice: a murine model that mimics spontaneous uveal melanoma in humans?
25058426,Defects of protein production in erythroid cells revealed in a zebrafish Diamond-Blackfan anemia model for mutation in RPS19.
25092169,Glycogen storage disease type III: A novel Agl knockout mouse model.
25100063,Resistance of ferroportin to hepcidin binding causes exocrine pancreatic failure and fatal iron overload.
25100214,Early-onset metabolic syndrome in mice lacking the intestinal uric acid transporter SLC2A9.
25107912,A novel mouse model of a patient mucolipidosis II mutation recapitulates disease pathology.
25122658,Mitochondrial defects and neuromuscular degeneration caused by altered expression of Drosophila Gdap1: implications for the Charcot-Marie-Tooth neuropathy.
25145627,UCP4A protects against mitochondrial dysfunction and degeneration in pink1/parkin models of Parkinson's disease.
25152455,A mutation of COX6A1 causes a recessive axonal or mixed form of Charcot-Marie-Tooth disease.
25155018,Early retinal neurodegeneration and impaired Ran-mediated nuclear import of TDP-43 in progranulin-deficient FTLD.
25164807,Leigh syndrome in Drosophila melanogaster: morphological and biochemical characterization of Surf1 post-transcriptional silencing.
25168382,A novel bile acid biosynthesis defect due to a deficiency of peroxisomal ABCD3.
25192047,Synaptotagmin 2 mutations cause an autosomal-dominant form of lambert-eaton myasthenic syndrome and nonprogressive motor neuropathy.
25205113,The novel Cln1(R151X) mouse model of infantile neuronal ceroid lipofuscinosis (INCL) for testing nonsense suppression therapy.
25258341,Gray platelet syndrome: proinflammatory megakaryocytes and α-granule loss cause myelofibrosis and confer metastasis resistance in mice.
25260547,Sacs knockout mice present pathophysiological defects underlying autosomal recessive spastic ataxia of Charlevoix-Saguenay.
25264521,The retarded hair growth (rhg) mutation in mice is an allele of ornithine aminotransferase (Oat).
25267624,The hereditary spastic paraplegia-related enzyme DDHD2 is a principal brain triglyceride lipase.
25270909,TNF-mediated inflammation represses GATA1 and activates p38 MAP kinase in RPS19-deficient hematopoietic progenitors.
25316793,LIMP-2 expression is critical for β-glucocerebrosidase activity and α-synuclein clearance.
25326312,Overelaborated synaptic architecture and reduced synaptomatrix glycosylation in a Drosophila classic galactosemia disease model.
25329695,Abolished InsP3R2 function inhibits sweat secretion in both humans and mice.
25331903,"The rare DAT coding variant Val559 perturbs DA neuron function, changes behavior, and alters in vivo responses to psychostimulants."
25340511,"Mucuna pruriens (Velvet bean) rescues motor, olfactory, mitochondrial and synaptic impairment in PINK1B9 Drosophila melanogaster genetic model of Parkinson's disease."
25362483,"Mutations in STX1B, encoding a presynaptic protein, cause fever-associated epilepsy syndromes."
25376463,PINK1-mediated phosphorylation of Miro inhibits synaptic growth and protects dopaminergic neurons in Drosophila.
25412178,The complex I subunit NDUFA10 selectively rescues Drosophila pink1 mutants through a mechanism independent of mitophagy.
25447050,Aromatase controls Sjögren syndrome-like lesions through monocyte chemotactic protein-1 in target organ and adipose tissue-associated macrophages.
25456742,"Molecular and biochemical characterization of Mottled-dappled, an embryonic lethal Menkes disease mouse model."
25477496,Defective release of α granule and lysosome contents from platelets in mouse Hermansky-Pudlak syndrome models.
25478810,"A new Mdr2(-/-) mouse model of sclerosing cholangitis with rapid fibrosis progression, early-onset portal hypertension, and liver cancer."
25479107,Spontaneous asj-2J mutant mouse as a model for generalized arterial calcification of infancy: a large deletion/insertion mutation in the Enpp1 gene.
25485098,A novel mouse model of creatine transporter deficiency.
25506927,MTO1-deficient mouse model mirrors the human phenotype showing complex I defect and cardiomyopathy.
25551675,"Multiple functions of the SNARE protein Snap29 in autophagy, endocytic, and exocytic trafficking during epithelial formation in Drosophila."
25557247,PINK1 phosphorylates transglutaminase 2 and blocks its proteasomal degradation.
25559265,Animal model of Sar1b deficiency presents lipid absorption deficits similar to Anderson disease.
25561290,Decreased aggression and increased repetitive behavior in Pten haploinsufficient mice.
25612572,The mitochondrial protein BNIP3L is the substrate of PARK2 and mediates mitophagy in PINK1/PARK2 pathway.
25639447,X-linked spinal muscular atrophy in mice caused by autonomous loss of ATP7A in the motor neuron.
25647322,A new mouse model of mild ornithine transcarbamylase deficiency (spf-j) displays cerebral amino acid perturbations at baseline and upon systemic immune activation.
25672750,Characterization of samhd1 morphant zebrafish recapitulates features of the human type I interferonopathy Aicardi-Goutières syndrome.
25677649,Constant light uncovers behavioral effects of a mutation in the schizophrenia risk gene Dtnbp1 in mice.
25683716,The Mitochondrial Metallochaperone SCO1 Is Required to Sustain Expression of the High-Affinity Copper Transporter CTR1 and Preserve Copper Homeostasis.
25708872,"Growth arrest in the ribosomopathy, Bowen-Conradi syndrome, is due to dramatically reduced cell proliferation and a defect in mitotic progression."
25716980,Periodontal Defects in the A116T Knock-in Murine Model of Odontohypophosphatasia.
25736695,Glycine decarboxylase deficiency causes neural tube defects and features of non-ketotic hyperglycinemia in mice.
25743185,Mask loss-of-function rescues mitochondrial impairment and muscle degeneration of Drosophila pink1 and parkin mutants.
25763823,"A mouse model of L-2-hydroxyglutaric aciduria, a disorder of metabolite repair."
25779931,ENU mutagenesis identifies mice modeling Warburg Micro Syndrome with sensory axon degeneration caused by a deletion in Rab18.
25838181,The Lowe syndrome protein OCRL1 is required for endocytosis in the zebrafish pronephric tubule.
25841783,Mitoferrin modulates iron toxicity in a Drosophila model of Friedreich's ataxia.
25855184,α-Synuclein-independent histopathological and motor deficits in mice lacking the endolysosomal Parkinsonism protein Atp13a2.
25860513,Lack of GDAP1 induces neuronal calcium and mitochondrial defects in a knockout mouse model of charcot-marie-tooth neuropathy.
25917818,Exome sequencing reveals pathogenic mutations in 91 strains of mice with Mendelian disorders.
25947942,VPS33B regulates protein sorting into and maturation of α-granule progenitor organelles in mouse megakaryocytes.
25959825,The SLC7A7 Transporter Identifies Microglial Precursors prior to Entry into the Brain.
26019327,A murine Niemann-Pick C1 I1061T knock-in model recapitulates the pathological features of the most prevalent human disease allele.
26035866,"Clueless, a protein required for mitochondrial function, interacts with the PINK1-Parkin complex in Drosophila."
26044956,Apoc2 loss-of-function zebrafish mutant as a genetic model of hyperlipidemia.
26054439,The developmental evolution of the seizure phenotype and cortical inhibition in mouse models of juvenile myoclonic epilepsy.
26109203,RAP-011 improves erythropoiesis in zebrafish model of Diamond-Blackfan anemia through antagonizing lefty1.
26150473,Reticular dysgenesis-associated AK2 protects hematopoietic stem and progenitor cell development from oxidative stress.
26176594,Impaired Mitochondrial Energy Production Causes Light-Induced Photoreceptor Degeneration Independent of Oxidative Stress.
26183317,Cerebellar synaptogenesis is compromised in mouse models of DYT1 dystonia.
26195742,Replacing SNAP-25b with SNAP-25a expression results in metabolic disease.
26220941,A new knock-in mouse model of l-DOPA-responsive dystonia.
26232697,Neuroectoderm-specific deletion of cathepsin D in mice models human inherited neuronal ceroid lipofuscinosis type 10.
26241901,"Identification of a new mutant allele, Grm6(nob7), for complete congenital stationary night blindness."
26284655,In Vivo Evidence for Lysosome Depletion and Impaired Autophagic Clearance in Hereditary Spastic Paraplegia Type SPG11.
26300453,Different attentional abilities among inbred mice strains using virtual object recognition task (VORT): SNAP25⁺/⁻ mice as a model of attentional deficit.
26306834,Degree of Cajal-Retzius Cell Mislocalization Correlates with the Severity of Structural Brain Defects in Mouse Models of Dystroglycanopathy.
26376863,Conditional depletion of intellectual disability and Parkinsonism candidate gene ATP6AP2 in fly and mouse induces cognitive impairment and neurodegeneration.
26384018,Diabetic pdx1-mutant zebrafish show conserved responses to nutrient overload and anti-glycemic treatment.
26385640,A novel mouse model that recapitulates adult-onset glycogenosis type 4.
26387958,Diminished MTORC1-Dependent JNK Activation Underlies the Neurodevelopmental Defects Associated with Lysosomal Dysfunction.
26404503,Cathepsin-Mediated Alterations in TGFß-Related Signaling Underlie Disrupted Cartilage and Bone Maturation Associated With Impaired Lysosomal Targeting.
26428388,Hydroxyproline metabolism in a mouse model of Primary Hyperoxaluria Type 3.
26476142,"Knock-down of pantothenate kinase 2 severely affects the development of the nervous and vascular system in zebrafish, providing new insights into PKAN disease."
26484089,Transcriptome analysis of Rpl11-deficient zebrafish model of Diamond-Blackfan Anemia.
26489471,Partial Loss of Rpl11 in Adult Mice Recapitulates Diamond-Blackfan Anemia and Promotes Lymphomagenesis.
26489648,Mitochondrial retrograde signaling regulates neuronal function.
26511242,N-Acetylaspartate Synthase Deficiency Corrects the Myelin Phenotype in a Canavan Disease Mouse Model But Does Not Affect Survival Time.
26519465,"Zebrafish lacking functional DNA polymerase gamma survive to juvenile stage, despite rapid and sustained mitochondrial DNA depletion, altered energetics and growth."
26523199,A Yeast/Drosophila Screen to Identify New Compounds Overcoming Frataxin Deficiency.
26574668,A New Mouse Model of Limb-Girdle Muscular Dystrophy Type 2I Homozygous for the Common L276I Mutation Mimicking the Mild Phenotype in Humans.
26597171,Classification of Parkinson's Disease Genotypes in Drosophila Using Spatiotemporal Profiling of Vision.
26627235,Compromising the phosphodependent regulation of the GABAAR β3 subunit reproduces the core phenotypes of autism spectrum disorders.
26631731,Tumor Necrosis Factor Receptor-associated Protein 1 (TRAP1) Mutation and TRAP1 Inhibitor Gamitrinib-triphenylphosphonium (G-TPP) Induce a Forkhead Box O (FOXO)-dependent Cell Protective Signal from Mitochondria.
26662798,FIG4 regulates lysosome membrane homeostasis independent of phosphatase function.
26708557,"Knockdown of the Drosophila FIG4 induces deficient locomotive behavior, shortening of motor neuron, axonal targeting aberration, reduction of life span and defects in eye development."
26729507,Structure of the polyisoprenyl-phosphate glycosyltransferase GtrB and insights into the mechanism of catalysis.
26747696,Establishment of Two Mouse Models for CEDNIK Syndrome Reveals the Pivotal Role of SNAP29 in Epidermal Differentiation.
26785494,Imbalanced OPA1 processing and mitochondrial fragmentation cause heart failure in mice.
26801555,Vesicular monoamine transporter 2 (Vmat2) knockdown elicits anxiety-like behavior in zebrafish.
26812546,Mutation in ATG5 reduces autophagy and leads to ataxia with developmental delay.
26857995,AAV8-mediated expression of N-acetylglucosamine-1-phosphate transferase attenuates bone loss in a mouse model of mucolipidosis II.
26912795,trappc11 is required for protein glycosylation in zebrafish and humans.
26917586,EPG5-related Vici syndrome: a paradigm of neurodevelopmental disorders with defective autophagy.
26924217,Mitochondrial DNA Replication Defects Disturb Cellular dNTP Pools and Remodel One-Carbon Metabolism.
26931463,Drosophila clueless is involved in Parkin-dependent mitophagy by promoting VCP-mediated Marf degradation.
26940433,Synaptic roles for phosphomannomutase type 2 in a new Drosophila congenital disorder of glycosylation disease model.
26950939,Spontaneous 8bp Deletion in Nbeal2 Recapitulates the Gray Platelet Syndrome in Mice.
26972049,Pathogenesis of POLR1C-dependent Type 3 Treacher Collins Syndrome revealed by a zebrafish model.
26974159,PI3-kinase mutation linked to insulin and growth factor resistance in vivo.
27008886,Dimerization is required for GARS-mediated neurotoxicity in dominant CMT disease.
27038906,Pioglitazone ameliorates the phenotype of a novel Parkinson's disease mouse model by reducing neuroinflammation.
27101989,Antigen presenting cell abnormalities in the Cln3(-/-) mouse model of juvenile neuronal ceroid lipofuscinosis.
27130732,The functional O-mannose glycan on α-dystroglycan contains a phospho-ribitol primed for matriglycan addition.
27138983,Mouse model for molybdenum cofactor deficiency type B recapitulates the phenotype observed in molybdenum cofactor deficient patients.
27168150,Mouse model of rare TOR1A variant found in sporadic focal dystonia impairs domains affected in DYT1 dystonia patients and animal models.
27184405,Iron deficiency anemia's effect on bone formation in zebrafish mutant.
27184967,The defective expression of gtpbp3 related to tRNA modification alters the mitochondrial function and development of zebrafish.
27197761,"Pseudouridine synthase 1 deficient mice, a model for Mitochondrial Myopathy with Sideroblastic Anemia, exhibit muscle morphology and physiology alterations."
27207593,Mouse Models of NMNAT1-Leber Congenital Amaurosis (LCA9) Recapitulate Key Features of the Human Disease.
27237608,Disruption of biomineralization pathways in spinal tissues of a mouse model of diffuse idiopathic skeletal hyperostosis.
27293072,Characterizing the molecular phenotype of an Atp7a(T985I) conditional knock in mouse model for X-linked distal hereditary motor neuropathy (dHMNX).
27327661,Neurodegeneration and Epilepsy in a Zebrafish Model of CLN3 Disease (Batten Disease).
27336715,Mitofusin-mediated ER stress triggers neurodegeneration in pink1/parkin models of Parkinson's disease.
27343351,"Loss of Frataxin induces iron toxicity, sphingolipid synthesis, and Pdk1/Mef2 activation, leading to neurodegeneration."
27345403,Jagged1 upregulation in prostate epithelial cells promotes formation of reactive stroma in the Pten null mouse model for prostate cancer.
27362800,Transferrin receptor facilitates TGF-β and BMP signaling activation to control craniofacial morphogenesis.
27363778,Dynamin 1 isoform roles in a mouse model of severe childhood epileptic encephalopathy.
27398910,Autophagosome-lysosome fusion triggers a lysosomal response mediated by TLR9 and controlled by OCRL.
27401686,The Joubert Syndrome Protein Inpp5e Controls Ciliogenesis by Regulating Phosphoinositides at the Apical Membrane.
27433942,Metal Homeostasis Regulators Suppress FRDA Phenotypes in a Drosophila Model of the Disease.
27435297,Regulation of post-Golgi LH3 trafficking is essential for collagen homeostasis.
27448281,The Roles of RNA Polymerase I and III Subunits Polr1c and Polr1d in Craniofacial Development and in Zebrafish Models of Treacher Collins Syndrome.
27466184,A mouse model for creatine transporter deficiency reveals early onset cognitive impairment and neuropathology associated with brain aging.
27466186,"Coordinated movement, neuromuscular synaptogenesis and trans-synaptic signaling defects in Drosophila galactosemia models."
27483354,Alterations in nuclear structure promote lupus autoimmunity in a mouse model.
27491071,Progressive neurologic and somatic disease in a novel mouse model of human mucopolysaccharidosis type IIIC.
27491075,A mouse model for fucosidosis recapitulates storage pathology and neurological features of the milder form of the human disease.
27496733,ARC Syndrome-Linked Vps33B Protein Is Required for Inflammatory Endosomal Maturation and Signal Termination.
27499294,Cerebellar Ataxia and Coenzyme Q Deficiency through Loss of Unorthodox Kinase Activity.
27519416,Novel Mouse Models of Methylmalonic Aciduria Recapitulate Phenotypic Traits with a Genetic Dosage Effect.
27528605,BNIP3 Protein Suppresses PINK1 Kinase Proteolytic Cleavage to Promote Mitophagy.
27548528,PIK3C2B inhibition improves function and prolongs survival in myotubular myopathy animal models.
27551807,Defects in Stratum Corneum Desquamation Are the Predominant Effect of Impaired ABCA12 Function in a Novel Mouse Model of Harlequin Ichthyosis.
27562100,Acute and long-term outcomes in a Drosophila melanogaster model of classic galactosemia occur independently of galactose-1-phosphate accumulation.
27621313,Physiological Expression of AMPKγ2RG Mutation Causes Wolff-Parkinson-White Syndrome and Induces Kidney Injury in Mice.
27689697,Mtu1-Mediated Thiouridine Formation of Mitochondrial tRNAs Is Required for Mitochondrial Translation and Is Involved in Reversible Infantile Liver Injury.
27715390,Mice deficient in the Vici syndrome gene Epg5 exhibit features of retinitis pigmentosa.
27802373,Innate Color Preference of Zebrafish and Its Use in Behavioral Analyses.
27815386,PTEN Signaling in the Postnatal Perivascular Progenitor Niche Drives Medulloblastoma Formation.
27841259,Selective removal of deletion-bearing mitochondrial DNA in heteroplasmic Drosophila.
27848260,The HtrA2 Drosophila model of Parkinson's disease is suppressed by the pro-survival Bcl-2 Buffy.
27859782,Inhibition of the mitochondrial calcium uniporter rescues dopaminergic neurons in pink1-/- zebrafish.
27870637,Calcium homeostasis alterations in a mouse model of the Dynamin 2-related centronuclear myopathy.
27890673,Functional validation of ABHD12 mutations in the neurodegenerative disease PHARC.
27906179,PINK1-dependent phosphorylation of PINK1 and Parkin is essential for mitochondrial quality control.
27912058,Impaired Amino Acid Transport at the Blood Brain Barrier Is a Cause of Autism Spectrum Disorder.
27959908,"Ectopic Mineralization and Conductive Hearing Loss in Enpp1asj Mutant Mice, a New Model for Otitis Media and Tympanosclerosis."
28011627,Enhancing NAD+ salvage metabolism is neuroprotective in a PINK1 model of Parkinson's disease.
28065847,A Drosophila model of GDAP1 function reveals the involvement of insulin signalling in the mitochondria-dependent neuromuscular degeneration.
28106473,Overexpression of Buffy enhances the loss of parkin and suppresses the loss of Pink1 phenotypes in Drosophila.
28107429,Deficient Cholesterol Esterification in Plasma of apoc2 Knockout Zebrafish and Familial Chylomicronemia Patients.
28165480,α-Lipoic acid treatment prevents cystine urolithiasis in a mouse model of cystinuria.
28167839,New murine Niemann-Pick type C models bearing a pseudoexon-generating mutation recapitulate the main neurobehavioural and molecular features of the disease.
28198397,Cystinosis (ctns) zebrafish mutant shows pronephric glomerular and tubular dysfunction.
28198506,Inhibition of mitochondrial calcium uptake 1 in Drosophila neurons.
28211874,dATF4 regulation of mitochondrial folate-mediated one-carbon metabolism is neuroprotective.
28286293,A role for astrocytes in cerebellar deficits in frataxin deficiency: Protection by insulin-like growth factor I.
28322724,Valosin-containing protein (VCP/p97) inhibitors relieve Mitofusin-dependent mitochondrial defects due to VCP disease mutants.
28334745,Disease correction by AAV-mediated gene therapy in a new mouse model of mucopolysaccharidosis type IIID.
28334757,Perturbations in cell signaling elicit early cardiac defects in mucopolysaccharidosis type II.
28351661,Immunostimulatory Endogenous Nucleic Acids Drive the Lesional Inflammation in Cutaneous Lupus Erythematosus.
28369476,PNPLA1 defects in patients with autosomal recessive congenital ichthyosis and KO mice sustain PNPLA1 irreplaceable function in epidermal omega-O-acylceramide synthesis and skin permeability barrier.
28376086,Novel insights into SLC25A46-related pathologies in a genetic mouse model.
28407788,Absence of neurological abnormalities in mice homozygous for the Polr3a G672E hypomyelinating leukodystrophy mutation.
28424480,Ketogenic diet attenuates hepatopathy in mouse model of respiratory chain complex III deficiency caused by a Bcs1l mutation.
28428331,A Personalized Model of COQ2 Nephropathy Rescued by the Wild-Type COQ2 Allele or Dietary Coenzyme Q10 Supplementation.
28429368,"ARALAR/AGC1 deficiency, a neurodevelopmental disorder with severe impairment of neuronal mitochondrial respiration, does not produce a primary increase in brain lactate."
28435104,Drosophila PINK1 and parkin loss-of-function mutants display a range of non-motor Parkinson's disease phenotypes.
28445472,Unsuspected osteochondroma-like outgrowths in the cranial base of Hereditary Multiple Exostoses patients and modeling and treatment with a BMP antagonist in mice.
28466468,Loss of Dynamin 2 GTPase function results in microcytic anaemia.
28490646,A missense mutation in Grm6 reduces but does not eliminate mGluR6 expression or rod depolarizing bipolar cell function.
28506826,An X-chromosome linked mouse model (Ndufa1S55A) for systemic partial Complex I deficiency for studying predisposition to neurodegeneration and other diseases.
28526246,Impaired mitophagy facilitates mitochondrial damage in Danon disease.
28541509,Evidence that phosphorylated ubiquitin signaling is involved in the etiology of Parkinson's disease.
28545977,Elevated glutaric acid levels in Dhtkd1-/Gcdh- double knockout mice challenge our current understanding of lysine metabolism.
28577986,Automated analysis of brain activity for seizure detection in zebrafish models of epilepsy.
28589937,Loss of Parkinson's disease-associated protein CHCHD2 affects mitochondrial crista structure and destabilizes cytochrome c.
28600349,A mouse model of hereditary coproporphyria identified in an ENU mutagenesis screen.
28606139,A loss of Pdxk model of Parkinson disease in Drosophila can be suppressed by Buffy.
28626029,"A homozygous founder mutation in TRAPPC6B associates with a neurodevelopmental disorder characterised by microcephaly, epilepsy and autistic features."
28640802,Peroxisomal biogenesis is genetically and biochemically linked to carbohydrate metabolism in Drosophila and mouse.
28665968,High-dose thiamine prevents brain lesions and prolongs survival of Slc19a3-deficient mice.
28716706,Characterization of a presymptomatic stage in a Drosophila Parkinson's disease model: Unveiling dopaminergic compensatory mechanisms.
28724750,Disruption of a Structurally Important Extracellular Element in the Glycine Receptor Leads to Decreased Synaptic Integration and Signaling Resulting in Severe Startle Disease.
28778978,Drosophila CHIP protects against mitochondrial dysfunction by acting downstream of Pink1 in parallel with Parkin.
28812582,Control of intestinal stem cell function and proliferation by mitochondrial pyruvate metabolism.
28827794,Isocitrate protects DJ-1 null dopaminergic cells from oxidative stress through NADP+-dependent isocitrate dehydrogenase (IDH).
28848400,AF-6 Protects Against Dopaminergic Dysfunction and Mitochondrial Abnormalities in Drosophila Models of Parkinson's Disease.
28859131,Mouse models of human ocular disease for translational research.
28880915,An optimized method for counting dopaminergic neurons in zebrafish.
28883096,"COG7 deficiency in Drosophila generates multifaceted developmental, behavioral and protein glycosylation phenotypes."
28911205,A zebrafish model of X-linked adrenoleukodystrophy recapitulates key disease features and demonstrates a developmental requirement for abcd1 in oligodendrocyte patterning and myelination.
28913702,Impaired fertility and motor function in a zebrafish model for classic galactosemia.
28945745,p53-dependent programmed necrosis controls germ cell homeostasis during spermatogenesis.
28949038,Parkinsonism without dopamine neuron degeneration in aged l-dopa-responsive dystonia knockin mice.
28953919,Drosophila studies support a role for a presynaptic synaptotagmin mutation in a human congenital myasthenic syndrome.
29036432,Copb2 is essential for embryogenesis and hypomorphic mutations cause human microcephaly.
29053735,Characterization of the first knock-out aldh7a1 zebrafish model for pyridoxine-dependent epilepsy using CRISPR-Cas9 technology.
29061647,Pyridoxine-Dependent Epilepsy in Zebrafish Caused by Aldh7a1 Deficiency.
29097652,Spermine synthase deficiency causes lysosomal dysfunction and oxidative stress in models of Snyder-Robinson syndrome.
29127204,Mutations in the X-linked ATP6AP2 cause a glycosylation disorder with autophagic defects.
29128566,Restoration of polr1c in Early Embryogenesis Rescues the Type 3 Treacher Collins Syndrome Facial Malformation Phenotype in Zebrafish.
29142100,Abnormal visual gain control and excitotoxicity in early-onset Parkinson's disease Drosophila models.
29154852,The mitochondrial uncoupling protein 2 gene is causal for the spontaneous polycystic liver diseases in mice.
29161034,Dynamic Glycosylation Governs the Vertebrate COPII Protein Trafficking Pathway.
29225165,Cross talk between TP53 and c-Myc in the pathophysiology of Diamond-Blackfan anemia: Evidence from RPL11-deficient in vivo and in vitro models.
29257745,Inducible and reversible phenotypes in a novel mouse model of Friedreich's Ataxia.
29281828,The Krebs Cycle Enzyme Isocitrate Dehydrogenase 3A Couples Mitochondrial Metabolism to Synaptic Transmission.
29282281,Unbalanced lipolysis results in lipotoxicity and mitochondrial damage in peroxisome-deficient Pex19 mutants.
29315381,CHCHD10 mutations p.R15L and p.G66V cause motoneuron disease by haploinsufficiency.
29323117,Impaired autophagy bridges lysosomal storage disease and epithelial dysfunction in the kidney.
29337306,Zinc transporter Slc39a8 is essential for cardiac ventricular compaction.
29358286,Aberrant tRNA processing causes an autoinflammatory syndrome responsive to TNF inhibitors.
29361562,The Drosophila Ret gene functions in the stomatogastric nervous system with the Maverick TGFβ ligand and the Gfrl co-receptor.
29379136,A novel mouse model carrying a human cytoplasmic dynein mutation shows motor behavior deficits consistent with Charcot-Marie-Tooth type 2O disease.
29382817,Targeting Tyro3 ameliorates a model of PGRN-mutant FTLD-TDP via tau-mediated synaptic pathology.
29405656,Drosophila tafazzin mutants have impaired exercise capacity.
29408731,Neuronal-specific impairment of heparan sulfate degradation in Drosophila reveals pathogenic mechanisms for Mucopolysaccharidosis type IIIA.
29437042,Site-1 protease regulates skeletal stem cell population and osteogenic differentiation in mice.
29456190,PINK1 Phosphorylates MIC60/Mitofilin to Control Structural Plasticity of Mitochondrial Crista Junctions.
29467464,"Loss of the Drosophila m-AAA mitochondrial protease paraplegin results in mitochondrial dysfunction, shortened lifespan, and neuronal and muscular degeneration."
29507920,Multimodal LA-ICP-MS and nanoSIMS imaging enables copper mapping within photoreceptor megamitochondria in a zebrafish model of Menkes disease.
29511098,Murine knockin model for progranulin-deficient frontotemporal dementia with nonsense-mediated mRNA decay.
29527922,IDH2-deficient mice develop spinal deformities with aging.
29539424,TGF-ß Regulates Cathepsin Activation during Normal and Pathogenic Development.
29563863,Mitofusin-Dependent ER Stress Triggers Glial Dysfunction and Nervous System Degeneration in a Drosophila Model of Friedreich's Ataxia.
29566152,Mutations in the mitochondrial ribosomal protein MRPS22 lead to primary ovarian insufficiency.
29581357,Cutting Edge: Imbalanced Cation Homeostasis in MAGT1-Deficient B Cells Dysregulates B Cell Development and Signaling in Mice.
29581525,Innate immune system activation in zebrafish and cellular models of Diamond Blackfan Anemia.
29604224,Mutations in VPS13D lead to a new recessive ataxia with spasticity and mitochondrial defects.
29648648,FGF signaling deregulation is associated with early developmental skeletal defects in animal models for mucopolysaccharidosis type II (MPSII).
29661920,DHTKD1 Deficiency Causes Charcot-Marie-Tooth Disease in Mice.
29674119,"NMNAT1 E257K variant, associated with Leber Congenital Amaurosis (LCA9), causes a mild retinal degeneration phenotype."
29718187,Mutations in COA7 cause spinocerebellar ataxia with axonal neuropathy.
29720471,Bone marrow transplantation corrects haemolytic anaemia in a novel ENU mutagenesis mouse model of TPI deficiency.
29739804,Etiology and treatment of adrenoleukodystrophy: new insights from Drosophila.
29742619,Loss-of-function mutation in Hippo suppressed enlargement of lysosomes and neurodegeneration caused by dFIG4 knockdown.
29750247,tp53-dependent and independent signaling underlies the pathogenesis and possible prevention of Acrofacial Dysostosis-Cincinnati type.
29754768,"Mutations in PPCS, Encoding Phosphopantothenoylcysteine Synthetase, Cause Autosomal-Recessive Dilated Cardiomyopathy."
29809156,Deficiency of parkin and PINK1 impairs age-dependent mitophagy in Drosophila.
29867208,Impairment of photoreceptor ribbon synapses in a novel Pomt1 conditional knockout mouse model of dystroglycanopathy.
29879378,MRAP deficiency impairs adrenal progenitor cell differentiation and gland zonation.
29887339,ER Lipid Defects in Neuropeptidergic Neurons Impair Sleep Patterns in Parkinson's Disease.
29897731,Small Molecule Inhibitors of NFkB Reverse Iron Overload and Hepcidin Deregulation in a Zebrafish Model for Hereditary Hemochromatosis Type 3.
29897878,Model construction of Niemann-Pick type C disease in zebrafish.
29899452,Targeted therapy in patients with PIK3CA-related overgrowth syndrome.
29905857,GFPT1 deficiency in muscle leads to myasthenia and myopathy in mice.
29908121,Pathological manifestations of Farber disease in a new mouse model.
29977031,A Mouse Model of Schnyder Corneal Dystrophy with the N100S Point Mutation.
29980178,Efficacy of Hydroxy-L-proline (HYP) analogs in the treatment of primary hyperoxaluria in Drosophila Melanogaster.
30013483,A Mouse Model of Creatine Transporter Deficiency Reveals Impaired Motor Function and Muscle Energy Metabolism.
30046000,Hnf4a deletion in the mouse kidney phenocopies Fanconi renotubular syndrome.
30053506,Selective deletion of glutamine synthetase in the mouse cerebral cortex induces glial dysfunction and vascular impairment that precede epilepsy and neurodegeneration.
30059502,Ras-ERK-ETS inhibition alleviates neuronal mitochondrial dysfunction by reprogramming mitochondrial retrograde signaling.
30082715,SLC10A7 mutations cause a skeletal dysplasia with amelogenesis imperfecta mediated by GAG biosynthesis defects.
30088174,"PARK14 (D331Y) PLA2G6 Causes Early-Onset Degeneration of Substantia Nigra Dopaminergic Neurons by Inducing Mitochondrial Dysfunction, ER Stress, Mitophagy Impairment and Transcriptional Dysregulation in a Knockin Mouse Model."
30120215,Perturbations of BMP/TGF-β and VEGF/VEGFR signalling pathways in non-syndromic sporadic brain arteriovenous malformations (BAVM).
30127432,Hyperactivated PI3Kδ promotes self and commensal reactivity at the expense of optimal humoral immunity.
30135069,Modeling Niemann-Pick disease type C1 in zebrafish: a robust platform for in vivo screening of candidate therapeutic compounds.
30137487,Deletion of Mtu1 (Trmu) in zebrafish revealed the essential role of tRNA modification in mitochondrial biogenesis and hearing function.
30165075,Genetic screening of the genes interacting with Drosophila FIG4 identified a novel link between CMT-causing gene and long noncoding RNAs.
30188767,Dysfunctional peroxisomes compromise gut structure and host defense by increased cell death and Tor-dependent autophagy.
30219582,Regulation of ER-mitochondria contacts by Parkin via Mfn2.
30271659,Progranulin Deficient Mice Develop Nephrogenic Diabetes Insipidus.
30279493,Correcting glucose-6-phosphate dehydrogenase deficiency with a small-molecule activator.
30290151,"A Recurrent De Novo Heterozygous COG4 Substitution Leads to Saul-Wilson Syndrome, Disrupted Vesicular Trafficking, and Altered Proteoglycan Glycosylation."
30295680,Effects of PINK1 mutation on synapses and behavior in the brain of Drosophila melanogaster.
30301978,A missense variant in SLC39A8 is associated with severe idiopathic scoliosis.
30324621,γ-Aminobutyric acid receptor alpha 1 subunit loss of function causes genetic generalized epilepsy by impairing inhibitory network neurodevelopment.
30385710,Glycine decarboxylase deficiency-induced motor dysfunction in zebrafish is rescued by counterbalancing glycine synaptic level.
30389805,Distinct Roles for Peroxisomal Targeting Signal Receptors Pex5 and Pex7 in Drosophila.
30395686,An N-Ethyl-N-Nitrosourea (ENU)-Induced Tyr265Stop Mutation of the DNA Polymerase Accessory Subunit Gamma 2 (Polg2) Is Associated With Renal Calcification in Mice.
30439444,Calcium activated nucleotidase 1 (CANT1) is critical for glycosaminoglycan biosynthesis in cartilage and endochondral ossification.
30467204,Sphingolipid dysregulation due to lack of functional KDSR impairs proplatelet formation causing thrombocytopenia.
30526176,Protective mechanism of Wnt4 gene on Parkinson's disease (PD) transgenic Drosophila.
30533528,Identification of a new SYT2 variant validates an unusual distal motor neuropathy phenotype.
30568043,Sialic acid catabolism by N-acetylneuraminate pyruvate lyase is essential for muscle function.
30602030,The phenotypic landscape of a Tbc1d24 mutant mouse includes convulsive seizures resembling human early infantile epileptic encephalopathy.
30615115,Homozygous hydroxymethylbilane synthase knock-in mice provide pathogenic insights into the severe neurological impairments present in human homozygous dominant acute intermittent porphyria.
30620337,Loss of the sphingolipid desaturase DEGS1 causes hypomyelinating leukodystrophy.
30668673,"PLPHP deficiency: clinical, genetic, biochemical, and mechanistic insights."
30718751,3-ketodihydrosphingosine reductase mutation induces steatosis and hepatic injury in zebrafish.
30718891,A genetic model of CEDNIK syndrome in zebrafish highlights the role of the SNARE protein Snap29 in neuromotor and epidermal development.
30742839,A novel GTPCH deficiency mouse model exhibiting tetrahydrobiopterin-related metabolic disturbance and infancy-onset motor impairments.
30805566,Rapamycin as a potential treatment for succinate dehydrogenase deficiency.
30806141,The epg5 knockout zebrafish line: a model to study Vici syndrome.
30830215,Exome Sequencing Reveals the POLR3H Gene as a Novel Cause of Primary Ovarian Insufficiency.
30833296,The zebrafish orthologue of the human hepatocerebral disease gene MPV17 plays pleiotropic roles in mitochondria.
30865697,Testing the Cre-mediated genetic switch for the generation of conditional knock-in mice.
30916346,Deletion of Gtpbp3 in zebrafish revealed the hypertrophic cardiomyopathy manifested by aberrant mitochondrial tRNA metabolism.
30929901,Phenotypic Landscape of Schizophrenia-Associated Genes Defines Candidates and Their Shared Functions.
30930081,A mouse model for SPG48 reveals a block of autophagic flux upon disruption of adaptor protein complex five.
30988163,Inhibition of the deubiquitinase USP8 corrects a Drosophila PINK1 model of mitochondria dysfunction.
30992063,"Mutations in ATP13A2 (PARK9) are associated with an amyotrophic lateral sclerosis-like phenotype, implicating this locus in further phenotypic expansion."
31016744,Mannose Phosphate Isomerase and Mannose Regulate Hepatic Stellate Cell Activation and Fibrosis in Zebrafish and Humans.
31048868,Individual knock out of glycine receptor alpha subunits identifies a specific requirement of glra1 for motor function in zebrafish.
31094706,Imbalanced mitochondrial function provokes heterotaxy via aberrant ciliogenesis.
31113616,Loss of abcd4 in zebrafish leads to vitamin B12-deficiency anemia.
31118240,"PTEN reduces endosomal PtdIns(4,5)P2 in a phosphatase-independent manner via a PLC pathway."
31120803,Assessment of mitophagy in mt-Keima Drosophila revealed an essential role of the PINK1-Parkin pathway in mitophagy induction in vivo.
31140649,Hexb enzyme deficiency leads to lysosomal abnormalities in radial glia and microglia in zebrafish brain development.
31207289,Liver disease predominates in a mouse model for mild human Zellweger spectrum disorder.
31228518,Phenotyping an adult zebrafish lamp2 cardiomyopathy model identifies mTOR inhibition as a candidate therapy.
31291788,Evaluation of oxidative stress mechanisms and the effects of phytotherapic extracts on Parkinson's disease Drosophila PINK1B9 model.
31378462,MISTERMINATE Mechanistically Links Mitochondrial Dysfunction with Proteostasis Failure.
31391079,NAD+ improves neuromuscular development in a zebrafish model of FKRP-associated dystroglycanopathy.
31398340,Inherited and De Novo Genetic Risk for Autism Impacts Shared Networks.
31399478,A new mouse model of GLUT1 deficiency syndrome exhibits abnormal sleep-wake patterns and alterations of glucose kinetics in the brain.
31412538,Ether Lipid Deficiency in Mice Produces a Complex Behavioral Phenotype Mimicking Aspects of Human Psychiatric Disorders.
31422819,Bi-allelic GOT2 Mutations Cause a Treatable Malate-Aspartate Shuttle-Related Encephalopathy.
31469588,A conditional mouse model of complex II deficiency manifesting as Leigh-like syndrome.
31480808,ADCK2 Haploinsufficiency Reduces Mitochondrial Lipid Oxidation and Causes Myopathy Associated with CoQ Deficiency.
31547903,Abstracts of Scientific Presentations 2019 AALAS National Meeting.
31548178,Restriction of mitochondrial calcium overload by mcu inactivation renders a neuroprotective effect in zebrafish models of Parkinson's disease.
31555733,Large-scale RNAi screen identified Dhpr as a regulator of mitochondrial morphology and tissue homeostasis.
31557132,Allele-specific RNA interference prevents neuropathy in Charcot-Marie-Tooth disease type 2D mouse models.
31582559,Targeted knockout of GABA-A receptor gamma 2 subunit provokes transient light-induced reflex seizures in zebrafish larvae.
31600778,Mutations in CHCHD2 cause α-synuclein aggregation.
31600782,"Conditional targeting in mice reveals that hepatic homogentisate 1,2-dioxygenase activity is essential in reducing circulating homogentisic acid and for effective therapy in the genetic disease alkaptonuria."
31600785,ADAMTS9 and ADAMTS20 are differentially affected by loss of B3GLCT in mouse model of Peters plus syndrome.
31616300,Pyridoxamine Supplementation Effectively Reverses the Abnormal Phenotypes of Zebrafish Larvae With PNPO Deficiency.
31625562,Model system identification of novel congenital heart disease gene candidates: focus on RPL13.
31645647,Thiopurine-mediated impairment of hematopoietic stem and leukemia cells in Nudt15R138C knock-in mice.
31649276,POLR1B and neural crest cell anomalies in Treacher Collins syndrome type 4.
31671075,SDR9C7 catalyzes critical dehydrogenation of acylceramides for skin barrier formation.
31676724,Effects of Proximal Tubule Shortening on Protein Excretion in a Lowe Syndrome Model.
31701076,Liver Glycogen Phosphorylase Deficiency Leads to Profibrogenic Phenotype in a Murine Model of Glycogen Storage Disease Type VI.
31704059,"Identification of CR43467 encoding a long non-coding RNA as a novel genetic interactant with dFIG4, a CMT-causing gene."
31722069,"Knockout of the non-essential gene SUGCT creates diet-linked, age-related microbiome disbalance with a diabetes-like metabolic syndrome phenotype."
31727854,A model for reticular dysgenesis shows impaired sensory organ development and hair cell regeneration linked to cellular stress.
31727896,Elevated aldosterone and blood pressure in a mouse model of familial hyperaldosteronism with ClC-2 mutation.
31740269,Mitochondrial impairment activates the Wallerian pathway through depletion of NMNAT2 leading to SARM1-dependent axon degeneration.
31748267,A locomotor assay reveals deficits in heterozygous Parkinson's disease model and proprioceptive mutants in adult Drosophila.
31776394,Characterizing renal involvement in Hermansky-Pudlak Syndrome in a zebrafish model.
31784520,Glycogen branching enzyme controls cellular iron homeostasis via Iron Regulatory Protein 1 and mitoNEET.
31799427,Light-driven activation of mitochondrial proton-motive force improves motor behaviors in a Drosophila model of Parkinson's disease.
31821850,The effects of the inactivation of Hydroxyproline dehydrogenase on urinary oxalate and glycolate excretion in mouse models of primary hyperoxaluria.
31907391,Chchd2 regulates mitochondrial morphology by modulating the levels of Opa1.
31917327,Glycogen storage in a zebrafish Pompe disease model is reduced by 3-BrPA treatment.
31944455,Mutations in FASTKD2 are associated with mitochondrial disease with multi-OXPHOS deficiency.
32060339,The STING pathway does not contribute to behavioural or mitochondrial phenotypes in Drosophila Pink1/parkin or mtDNA mutator models.
32075953,The nuclear gene rpl18 regulates erythroid maturation via JAK2-STAT3 signaling in zebrafish model of Diamond-Blackfan anemia.
32080200,Impaired mitophagy links mitochondrial disease to epithelial stress in methylmalonyl-CoA mutase deficiency.
32106290,Photoreceptor Degeneration Accompanies Vascular Changes in a Zebrafish Model of Diabetic Retinopathy.
32129442,Mice carrying an analogous heterozygous dynamin 2 K562E mutation that causes neuropathy in humans develop predominant characteristics of a primary myopathy.
32139597,Activation of Retinal Angiogenesis in Hyperglycemic pdx1 -/- Zebrafish Mutants.
32169121,"CMT2Q-causing mutation in the Dhtkd1 gene lead to sensory defects, mitochondrial accumulation and altered metabolism in a knock-in mouse model."
32169171,Loss- or Gain-of-Function Mutations in ACOX1 Cause Axonal Loss via Different Mechanisms.
32190925,The lack of HSD17B3 in male mice results in disturbed Leydig cell maturation and endocrine imbalance akin to humans with HSD17B3 deficiency.
32194047,Profound effects of glucocorticoid resistance on anxiety-related behavior in zebrafish adults but not in larvae.
32198142,A Defect in Thymic Tolerance Causes T Cell-Mediated Autoimmunity in a Murine Model of COPA Syndrome.
32212285,The failure of microglia to digest developmental apoptotic cells contributes to the pathology of RNASET2-deficient leukoencephalopathy.
32216065,Loss of ap4s1 in zebrafish leads to neurodevelopmental defects resembling spastic paraplegia 52.
32245241,Selective Ablation of Dehydrodolichyl Diphosphate Synthase in Murine Retinal Pigment Epithelium (RPE) Causes RPE Atrophy and Retinal Degeneration.
32248620,The Warburg Micro Syndrome-associated Rab3GAP-Rab18 module promotes autolysosome maturation through the Vps34 Complex I.
32295832,Zebrafish disease model of human RNASET2-deficient cystic leukoencephalopathy displays abnormalities in early microglia.
32335362,A Cell-Based High-Throughput Screening Identified Two Compounds that Enhance PINK1-Parkin Signaling.
32430393,Zebrafish models of skeletal dysplasia induced by cholesterol biosynthesis deficiency.
32467926,GABAA receptor β3 subunit mutation D120N causes Lennox-Gastaut syndrome in knock-in mice.
32484300,PINK1 phosphorylates Drp1S616 to regulate mitophagy-independent mitochondrial dynamics.
32503896,Cell-Based Phenotypic Drug Screening Identifies Luteolin as Candidate Therapeutic for Nephropathic Cystinosis.
32504080,A global Slc7a7 knockout mouse model demonstrates characteristic phenotypes of human lysinuric protein intolerance.
32529115,Degeneration of dopaminergic neurons and impaired intracellular trafficking in Atp13a2 deficient zebrafish.
32554502,"Pseudouridylation defect due to DKC1 and NOP10 mutations causes nephrotic syndrome with cataracts, hearing impairment, and enterocolitis."
32586831,Mitochondrial damage and senescence phenotype of cells derived from a novel frataxin G127V point mutation mouse model of Friedreich's ataxia.
32599686,The Splicing Factor SF2 Is Critical for Hyperproliferation and Survival in a TORC1-Dependent Model of Early Tumorigenesis in Drosophila.
32601357,A tailored Cln3Q352X mouse model for testing therapeutic interventions in CLN3 Batten disease.
32737078,Mitochondrial spongiotic brain disease: astrocytic stress and harmful rapamycin and ketosis effect.
32744307,A Drosophila model of Friedreich ataxia with CRISPR/Cas9 insertion of GAA repeats in the frataxin gene reveals in vivo protection by N-acetyl cysteine.
32766952,Knockout of PINK1 altered the neural connectivity of Drosophila dopamine PPM3 neurons at input and output sites.
32865440,"Cystathionine β-synthase Deficiency Impairs Vision in the Fruit Fly, Drosophila melanogaster."
32873392,Elevating bioavailable iron levels in mitochondria suppresses the defective phenotypes caused by PINK1 loss-of-function in Drosophila melanogaster.
32877400,Trappc9 deficiency causes parent-of-origin dependent microcephaly and obesity.
32891704,Presynaptic PRRT2 Deficiency Causes Cerebellar Dysfunction and Paroxysmal Kinesigenic Dyskinesia.
32898622,Overexpressed PERK suppresses the neurodegenerative phenotypes in PINK1B9 flies by enhancing mitochondrial function.
32915983,Cohen Syndrome-Associated Cataract Is Explained by VPS13B Functions in Lens Homeostasis and Is Modified by Additional Genetic Factors.
32916022,Novel RPL13 Variants and Variable Clinical Expressivity in a Human Ribosomopathy With Spondyloepimetaphyseal Dysplasia.
32926965,Metformin-induced suppression of Nemo-like kinase improves erythropoiesis in preclinical models of Diamond-Blackfan anemia through induction of miR-26a.
32969477,A novel mouse model for pyridoxine-dependent epilepsy due to antiquitin deficiency.
32987832,Mouse Models of Human Pathogenic Variants of TBC1D24 Associated with Non-Syndromic Deafness DFNB86 and DFNA65 and Syndromes Involving Deafness.
33055423,Inappropriate cathepsin K secretion promotes its enzymatic activation driving heart and valve malformation.
33075064,Inactivation of the mitochondrial protease Afg3l2 results in severely diminished respiratory chain activity and widespread defects in mitochondrial gene expression.
33079236,Visualisation of cholesterol and ganglioside GM1 in zebrafish models of Niemann-Pick type C disease and Smith-Lemli-Opitz syndrome using light sheet microscopy.
33085661,Drosophila phosphatidylinositol-4 kinase fwd promotes mitochondrial fission and can suppress Pink1/parkin phenotypes.
33098766,A Hyper-IgM Syndrome Mutation in Activation-Induced Cytidine Deaminase Disrupts G-Quadruplex Binding and Genome-wide Chromatin Localization.
33115644,A novel Drosophila model for neurodevelopmental disorders associated with Shwachman-Diamond syndrome.
33128998,Oxidative stress modulates rearrangement of endoplasmic reticulum-mitochondria contacts and calcium dysregulation in a Friedreich's ataxia model.
33156815,Loss of sdhb in zebrafish larvae recapitulates human paraganglioma characteristics.
33168096,Aldh1l2 knockout mouse metabolomics links the loss of the mitochondrial folate enzyme to deregulation of a lipid metabolism observed in rare human disorder.
33208359,Trappc9 deficiency in mice impairs learning and memory by causing imbalance of dopamine D1 and D2 neurons.
33219378,Pulmonary glycogen deficiency as a new potential cause of respiratory distress syndrome.
33244184,"Cerebellar and hepatic alterations in ACBD5-deficient mice are associated with unexpected, distinct alterations in cellular lipid homeostasis."
33330465,Assessment of Autism Zebrafish Mutant Models Using a High-Throughput Larval Phenotyping Platform.
33352696,"Neuronal Ablation of CoA Synthase Causes Motor Deficits, Iron Dyshomeostasis, and Mitochondrial Dysfunctions in a CoPAN Mouse Model."
33363150,b3galt6 Knock-Out Zebrafish Recapitulate β3GalT6-Deficiency Disorders in Human and Reveal a Trisaccharide Proteoglycan Linkage Region.
33392778,Loss of PIGK function causes severe infantile encephalopathy and extensive neuronal apoptosis.
33410752,Generation and validation of a conditional knockout mouse model for the study of the Smith-Lemli-Opitz syndrome.
33495632,Ribosomopathy-associated mutations cause proteotoxic stress that is alleviated by TOR inhibition.
33524375,Generation and validation of a conditional knockout mouse model for desmosterolosis.
33536343,An mtDNA mutant mouse demonstrates that mitochondrial deficiency can result in autism endophenotypes.
33558985,Biphasic dynamics of beta cell mass in a mouse model of congenital hyperinsulinism: implications for type 2 diabetes.
33582225,The K328M substitution in the human GABAA receptor gamma2 subunit causes GEFS+ and premature sudden death in knock-in mice.
33683355,Differential metabolic sensitivity of insulin-like-response- and TORC1-dependent overgrowth in Drosophila fat cells.
33690217,Metabolic rerouting via SCD1 induction impacts X-linked adrenoleukodystrophy.
33755596,GMPPA defects cause a neuromuscular disorder with α-dystroglycan hyperglycosylation.
33761355,Roles of PINK1 in regulation of systemic growth inhibition induced by mutations of PTEN in Drosophila.
33771871,Loss of Ftsj1 perturbs codon-specific translation efficiency in the brain and is associated with X-linked intellectual disability.
33772006,TDP-43 and PINK1 mediate CHCHD10S59L mutation-induced defects in Drosophila and in vitro.
33790381,CRISPR/Cas9 generated knockout mice lacking phenylalanine hydroxylase protein as a novel preclinical model for human phenylketonuria.
33833234,Exploiting pyocyanin to treat mitochondrial disease due to respiratory complex III dysfunction.
33850086,"Identification of Rpd3 as a novel epigenetic regulator of Drosophila FIG 4, a Charcot-Marie-Tooth disease-causing gene."
33857132,Optogenetic delivery of trophic signals in a genetic model of Parkinson's disease.
33964306,Sar1b mutant mice recapitulate gastrointestinal abnormalities associated with chylomicron retention disease.
33966044,TP53INP1 exerts neuroprotection under ageing and Parkinson's disease-related stress condition.
33976153,Elp2 mutations perturb the epitranscriptome and lead to a complex neurodevelopmental phenotype.
34016526,Zebrafish model of human Zellweger syndrome reveals organ-specific accumulation of distinct fatty acid species and widespread gene expression changes.
34043061,A comprehensive phenotypic characterization of a whole-body Wdr45 knock-out mouse.
34074800,The dysregulated Pink1- Drosophila mitochondrial proteome is partially corrected with exercise.
34083748,Phenotypic analysis of catastrophic childhood epilepsy genes.
34132337,Loss of the Vitamin B-12 Transport Protein Tcn2 Results in Maternally Inherited Growth and Developmental Defects in Zebrafish.
34142127,Saturation mutagenesis defines novel mouse models of severe spine deformity.
34165243,Cysteamine-bicalutamide combination therapy corrects proximal tubule phenotype in cystinosis.
34218254,Nrf2 activation induces mitophagy and reverses Parkin/Pink1 knock down-mediated neuronal and muscle degeneration phenotypes.
34244144,Loss of UCHL1 rescues the defects related to Parkinson's disease by suppressing glycolysis.
34290587,Knockdown of Dehydrodolichyl Diphosphate Synthase in the Drosophila Retina Leads to a Unique Pattern of Retinal Degeneration.
34332594,Aicardi-Goutières syndrome-associated mutation at ADAR1 gene locus activates innate immune response in mouse brain.
34343497,Protein kinase R and the integrated stress response drive immunopathology caused by mutations in the RNA deaminase ADAR1.
34386730,Dissecting the concordant and disparate roles of NDUFAF3 and NDUFAF4 in mitochondrial complex I biogenesis.
34413298,Somatic genetic rescue of a germline ribosome assembly defect.
34445111,Efficient Neuroprotective Rescue of Sacsin-Related Disease Phenotypes in Zebrafish.
34459252,LAMP2 Cardiomyopathy: Consequences of Impaired Autophagy in the Heart.
34459871,Vps13D functions in a Pink1-dependent and Parkin-independent mitophagy pathway.
34460911,Pericyte Insulin Receptors Modulate Retinal Vascular Remodeling and Endothelial Angiopoietin Signaling.
34464976,A new murine Rpl5 (uL18) mutation provides a unique model of variably penetrant Diamond-Blackfan anemia.
34492006,A scalable Drosophila assay for clinical interpretation of human PTEN variants in suppression of PI3K/AKT induced cellular proliferation.
34495967,Is impaired energy production a novel insight into the pathogenesis of pyridoxine-dependent epilepsy due to biallelic variants in ALDH7A1?
34502306,Renal and Extra Renal Manifestations in Adult Zebrafish Model of Cystinosis.
34516550,Deletion of lrrk2 causes early developmental abnormalities and age-dependent increase of monoamine catabolism in the zebrafish brain.
34516839,The integrated stress response contributes to tRNA synthetase-associated peripheral neuropathy.
34548404,The Clp1 R140H mutation alters tRNA metabolism and mRNA 3' processing in mouse models of pontocerebellar hypoplasia.
34556413,Development and characterization of a mouse model for Acad9 deficiency.
34583988,Defective myelination in an RNA polymerase III mutant leukodystrophic mouse.
34680273,Targeting the Redox Balance Pathway Using Ascorbic Acid in sdhb Zebrafish Mutant Larvae.
34718573,Distinct roles for the Charcot-Marie-Tooth disease-causing endosomal regulators Mtmr5 and Mtmr13 in axon radial sorting and Schwann cell myelination.
34831487,Differential Responses of Neural Retina Progenitor Populations to Chronic Hyperglycemia.
34851372,"Embryonic hyperglycemia perturbs the development of specific retinal cell types, including photoreceptors."
34882480,"PI(3,4)P2-mediated cytokinetic abscission prevents early senescence and cataract formation."
34901307,In vivo genome editing at the albumin locus to treat methylmalonic acidemia.
34906219,A cis-regulatory-directed pipeline for the identification of genes involved in cardiac development and disease.
34926465,Defect of LSS Disrupts Lens Development in Cataractogenesis.
34943802,Benefits and Toxicity of Disulfiram in Preclinical Models of Nephropathic Cystinosis.
35011691,Drosophila D-idua Reduction Mimics Mucopolysaccharidosis Type I Disease-Related Phenotypes.
35013307,Mutations in Hcfc1 and Ronin result in an inborn error of cobalamin metabolism and ribosomopathy.
35023829,Disruption of PIKFYVE causes congenital cataract in human and zebrafish.
35038358,Drosophila ZIP13 over-expression or transferrin1 RNAi influences the muscle degeneration of Pink1 RNAi by elevating iron levels in mitochondria.
35051613,NAD supplementation improves mitochondrial performance of cardiolipin mutants.
35132432,Mutations in Drosophila tRNA processing factors cause phenotypes similar to Pontocerebellar Hypoplasia.
35177605,A late-stage assembly checkpoint of the human mitochondrial ribosome large subunit.
35234901,De novo variants in EMC1 lead to neurodevelopmental delay and cerebellar degeneration and affect glial function in Drosophila.
35235340,SERAC1 is a component of the mitochondrial serine transporter complex required for the maintenance of mitochondrial DNA.
35235794,Modulation of the cell membrane lipid milieu by peroxisomal β-oxidation induces Rho1 signaling to trigger inflammatory responses.
35241734,Vision and sensorimotor defects associated with loss of Vps11 function in a zebrafish model of genetic leukoencephalopathy.
35274690,Recruitment of Peroxin 14 to lipid droplets affects lipid storage in Drosophila.
35313349,Ubiquitination at the lysine 27 residue of the Parkin ubiquitin-like domain is suggestive of a new mechanism of Parkin activation.
35372998,Deletion of Mocos Induces Xanthinuria with Obstructive Nephropathy and Major Metabolic Disorders in Mice.
35394837,Mutation of SLC7A14 causes auditory neuropathy and retinitis pigmentosa mediated by lysosomal dysfunction.
35421611,Hmgcs2-mediated ketogenesis modulates high-fat diet-induced hepatosteatosis.
35422047,CDP-ribitol prodrug treatment ameliorates ISPD-deficient muscular dystrophy mouse model.
35472723,β-Cell Succinate Dehydrogenase Deficiency Triggers Metabolic Dysfunction and Insulinopenic Diabetes.
35504872,Pantothenate kinase 2 interacts with PINK1 to regulate mitochondrial quality control via acetyl-CoA metabolism.
35527402,Novel mRNA therapy restores GALT protein and enzyme activity in a zebrafish model of classic galactosemia.
35563850,An Early Disturbance in Serotonergic Neurotransmission Contributes to the Onset of Parkinsonian Phenotypes in Drosophila melanogaster.
35656583,A clinically-relevant residue of POLR1D is required for Drosophila development.
35686059,Connectivity Mapping Using a Novel sv2a Loss-of-Function Zebrafish Epilepsy Model as a Powerful Strategy for Anti-epileptic Drug Discovery.
35700042,OMA1 mediates local and global stress responses against protein misfolding in CHCHD10 mitochondrial myopathy.
35740876,Genes Responsible for H2S Production and Metabolism Are Involved in Learning and Memory in Drosophila melanogaster.
35787469,Mitochondrial function and cellular energy maintenance during aging in a Drosophila melanogaster model of Parkinson disease.
35840638,Thiosulfate sulfurtransferase prevents hyperglycemic damage to the zebrafish pronephros in an experimental model for diabetes.
35844027,X-linked myotubular myopathy is associated with epigenetic alterations and is ameliorated by HDAC inhibition.
35867795,The ER protein Creld regulates ER-mitochondria contact dynamics and respiratory complex 1 activity.
35881484,"Dichloroacetate improves mitochondrial function, physiology, and morphology in FBXL4 disease models."
35998911,Aberrant RNA processing contributes to the pathogenesis of mitochondrial diseases in trans-mitochondrial mouse model carrying mitochondrial tRNALeu(UUR) with a pathogenic A2748G mutation.
36077341,A Mouse Model of Glycogen Storage Disease Type IX-Beta: A Role for Phkb in Glycogenolysis.
36096887,GCAF(TMEM251) regulates lysosome biogenesis by activating the mannose-6-phosphate pathway.
36107830,Stimulating the sir2-spargel axis rescues exercise capacity and mitochondrial respiration in a Drosophila model of Barth syndrome.
36170200,Prevention of ribosome collision-induced neuromuscular degeneration by SARS CoV-2-encoded Nsp1.
36189795,Increased core body temperature exacerbates defective protein prenylation in mouse models of mevalonate kinase deficiency.
36353515,Generation and characterization of a novel gne Knockout Model in Zebrafish.
36408801,Genetic therapy in a mitochondrial disease model suggests a critical role for liver dysfunction in mortality.
36428957,Statins Induce Locomotion and Muscular Phenotypes in Drosophila melanogaster That Are Reminiscent of Human Myopathy: Evidence for the Role of the Chloride Channel Inhibition in the Muscular Phenotypes.
36459505,LOF variants identifying candidate genes of laterality defects patients with congenital heart disease.
36494592,Caffeine improves mitochondrial function in PINK1B9-null mutant Drosophila melanogaster.
36502486,"Vitamin B5, a coenzyme A precursor, rescues TANGO2 deficiency disease-associated defects in Drosophila and human cells."
36587049,A Drosophila model of the neurological symptoms in Mpv17-related diseases.
36589738,A new model for fatty acid hydroxylase-associated neurodegeneration reveals mitochondrial and autophagy abnormalities.
36594281,Signaling through the dystrophin glycoprotein complex affects the stress-dependent transcriptome in Drosophila.
36613802,Gene Expression Analysis in gla-Mutant Zebrafish Reveals Enhanced Ca2+ Signaling Similar to Fabry Disease.
36695500,Increased cysteine metabolism in PINK1 models of Parkinson's disease.
36750369,Rapid and Chronic Ethanol Tolerance Are Composed of Distinct Memory-Like States in Drosophila.
36801290,Regulation and mechanism of Astragalus polysaccharide on ameliorating aging in Drosophila melanogaster.
36827861,FGF8 rescues motor deficits in zebrafish model of limb-girdle muscular dystrophy R18.
36835737,Functionally Validating Evolutionary Conserved Risk Genes for Parkinson's Disease in Drosophila melanogaster.
36880392,Successful treatment of severe MSUD in Bckdhb-/- mice with neonatal AAV gene therapy.
36949073,Blocking dPerk in the intestine suppresses neurodegeneration in a Drosophila model of Parkinson's disease.
37008782,Severe neurometabolic phenotype in npc1 -/- zebrafish with a C-terminal mutation.
37117744,Suppression of intestinal dysfunction in a Drosophila model of Parkinson's disease is neuroprotective.
37167860,Abnormal chondrocyte development in a zebrafish model of cblC syndrome restored by an MMACHC cobalamin binding mutant.
37302569,Rab11 rescues muscle degeneration and synaptic morphology in the park13/+ Parkinson model of Drosophila melanogaster.
37440574,Loss of STING in parkin mutant flies suppresses muscle defects and mitochondria damage.
37457002,An optimized temporally controlled Gal4 system in Drosophila reveals degeneration caused by adult-onset neuronal Vps13D knockdown.
37481943,Promotion of mitochondrial fragmentation suppresses the formation of mitochondrial spherical compartmentation in PINK1B9Drosophila melanogaster.
37490339,Loss of Mtm1 causes cholestatic liver disease in a model of X-linked myotubular myopathy.
37535686,FBXO7/ntc and USP30 antagonistically set the ubiquitination threshold for basal mitophagy and provide a target for Pink1 phosphorylation in vivo.
37626046,PINK1 and Parkin regulate IP3R-mediated ER calcium release.
37642681,"Generation and characterization of a knock-in mouse model for spastic tetraplegia, thin corpus callosum, and progressive microcephaly (SPATCCM)."
37644104,A G1528C Hadha knock-in mouse model recapitulates aspects of human clinical phenotypes for long-chain 3-hydroxyacyl-CoA dehydrogenase deficiency.
37653044,A defect in mitochondrial fatty acid synthesis impairs iron metabolism and causes elevated ceramide levels.
37670295,Proteomic analysis unveils Gb3-independent alterations and mitochondrial dysfunction in a gla-/- zebrafish model of Fabry disease.
37756350,A novel panel of Drosophila TAFAZZIN mutants in distinct genetic backgrounds as a resource for therapeutic testing.
37767851,Ap4s1 truncation leads to axonal defects in a zebrafish model of spastic paraplegia 52.
37810222,Drosophila Mpv17 forms an ion channel and regulates energy metabolism.
37862028,A Slc38a8 Mouse Model of FHONDA Syndrome Faithfully Recapitulates the Visual Deficits of Albinism Without Pigmentation Defects.
37931419,FUNDC1 collaborates with PINK1 in regulating mitochondrial Fission and compensating for PINK1 deficiency.
37962965,Impaired glycine neurotransmission causes adolescent idiopathic scoliosis.
37996701,Anomalous peroxidase activity of cytochrome c is the primary pathogenic target in Barth syndrome.
38031990,An EMC-Hpo-Yki axis maintains intestinal homeostasis under physiological and pathological conditions.
38092273,Inhibition of ferroptosis underlies EGCG mediated protection against Parkinson's disease in a Drosophila model.
38236772,Partial loss of MCU mitigates pathology in vivo across a diverse range of neurodegenerative disease models.
38238109,Drosophila melanogaster models of MPS IIIC (Hgsnat-deficiency) highlight the role of glia in disease presentation.
38238520,Activation of Ca2+ phosphatase Calcineurin regulates Parkin translocation to mitochondria and mitophagy in flies.
38272461,Removal of pomt1 in zebrafish leads to loss of α-dystroglycan glycosylation and dystroglycanopathy phenotypes.
38273330,Mitochondrial CISD1/Cisd accumulation blocks mitophagy and genetic or pharmacological inhibition rescues neurodegenerative phenotypes in Pink1/parkin models.
38282243,Astroglial conditional Slc13a3 knockout is therapeutic in murine Canavan leukodystrophy.
38344712,Oxidative Stress Contributes to Slit Diaphragm Defects Caused by Disruption of Endocytosis.
38388640,Stalled translation by mitochondrial stress upregulates a CNOT4-ZNF598 ribosomal quality control pathway important for tissue homeostasis.
38416643,Identifying potential dietary treatments for inherited metabolic disorders using Drosophila nutrigenomics.
38438357,Inactivation of cytidine triphosphate synthase 1 prevents fatal auto-immunity in mice.
38545650,MFSD12 depletion reduces cystine accumulation without improvement in proximal tubular function in experimental models for cystinosis.
38550987,The adaptor protein 2 (AP2) complex modulates habituation and behavioral selection across multiple pathways and time windows.
38566589,Neurodevelopmental defects in a mouse model of O-GlcNAc transferase intellectual disability.
38575153,Characterization of the zebrafish as a model of ATP-sensitive potassium channel hyperinsulinism.
38626530,DHCR7 links cholesterol synthesis with neuronal development and axonal integrity.
38627369,Mucopolysaccharidosis type II zebrafish model exhibits early impaired proteasomal-mediated degradation of the axon guidance receptor Dcc.
38637532,Cdk8/CDK19 promotes mitochondrial fission through Drp1 phosphorylation and can phenotypically suppress pink1 deficiency in Drosophila.
38700995,Metabolic and neurobehavioral disturbances induced by purine recycling deficiency in Drosophila.
38750879,Glial overexpression of Tspo extends lifespan and protects against frataxin deficiency in Drosophila.
38960603,Restoring galactose metabolism without restoring GALT rescues both compromised survival in larvae and an adult climbing deficit in a GALT-null D. Melanogaster model of classic galactosemia.
39069546,"Peroxisomal cholesterol metabolism regulates yap-signaling, which maintains intestinal epithelial barrier function and is altered in Crohn's disease."
39102941,Mitochondrial dysfunction and NDUFS3: Insights from a PINK1B9 Drosophila model in Parkinson's disease pathogenesis.
39127888,Effective knockdown-replace gene therapy in a novel mouse model of DNM1 developmental and epileptic encephalopathy.
39131911,"CHCHD2 P14L, found in amyotrophic lateral sclerosis, exhibits cytoplasmic mislocalization and alters Ca2+ homeostasis."
39159312,Iron-sulfur cluster loss in mitochondrial CISD1 mediates PINK1 loss-of-function phenotypes.
39161651,Usp14 down-regulation corrects sleep and circadian dysfunction of a Drosophila model of Parkinson's disease.
39177028,Drosophila model to clarify the pathological significance of OPA1 in autosomal dominant optic atrophy.
39260590,CHCHD10P80L knock-in zebrafish display a mild ALS-like phenotype.
39342484,Epg5 links proteotoxic stress due to defective autophagic clearance and epileptogenesis in Drosophila and Vici syndrome patients.
39385706,Glial peroxisome dysfunction induces axonal swelling and neuroinflammation in Drosophila.
39456191,EMC1 Is Required for the Sarcoplasmic Reticulum and Mitochondrial Functions in the Drosophila Muscle.
39499645,Molecular basis of neurodegeneration in a mouse model of Polr3-related disease.
39503232,Axon demyelination and degeneration in a zebrafish spastizin model of hereditary spastic paraplegia.
39580550,Conserved glucokinase regulation in zebrafish confirms therapeutic utility for pharmacologic modulation in diabetes.
39642091,Loss of carbohydrate sulfotransferase 6 function leads to macular corneal dystrophy phenotypes and skeletal defects in zebrafish.
39673800,Spatial regulation of NSUN2-mediated tRNA m5C installation in cognitive function.
39680672,Age- and oxidative stress-induced centrosome amplification and renal stones in Drosophila Malpighian tubules.
39727068,Valine Restriction Extends Survival in a Drosophila Model of Short-Chain Enoyl-CoA Hydratase 1 (ECHS1) Deficiency.
39737777,A Drosophila model of mucopolysaccharidosis IIIB.
39753095,Dapagliflozin ameliorates Lafora disease phenotype in a zebrafish model.
39778749,Modeling sacsin depletion in Danio Rerio offers new insight on retinal defects in ARSACS.
39791756,Trehalose Ameliorates Zebrafish Emotional and Social Deficits Caused by CLN8 Dysfunction.
39940747,Endoplasmic Reticulum Proteins Impact Penetrance in a Pink1-Mutant Drosophila Model.
40054062,RPS24 haploinsufficiency impairs erythropoiesis in the Diamond-Blackfan anemia zebrafish model via the STAT6-SATB1 pathway.
40202868,Novel in vivo models of autosomal optic atrophy reveal conserved pathological changes in neuronal mitochondrial structure and function.
40229443,Mipep deficiency in adipocytes impairs mitochondrial protein maturation and leads to systemic inflammation and metabolic dysfunctions.
40277233,A mouse model of GRIN2D developmental and epileptic encephalopathy recapitulates the human disease.
40470739,Impaired Proteostasis is Linked to Neurological Pathology in a Zebrafish NGLY1 Deficiency Model.
40825043,RAB23 loss-of-function mutation causes context-dependent ciliopathy in Carpenter syndrome.
40836090,A missing enzyme-rescue metabolite as cause of a rare skeletal dysplasia.
